CO_ID;DATA;CL_ID;CL_GENERO;CL_EC;CL_FHL;CL_SEG;QTD_ITENS_DISTINTOS;QTD_UNIDADES;QTD_CATEGORIAS_DISTINTAS
1000;2019-02-01;534;M;4;1;C;46;52;4
1040;2019-02-01;279;M;1;2;B;15;15;5
1078;2019-02-01;290;F;1;0;B;63;82;7
1082;2019-02-01;323;M;1;3;B;62;71;5
1103;2019-02-01;957;M;2;3;B;6;6;3
1121;2019-02-01;49;M;2;0;C;54;64;6
1188;2019-02-01;906;M;2;0;A;67;78;6
1200;2019-02-01;653;M;2;0;C;70;81;6
1240;2019-02-01;842;M;5;2;B;33;37;5
1293;2019-02-01;616;F;1;2;C;8;8;4
1298;2019-02-01;406;M;2;4;C;6;6;4
1375;2019-02-01;576;M;3;0;B;36;39;5
1433;2019-02-01;652;F;4;0;B;60;72;6
1482;2019-02-01;453;F;1;0;B;49;54;7
1568;2019-02-01;829;F;3;4;B;36;37;4
1569;2019-02-01;251;F;2;0;C;15;15;5
1637;2019-02-01;397;F;1;0;B;65;75;5
1683;2019-02-01;438;F;1;0;B;76;85;7
1768;2019-02-01;69;M;4;3;A;12;12;4
1793;2019-02-01;608;F;3;0;C;31;33;6
1850;2019-02-01;423;F;5;2;A;64;73;6
1874;2019-02-01;53;M;1;1;B;61;70;6
1943;2019-02-01;886;F;5;1;B;12;12;2
1954;2019-02-01;624;M;4;0;B;7;7;3
1985;2019-02-01;94;M;1;2;C;1;1;1
2058;2019-02-01;428;F;2;0;A;39;41;5
2112;2019-02-01;72;F;2;0;A;6;6;2
2151;2019-02-01;493;M;2;4;B;66;81;6
2224;2019-02-01;497;M;3;0;B;74;89;7
2311;2019-02-01;164;M;2;3;A;34;39;7
2327;2019-02-01;689;M;2;0;C;74;85;6
2338;2019-02-01;99;F;1;4;C;32;33;5
2358;2019-02-01;866;M;2;2;C;19;20;4
2390;2019-02-01;801;M;1;4;B;6;6;2
2424;2019-02-01;279;M;1;2;B;40;44;5
2522;2019-02-01;340;M;3;4;B;31;33;6
2599;2019-02-01;52;F;1;0;A;21;21;5
2668;2019-02-01;574;F;2;2;B;29;34;6
2757;2019-02-01;328;M;2;0;B;21;21;5
2830;2019-02-01;466;F;1;0;C;26;30;5
2880;2019-02-01;296;F;1;3;B;50;55;6
2950;2019-02-01;149;M;1;3;A;25;25;5
2995;2019-02-01;406;M;2;4;C;58;71;6
3076;2019-02-01;458;F;3;4;C;65;71;7
3157;2019-02-01;776;F;2;0;B;45;48;5
3220;2019-02-01;746;M;3;0;C;69;81;5
3305;2019-02-01;45;M;2;0;A;33;36;5
3395;2019-02-01;798;M;5;2;B;38;42;6
3444;2019-02-01;709;F;3;0;B;63;78;7
3461;2019-02-01;796;M;2;3;B;76;89;6
3523;2019-02-01;878;F;4;3;C;15;15;5
3561;2019-02-01;888;F;4;2;B;33;37;6
3634;2019-02-01;246;M;2;2;B;49;53;5
3689;2019-02-01;433;M;3;3;B;50;54;6
3763;2019-02-01;433;M;3;3;B;60;67;6
3855;2019-02-01;545;M;2;2;B;28;32;4
3949;2019-02-01;943;F;1;0;C;7;7;5
3950;2019-02-01;429;M;4;0;C;23;23;5
3970;2019-02-01;56;F;2;3;B;31;36;5
4009;2019-02-01;922;M;1;0;B;23;23;7
4017;2019-02-01;305;F;4;0;B;68;83;6
4064;2019-02-01;453;F;1;0;B;28;31;6
4113;2019-02-01;236;M;2;2;C;10;11;3
4153;2019-02-01;193;F;4;0;B;49;51;7
4246;2019-02-01;927;M;1;1;C;17;17;4
4251;2019-02-01;594;F;3;1;C;41;44;4
4307;2019-02-01;333;F;2;0;C;35;38;5
4382;2019-02-01;199;M;3;3;B;2;2;1
4459;2019-02-01;973;F;4;0;B;50;56;6
4521;2019-02-01;686;F;3;2;A;24;24;4
4578;2019-02-01;523;M;3;0;B;42;48;6
4581;2019-02-01;406;M;2;4;C;48;57;6
4680;2019-02-01;225;M;4;0;C;59;67;5
4755;2019-09-01;82;F;1;1;C;44;54;7
4823;2019-09-01;362;F;3;0;B;41;44;6
4906;2019-09-01;394;M;1;0;B;20;22;6
5000;2019-09-01;243;F;1;4;C;26;27;5
5038;2019-09-01;652;F;4;0;B;60;73;5
5082;2019-09-01;160;F;3;4;B;77;88;6
5151;2019-09-01;79;F;2;0;C;57;68;5
5165;2019-09-01;151;F;1;0;B;68;80;5
5198;2019-09-01;933;M;2;2;B;3;3;2
5279;2019-09-01;6;F;2;0;B;6;6;3
5305;2019-09-01;322;M;2;0;B;69;79;7
5329;2019-09-01;663;F;4;0;B;15;15;4
5407;2019-09-01;459;F;3;2;B;53;56;6
5506;2019-09-01;761;F;1;4;B;37;41;4
5524;2019-09-01;384;F;3;2;C;63;70;5
5578;2019-09-01;707;M;4;0;B;26;28;6
5583;2019-09-01;954;F;4;2;B;9;9;3
5678;2019-09-01;227;F;3;0;C;71;85;5
5693;2019-09-01;458;F;3;4;C;30;33;4
5773;2019-09-01;804;F;4;3;B;52;59;4
5872;2019-09-01;462;F;4;0;A;32;33;5
5959;2019-09-01;283;M;4;1;B;53;64;5
5998;2019-09-01;25;M;4;1;C;42;45;6
6061;2019-09-01;842;M;5;2;B;28;33;5
6085;2019-09-01;348;F;3;0;A;13;13;3
6142;2019-09-01;757;F;4;3;C;52;61;6
6166;2019-09-01;44;F;4;0;C;1;1;1
6176;2019-09-01;332;F;3;4;C;63;72;6
6243;2019-09-01;38;M;3;0;B;65;79;5
6268;2019-09-01;257;M;1;4;C;8;8;4
6303;2019-09-01;886;F;5;1;B;51;62;6
6336;2019-09-01;4;M;4;0;B;50;56;5
6428;2019-09-01;865;F;1;0;B;36;37;6
6497;2019-09-01;982;M;4;3;B;20;21;5
6531;2019-09-01;516;M;1;0;C;59;69;6
6623;2019-09-01;443;F;4;0;C;33;35;4
6669;2019-09-01;996;F;1;4;B;52;60;5
6740;2019-09-01;847;M;4;2;A;46;51;5
6800;2019-09-01;408;F;4;0;B;4;5;3
6805;2019-09-01;369;F;3;4;C;66;77;7
6813;2019-09-01;502;M;4;0;C;56;64;7
6879;2019-09-01;163;F;3;0;A;60;70;6
6883;2019-09-01;171;F;3;1;B;65;74;6
6912;2019-09-01;597;M;3;0;C;72;82;6
6922;2019-09-01;289;F;3;4;C;17;18;5
6975;2019-09-01;521;F;1;0;A;67;76;6
7042;2019-09-01;770;M;2;3;B;37;40;5
7118;2019-09-01;42;M;2;2;B;20;22;4
7158;2019-09-01;517;F;3;1;B;48;54;5
7164;2019-09-01;628;M;3;0;B;20;21;4
7243;2019-09-01;59;M;2;0;A;40;47;7
7286;2019-09-01;418;M;2;2;A;59;65;5
7329;2019-09-01;113;F;3;0;B;57;73;4
7361;2019-09-01;756;F;1;4;B;55;65;7
7378;2019-09-01;933;M;2;2;B;27;29;4
7380;2019-09-01;506;F;4;3;B;18;18;4
7410;2019-09-01;991;F;2;2;C;31;38;6
7419;2019-09-01;773;M;4;0;B;63;80;7
7439;2019-09-01;525;M;1;4;B;66;81;6
7481;2019-09-01;52;F;1;0;A;68;88;6
7563;2019-09-01;174;M;4;3;C;66;81;6
7599;2019-09-01;498;M;3;2;B;37;38;6
7634;2019-09-01;921;M;2;3;B;68;84;6
7711;2019-09-01;916;F;3;4;C;13;16;4
7784;2019-09-01;96;F;1;1;C;45;51;6
7865;2019-09-01;957;M;2;3;B;41;44;6
7882;2019-09-01;110;M;3;0;C;68;85;6
7894;2019-09-01;740;F;1;4;C;11;11;4
7915;2019-09-01;780;M;3;2;B;68;87;5
7928;2019-09-01;350;F;5;1;B;68;78;6
8004;2019-09-01;768;F;4;0;B;10;11;5
8022;2019-09-01;892;F;4;2;B;77;89;6
8120;2019-09-01;75;M;1;0;B;27;31;5
8218;2019-09-01;880;M;3;2;B;15;15;4
8250;2019-09-01;583;F;2;0;B;44;49;5
8291;2019-09-01;580;M;3;0;B;7;7;2
8330;2019-09-01;539;M;2;0;C;47;53;6
8333;2019-09-01;560;M;2;0;B;18;18;5
8410;2019-09-01;645;F;4;0;B;70;86;7
8476;2019-09-01;978;F;3;0;C;34;36;7
8562;2019-09-01;831;F;4;2;B;76;87;7
8613;2019-09-01;830;F;5;1;B;61;70;6
8701;2019-09-01;651;F;2;0;B;35;40;6
8799;2019-09-01;583;F;2;0;B;22;22;5
8878;2019-01-13;814;M;4;0;B;57;68;5
8974;2019-01-13;815;F;2;4;B;15;15;4
9064;2019-01-13;301;F;3;0;C;71;85;5
9158;2019-01-13;122;M;3;3;B;11;11;4
9215;2019-01-13;750;M;2;2;C;48;58;5
9248;2019-01-13;802;M;1;1;B;15;15;5
9329;2019-01-13;351;F;2;2;B;13;13;4
9352;2019-01-13;304;F;2;3;B;54;64;6
9368;2019-01-13;847;M;4;2;A;68;83;6
9456;2019-01-13;143;F;1;4;B;67;82;6
9545;2019-01-13;433;M;3;3;B;27;28;7
9560;2019-01-13;935;F;2;0;B;10;10;4
9607;2019-01-13;512;M;4;0;B;36;39;4
9696;2019-01-13;552;M;4;0;B;37;40;5
9755;2019-01-13;759;F;3;0;B;25;26;5
9826;2019-01-13;487;F;3;0;C;1;1;1
9862;2019-01-13;691;M;4;0;B;20;21;5
9939;2019-01-13;828;F;2;4;B;11;11;3
10008;2019-01-13;425;F;3;0;B;52;63;6
10051;2019-01-13;659;F;2;2;B;20;24;6
10056;2019-01-13;17;M;4;0;B;62;75;6
10106;2019-01-13;464;M;2;2;B;2;2;2
10126;2019-01-13;742;M;1;1;C;22;24;5
10139;2019-01-13;884;F;3;2;C;69;75;6
10192;2019-01-13;325;M;1;3;B;35;38;7
10254;2019-01-13;83;M;1;4;B;69;85;6
10263;2019-01-13;391;F;2;0;A;33;38;5
10326;2019-01-13;785;M;1;4;C;33;35;6
10421;2019-01-13;812;F;2;0;A;50;60;7
10453;2019-01-13;398;F;4;1;B;53;62;5
10483;2019-01-13;206;F;3;1;C;21;22;4
10541;2019-01-13;491;M;2;1;A;65;82;6
10595;2019-01-13;463;M;3;3;B;33;35;5
10670;2019-01-13;246;M;2;2;B;15;15;5
10722;2019-01-13;510;F;4;0;B;64;70;6
10776;2019-01-19;537;F;1;4;B;24;25;6
10807;2019-01-19;898;F;4;0;C;13;13;4
10808;2019-01-19;425;F;3;0;B;55;65;6
10869;2019-01-19;482;M;4;2;B;16;16;5
10900;2019-01-19;527;F;4;1;B;43;44;4
10944;2019-01-19;5;F;4;3;C;19;20;4
10954;2019-01-19;34;M;2;0;C;58;65;6
11035;2019-01-19;971;F;1;2;A;66;73;6
11095;2019-01-19;571;F;2;0;B;64;82;6
11100;2019-01-19;460;F;1;3;B;61;68;7
11112;2019-01-23;551;M;1;0;C;72;86;6
11181;2019-01-23;717;F;3;0;B;6;6;3
11195;2019-01-23;926;M;1;0;B;65;88;6
11270;2019-01-23;951;M;2;0;B;27;29;5
11272;2019-01-23;626;M;3;1;C;66;80;6
11279;2019-01-23;914;M;2;4;B;46;49;6
11288;2019-01-23;735;F;4;0;B;56;66;6
11376;2019-01-23;166;F;1;0;B;53;59;5
11454;2019-01-23;883;M;1;0;B;49;53;6
11508;2019-01-23;710;F;3;1;C;29;29;5
11607;2019-01-23;337;M;3;0;B;44;44;5
11626;2019-01-23;897;M;2;1;C;37;41;4
11679;2019-01-23;387;M;2;2;B;13;13;3
11740;2019-01-23;768;F;4;0;B;13;13;5
11792;2019-01-23;245;F;4;3;B;13;14;4
11800;2019-01-23;421;M;3;3;C;1;1;1
11843;2019-01-23;938;M;1;4;B;71;86;5
11923;2019-01-23;115;M;4;0;B;21;21;5
11982;2019-01-23;42;M;2;2;B;4;4;3
11983;2019-01-23;750;M;2;2;C;30;34;5
12044;2019-01-23;110;M;3;0;C;19;20;5
12110;2019-01-23;589;F;3;2;C;17;17;3
12159;2019-01-23;10;M;1;0;B;37;40;4
12251;2019-01-29;15;M;2;1;C;60;70;5
12295;2019-01-29;472;M;2;1;C;6;6;3
12344;2019-01-29;969;M;1;3;B;62;70;7
12414;2019-01-29;243;F;1;4;C;54;64;6
12457;2019-01-29;842;M;5;2;B;63;75;5
12550;2019-01-29;39;M;2;0;C;77;88;6
12580;2019-01-29;359;F;1;0;B;29;35;5
12649;2019-01-29;536;M;4;0;B;48;58;6
12655;2019-01-29;570;F;4;1;C;48;52;5
12717;2019-01-29;766;F;1;0;B;10;10;3
12748;2019-01-29;790;F;3;0;B;17;19;5
12754;2019-01-29;987;F;1;0;B;56;65;5
12783;2019-01-29;684;F;3;0;C;54;63;5
12870;2019-01-29;625;F;4;0;C;67;84;7
12887;2019-01-29;408;F;4;0;B;33;34;5
12913;2019-01-29;192;F;4;0;B;63;71;6
12930;2019-01-29;630;M;1;2;C;46;54;5
13002;2019-01-29;799;M;4;3;C;45;48;6
13037;2019-01-29;751;F;2;0;B;74;88;6
13068;2019-01-29;396;F;1;0;B;3;3;2
13112;2019-01-29;57;M;2;0;B;57;71;5
13197;2019-01-29;71;F;3;1;B;11;11;4
13266;2019-01-29;396;F;1;0;B;75;86;7
13284;2019-01-29;310;M;4;3;C;24;27;4
13350;2019-01-29;171;F;3;1;B;52;58;6
13414;2019-01-29;279;M;1;2;B;31;33;5
13444;2019-01-29;20;M;4;0;B;23;24;4
13455;2019-01-29;82;F;1;1;C;70;81;6
13460;2019-01-29;303;M;3;4;B;29;32;6
13476;2019-01-29;629;M;3;0;C;44;46;5
13555;2019-01-29;828;F;2;4;B;57;66;6
13638;2019-01-29;455;F;2;0;C;33;35;6
13695;2019-01-29;447;M;2;0;B;48;55;6
13721;2019-01-29;603;M;3;0;B;47;55;6
13773;2019-01-29;734;F;4;2;B;47;58;6
13788;2019-01-29;971;F;1;2;A;44;48;5
13836;2019-01-29;872;M;3;4;A;12;13;3
13868;2019-01-29;908;M;3;2;C;36;38;7
13935;2019-01-29;960;F;4;2;B;44;48;4
13992;2019-01-29;533;F;4;0;A;11;12;4
14046;2019-01-29;869;F;3;0;B;32;37;4
14063;2019-01-29;524;F;4;3;C;31;34;4
14076;2019-01-29;157;M;1;1;C;14;14;2
14094;2019-01-29;251;F;2;0;C;21;24;5
14158;2019-01-29;476;M;3;0;C;26;27;4
14249;2019-01-29;975;F;3;0;B;19;20;4
14347;2019-01-29;577;M;4;0;C;6;6;2
14418;2019-01-29;753;F;1;3;C;35;37;6
14421;2019-01-29;335;F;3;0;C;46;55;6
14422;2019-01-29;752;M;3;0;C;30;32;5
14448;2019-01-29;457;M;3;0;C;12;15;3
14486;2019-01-29;567;F;1;0;C;48;51;5
14497;2019-01-29;392;M;2;2;C;35;38;6
14518;2019-01-29;901;F;4;1;B;67;81;7
14597;2019-01-29;427;M;3;0;B;60;70;6
14605;2019-01-29;389;F;3;0;C;8;8;3
14644;2019-01-29;810;M;1;0;B;25;27;4
14704;2019-01-29;187;M;2;1;B;43;47;5
14741;2019-01-29;10;M;1;0;B;25;26;4
14816;2019-01-29;792;F;2;0;B;9;9;4
14822;2019-01-29;657;M;2;3;B;71;85;5
14876;2019-01-29;488;M;3;2;B;9;9;3
14940;2019-01-29;871;F;1;3;C;52;58;6
15013;2019-01-29;448;F;2;0;A;45;49;6
15106;2019-01-29;61;M;1;2;B;26;28;5
15130;2019-01-29;675;M;4;0;B;38;41;5
15174;2019-01-29;965;M;3;0;B;48;57;6
15197;2019-01-29;742;M;1;1;C;50;56;6
15227;2019-01-29;976;M;4;2;B;14;14;4
15229;2019-01-29;299;F;3;1;C;77;88;7
15319;2019-01-29;368;M;4;0;C;9;9;3
15410;2019-01-29;121;F;1;2;B;24;25;6
15412;2019-01-29;129;M;2;0;A;6;6;3
15481;2019-01-29;956;M;5;1;C;52;57;6
15526;2019-01-29;565;F;1;2;B;69;84;5
15606;2019-01-29;300;F;1;3;C;56;64;5
15625;2019-01-29;884;F;3;2;C;70;88;6
15628;2019-01-29;237;F;4;3;C;39;40;4
15703;2019-01-29;994;M;4;0;C;49;57;6
15772;2019-01-29;87;M;3;2;A;33;34;4
15869;2019-05-02;275;M;4;0;B;44;49;5
15909;2019-05-02;444;F;2;0;B;37;41;6
15951;2019-05-02;475;F;4;3;B;59;73;7
16049;2019-05-02;267;F;4;2;B;54;68;6
16128;2019-05-02;222;F;4;0;B;29;30;6
16221;2019-05-02;468;M;3;1;C;36;46;5
16295;2019-05-02;934;F;2;2;B;42;50;6
16366;2019-05-02;591;M;4;1;B;51;58;4
16381;2019-05-02;60;F;2;3;B;30;32;6
16441;2019-05-02;855;M;4;1;C;2;2;2
16469;2019-05-02;980;F;1;0;B;11;12;3
16559;2019-05-02;188;M;2;2;B;44;46;7
16577;2019-05-02;715;F;3;4;B;47;58;7
16605;2019-05-02;493;M;2;4;B;52;67;6
16636;2019-05-02;522;M;1;2;A;15;15;3
16703;2019-05-02;473;F;4;3;B;59;72;5
16707;2019-05-02;499;M;3;0;B;19;19;3
16753;2019-05-02;686;F;3;2;A;52;56;6
16766;2019-05-02;626;M;3;1;C;43;49;6
16847;2019-05-02;383;M;1;3;C;7;7;2
16912;2019-05-02;200;F;3;0;B;59;67;6
17001;2019-05-02;724;M;1;0;B;30;30;5
17072;2019-05-02;315;F;3;0;B;48;54;4
17107;2019-05-02;830;F;5;1;B;55;60;5
17201;2019-05-02;523;M;3;0;B;60;68;5
17268;2019-05-02;766;F;1;0;B;8;8;4
17356;2019-05-02;433;M;3;3;B;79;86;6
17368;2019-05-02;614;F;4;1;B;14;16;5
17453;2019-05-02;495;F;2;3;A;50;55;5
17503;2019-05-02;820;M;1;4;B;38;44;5
17565;2019-05-02;539;M;2;0;C;67;80;6
17659;2019-05-02;721;M;3;2;C;14;15;5
17686;2019-05-02;61;M;1;2;B;32;32;5
17689;2019-05-02;908;M;3;2;C;44;49;4
17710;2019-05-02;70;F;4;0;B;17;18;3
17756;2019-05-02;512;M;4;0;B;55;61;5
17841;2019-05-02;709;F;3;0;B;66;82;6
17850;2019-05-02;795;F;4;2;B;3;3;1
17920;2019-05-02;161;M;5;2;B;16;17;5
17936;2019-05-02;634;F;2;0;C;41;43;4
17982;2019-05-02;270;F;3;1;B;28;30;4
18056;2019-05-02;769;F;3;3;C;36;39;4
18076;2019-05-02;140;F;1;0;C;62;72;6
18125;2019-05-02;589;F;3;2;C;3;3;2
18178;2019-05-02;353;M;1;2;B;72;87;6
18236;2019-05-02;337;M;3;0;B;57;64;5
18242;2019-05-02;408;F;4;0;B;25;25;5
18269;2019-05-02;79;F;2;0;C;9;10;4
18272;2019-05-02;338;M;2;0;B;34;38;5
18370;2019-05-02;872;M;3;4;A;25;28;3
18424;2019-05-02;863;F;1;4;B;11;11;3
18498;2019-05-02;844;F;5;1;A;62;70;5
18541;2019-05-02;755;M;3;4;B;33;33;6
18552;2019-05-02;964;M;2;0;B;25;27;4
18623;2019-05-02;550;M;4;0;B;14;14;3
18645;2019-05-02;753;F;1;3;C;64;75;6
18687;2019-05-02;825;M;1;2;C;68;84;5
18720;2019-05-02;658;F;1;1;B;34;36;7
18800;2019-05-02;655;M;2;0;B;72;81;7
18878;2019-05-02;981;F;4;1;C;31;34;7
18914;2019-05-02;573;F;1;0;C;40;50;5
18954;2019-05-02;469;M;4;2;C;5;6;2
19035;2019-05-02;559;F;3;1;A;43;46;5
19078;2019-05-02;598;F;4;0;B;15;15;5
19084;2019-05-02;922;M;1;0;B;13;15;5
19100;2019-05-02;218;M;4;0;B;10;10;3
19197;2019-05-02;15;M;2;1;C;31;34;5
19274;2019-05-02;937;M;3;4;C;68;78;6
19365;2019-05-02;145;M;3;0;B;44;51;6
19382;2019-05-02;819;M;4;0;B;46;50;6
19422;2019-05-02;548;F;4;0;C;30;33;6
19511;2019-05-02;479;F;1;0;B;42;48;5
19561;2019-05-02;777;F;1;0;B;47;51;5
19581;2019-05-02;179;F;2;0;B;23;27;5
19677;2019-05-02;737;F;2;1;C;68;81;6
19735;2019-05-02;561;M;2;0;B;51;62;6
19823;2019-05-02;618;M;4;3;B;44;45;6
19846;2019-05-02;317;M;3;0;B;23;23;4
19904;2019-05-02;978;F;3;0;C;23;23;6
19935;2019-05-02;563;M;3;0;B;23;25;4
19949;2019-05-02;696;M;2;0;B;65;72;6
19977;2019-05-02;453;F;1;0;B;64;71;6
20047;2019-05-02;669;F;4;0;B;25;26;5
20057;2019-05-02;242;F;4;0;B;43;48;5
20139;2019-05-02;814;M;4;0;B;28;29;6
20173;2019-05-02;306;F;3;0;B;55;65;6
20255;2019-05-02;625;F;4;0;C;59;66;7
20281;2019-05-02;469;M;4;2;C;32;37;5
20328;2019-05-02;636;M;2;2;B;75;88;6
20388;2019-05-02;961;F;1;0;C;16;18;4
20479;2019-05-02;43;M;2;0;B;48;53;5
20550;2019-05-02;319;M;1;4;B;21;23;4
20646;2019-06-02;74;M;3;0;C;25;26;4
20709;2019-06-02;207;F;3;0;B;62;75;6
20774;2019-06-02;3;F;4;0;B;64;71;7
20809;2019-06-02;614;F;4;1;B;36;36;5
20891;2019-06-02;117;M;2;3;B;67;86;6
20938;2019-06-02;498;M;3;2;B;6;6;2
20997;2019-06-02;588;F;1;4;C;62;74;6
21023;2019-06-02;532;F;2;3;B;9;9;3
21063;2019-06-02;739;F;2;3;B;35;35;5
21095;2019-06-02;326;F;1;0;B;75;86;6
21160;2019-06-02;791;F;1;0;B;50;53;5
21166;2019-06-02;180;M;3;4;B;7;7;2
21244;2019-06-02;594;F;3;1;C;20;23;4
21282;2019-06-02;308;M;4;0;B;55;60;6
21290;2019-06-02;673;F;5;1;B;25;26;4
21292;2019-06-02;390;F;2;0;B;20;21;6
21365;2019-06-02;338;M;2;0;B;43;49;5
21442;2019-06-02;25;M;4;1;C;29;31;5
21499;2019-06-02;396;F;1;0;B;41;46;5
21565;2019-06-02;540;F;2;0;C;38;47;6
21606;2019-06-02;111;M;2;4;C;42;47;6
21619;2019-06-02;117;M;2;3;B;13;13;4
21682;2019-06-02;641;F;4;0;C;38;39;5
21757;2019-06-02;389;F;3;0;C;47;51;6
21845;2019-06-02;985;M;1;0;B;16;16;4
21904;2019-06-02;176;F;2;0;B;15;15;5
21993;2019-06-02;316;F;3;2;B;21;21;5
22022;2019-06-02;208;M;3;0;B;64;76;6
22046;2019-06-02;649;F;3;0;B;55;69;5
22119;2019-06-02;349;M;3;0;B;52;56;6
22180;2019-06-02;9;F;2;0;B;61;70;5
22227;2019-06-02;402;M;2;0;C;66;77;5
22298;2019-06-02;664;M;3;1;B;7;7;3
22319;2019-06-02;354;F;2;0;B;10;10;4
22353;2019-06-02;834;M;3;3;B;20;21;4
22402;2019-06-02;76;M;3;0;A;71;84;6
22441;2019-06-02;819;M;4;0;B;38;39;5
22500;2019-06-02;741;M;3;0;B;60;66;5
22543;2019-06-02;371;F;4;0;B;46;55;6
22553;2019-06-02;18;M;4;0;C;63;73;5
22613;2019-06-02;18;M;4;0;C;6;6;4
22709;2019-06-02;442;F;3;2;B;34;34;5
22744;2019-06-02;650;F;2;0;C;68;79;6
22810;2019-06-02;579;F;3;0;B;9;9;5
22895;2019-06-02;238;M;2;1;B;20;23;6
22933;2019-06-02;683;F;3;0;B;68;81;7
22935;2019-06-02;322;M;2;0;B;44;56;6
23010;2019-06-02;652;F;4;0;B;63;70;7
23037;2019-06-02;521;F;1;0;A;37;41;6
23116;2019-06-02;434;M;1;4;B;74;86;7
23145;2019-06-02;695;M;2;0;A;49;54;6
23190;2019-06-02;95;M;1;0;B;55;61;6
23194;2019-06-02;416;M;3;2;C;40;47;5
23230;2019-06-02;108;M;1;0;B;8;8;4
23309;2019-06-02;248;M;3;0;C;11;11;4
23339;2019-06-02;12;M;1;1;A;66;82;5
23359;2019-06-02;476;M;3;0;C;55;65;5
23449;2019-06-02;599;F;1;4;C;62;76;6
23475;2019-06-02;464;M;2;2;B;5;5;1
23490;2019-06-02;596;M;2;0;B;56;64;7
23555;2019-06-02;828;F;2;4;B;64;75;6
23633;2019-06-02;625;F;4;0;C;22;25;5
23653;2019-06-02;35;M;3;0;B;62;75;6
23683;2019-06-02;270;F;3;1;B;71;84;7
23722;2019-06-02;952;F;3;4;C;42;50;5
23747;2019-06-02;537;F;1;4;B;41;46;5
23757;2019-06-02;656;M;2;0;C;30;34;4
23798;2019-06-02;841;M;1;0;B;10;10;3
23812;2019-06-02;488;M;3;2;B;7;7;4
23876;2019-06-02;654;M;1;1;B;16;17;3
23907;2019-06-02;609;F;4;0;C;56;64;6
23981;2019-06-02;552;M;4;0;B;17;20;6
24076;2019-06-02;620;M;2;0;B;37;43;7
24173;2019-06-02;605;M;4;2;B;16;17;6
24182;2019-06-02;552;M;4;0;B;58;69;5
24193;2019-09-02;42;M;2;2;B;5;5;3
24246;2019-09-02;484;M;3;2;C;27;27;5
24338;2019-09-02;955;F;3;2;C;65;74;6
24365;2019-09-02;747;M;1;0;B;15;17;3
24412;2019-09-02;639;M;2;0;C;25;25;4
24469;2019-09-02;310;M;4;3;C;8;8;3
24507;2019-09-02;440;F;4;0;C;29;30;5
24553;2019-09-02;633;F;3;0;C;69;82;5
24586;2019-09-02;4;M;4;0;B;60;70;7
24681;2019-09-02;315;F;3;0;B;59;62;6
24713;2019-09-02;706;F;2;0;A;25;27;4
24749;2019-09-02;822;M;2;3;B;8;8;2
24811;2019-09-02;257;M;1;4;C;19;20;4
24902;2019-09-02;937;M;3;4;C;45;50;6
24961;2019-09-02;283;M;4;1;B;9;9;3
25024;2019-09-02;402;M;2;0;C;60;63;6
25101;2019-09-02;943;F;1;0;C;62;77;6
25134;2019-09-02;152;F;3;1;C;50;55;6
25172;2019-09-02;153;M;4;1;B;22;24;4
25177;2019-09-02;7;M;1;3;B;34;38;5
25254;2019-09-02;511;F;1;0;B;60;70;6
25279;2019-09-02;56;F;2;3;B;37;40;6
25292;2019-09-02;484;M;3;2;C;7;7;3
25327;2019-09-02;769;F;3;3;C;34;38;5
25359;2019-09-02;189;F;3;4;C;69;78;6
25361;2019-09-02;562;F;3;0;B;62;70;5
25388;2019-09-02;631;M;1;4;C;25;26;5
25464;2019-09-02;102;F;1;2;C;54;66;6
25495;2019-09-02;581;F;4;2;C;29;31;6
25548;2019-09-02;598;F;4;0;B;35;38;5
25567;2019-09-02;532;F;2;3;B;27;30;5
25607;2019-09-02;602;M;3;0;B;12;13;4
25698;2019-02-14;296;F;1;3;B;19;19;4
25735;2019-02-14;49;M;2;0;C;25;27;4
25804;2019-02-14;606;M;1;0;B;69;79;7
25871;2019-02-14;295;F;1;3;B;8;8;4
25886;2019-02-14;434;M;1;4;B;43;48;5
25887;2019-02-14;729;M;3;0;B;28;28;6
25919;2019-02-14;518;F;1;0;B;7;7;3
25935;2019-02-14;976;M;4;2;B;70;86;6
26026;2019-02-14;255;M;4;0;B;15;15;3
26028;2019-02-14;441;M;4;2;B;23;23;4
26080;2019-02-14;678;F;3;0;C;68;77;7
26122;2019-02-14;236;M;2;2;C;32;37;6
26150;2019-02-14;643;F;4;0;C;63;71;6
26184;2019-02-14;586;F;4;2;B;20;21;3
26258;2019-02-14;975;F;3;0;B;56;69;7
26318;2019-02-14;768;F;4;0;B;57;66;7
26414;2019-02-14;253;F;4;1;B;55;63;5
26484;2019-02-14;500;M;3;2;C;19;19;5
26562;2019-02-14;864;F;1;3;B;21;21;5
26565;2019-02-14;32;F;1;0;B;42;46;3
26594;2019-02-14;747;M;1;0;B;6;7;2
26680;2019-02-14;25;M;4;1;C;59;73;6
26765;2019-02-14;275;M;4;0;B;16;17;3
26840;2019-02-14;239;M;4;2;C;47;54;4
26918;2019-02-14;412;M;2;0;B;55;61;5
26927;2019-02-14;414;F;1;0;B;73;85;6
26931;2019-02-14;739;F;2;3;B;71;88;6
27006;2019-02-14;463;M;3;3;B;74;89;5
27047;2019-02-14;754;F;3;4;B;5;5;3
27064;2019-02-14;697;M;3;0;C;9;9;5
27105;2019-02-14;950;M;3;0;C;13;13;5
27133;2019-02-14;235;F;4;0;B;48;56;5
27160;2019-02-14;801;M;1;4;B;31;34;5
27243;2019-02-14;709;F;3;0;B;59;70;6
27257;2019-02-14;935;F;2;0;B;8;8;4
27297;2019-02-14;302;F;4;3;C;30;33;5
27320;2019-02-14;285;M;3;0;B;20;21;5
27394;2019-02-14;641;F;4;0;C;77;86;5
27434;2019-02-14;513;F;4;3;B;19;22;4
27462;2019-02-14;220;M;1;0;B;62;74;5
27519;2019-02-14;669;F;4;0;B;51;58;6
27570;2019-02-14;902;F;2;1;B;19;20;4
27666;2019-02-14;338;M;2;0;B;29;29;5
27676;2019-02-14;470;M;3;1;B;35;38;4
27769;2019-02-14;822;M;2;3;B;74;85;7
27832;2019-02-14;402;M;2;0;C;48;56;5
27882;2019-02-14;466;F;1;0;C;46;50;6
27931;2019-02-14;278;F;3;2;C;45;58;6
28006;2019-02-14;114;F;3;3;B;73;89;7
28019;2019-02-14;419;F;2;1;B;46;51;7
28096;2019-02-14;714;M;1;0;B;64;77;6
28179;2019-02-14;742;M;1;1;C;10;10;3
28272;2019-02-14;240;M;4;0;B;51;57;5
28297;2019-02-14;961;F;1;0;C;23;25;3
28331;2019-02-14;214;F;4;0;B;53;59;6
28407;2019-02-20;832;F;1;0;B;14;14;4
28418;2019-02-20;193;F;4;0;B;66;74;7
28472;2019-02-20;361;F;1;0;C;64;77;6
28484;2019-02-20;160;F;3;4;B;66;80;6
28501;2019-02-20;545;M;2;2;B;18;18;4
28558;2019-02-20;34;M;2;0;C;4;4;2
28585;2019-02-20;214;F;4;0;B;3;3;2
28679;2019-02-20;229;M;2;2;C;56;62;6
28683;2019-02-20;374;F;3;0;B;50;59;5
28741;2019-02-20;857;F;2;2;B;56;67;5
28831;2019-02-20;97;F;4;1;B;60;71;6
28886;2019-02-20;385;F;2;0;B;66;77;6
28925;2019-02-20;426;F;3;0;C;11;11;4
29017;2019-02-20;65;M;4;0;B;25;27;4
29071;2019-02-20;25;M;4;1;C;64;74;7
29130;2019-02-20;898;F;4;0;C;26;31;5
29141;2019-02-20;970;M;2;4;B;72;81;6
29158;2019-02-20;945;F;2;3;B;61;66;6
29170;2019-02-20;356;M;2;4;A;19;19;4
29269;2019-02-20;30;M;4;0;B;47;52;6
29305;2019-02-20;98;M;1;0;B;61;69;6
29315;2019-02-20;561;M;2;0;B;62;74;6
29412;2019-02-20;419;F;2;1;B;16;18;3
29454;2019-02-20;38;M;3;0;B;56;63;5
29482;2019-02-20;178;M;3;0;A;64;71;6
29581;2019-02-20;901;F;4;1;B;10;10;4
29596;2019-02-20;91;M;3;0;B;42;44;5
29599;2019-02-20;453;F;1;0;B;21;21;5
29607;2019-02-20;945;F;2;3;B;29;33;5
29693;2019-02-20;736;M;1;0;C;59;65;6
29791;2019-02-20;393;F;4;0;B;72;85;6
29823;2019-02-20;563;M;3;0;B;37;40;6
29827;2019-02-20;577;M;4;0;C;62;68;6
29906;2019-02-20;497;M;3;0;B;14;15;6
29912;2019-02-20;488;M;3;2;B;41;48;4
29981;2019-02-20;341;M;2;0;C;78;88;4
29995;2019-02-20;383;M;1;3;C;60;68;7
30001;2019-02-20;194;F;4;0;B;59;66;6
30029;2019-02-20;318;M;1;2;B;49;57;6
30072;2019-02-20;932;M;4;1;B;35;37;5
30076;2019-02-20;928;F;5;1;B;40;43;5
30115;2019-02-20;258;F;1;0;B;51;59;5
30212;2019-02-20;341;M;2;0;C;22;22;3
30236;2019-02-20;300;F;1;3;C;26;27;5
30258;2019-02-20;474;M;2;0;B;29;30;4
30299;2019-02-20;342;M;3;0;B;63;77;6
30363;2019-02-20;901;F;4;1;B;37;38;5
30396;2019-02-20;19;F;2;2;C;55;60;5
30397;2019-02-20;426;F;3;0;C;40;42;6
30468;2019-02-20;510;F;4;0;B;8;8;4
30484;2019-02-20;803;F;2;0;A;31;33;5
30582;2019-02-20;796;M;2;3;B;18;20;5
30641;2019-02-20;428;F;2;0;A;3;3;1
30692;2019-02-20;855;M;4;1;C;42;47;4
30708;2019-02-20;524;F;4;3;C;69;78;6
30727;2019-02-20;896;M;3;0;B;57;66;6
30813;2019-02-20;852;M;2;3;B;72;79;7
30872;2019-02-20;555;M;4;3;A;19;19;4
30947;2019-02-20;714;M;1;0;B;20;22;5
30993;2019-02-20;631;M;1;4;C;56;69;6
31023;2019-02-20;217;F;3;0;B;14;17;5
31113;2019-02-20;269;F;3;3;B;55;60;5
31136;2019-02-20;347;F;4;0;B;33;38;5
31198;2019-02-20;942;M;1;0;B;60;65;6
31229;2019-02-20;421;M;3;3;C;68;79;7
31247;2019-02-20;575;M;1;4;B;58;73;6
31317;2019-02-20;578;M;4;0;B;61;69;7
31385;2019-02-20;789;F;5;1;B;16;16;4
31450;2019-02-27;656;M;2;0;C;61;74;6
31462;2019-02-27;451;M;3;0;C;68;83;6
31512;2019-02-27;714;M;1;0;B;63;73;5
31530;2019-02-27;667;F;4;0;C;57;66;5
31576;2019-02-27;56;F;2;3;B;62;72;5
31658;2019-02-27;359;F;1;0;B;65;72;5
31703;2019-02-27;35;M;3;0;B;34;35;3
31720;2019-02-27;447;M;2;0;B;64;77;6
31801;2019-02-27;834;M;3;3;B;54;60;5
31824;2019-02-27;403;M;3;2;B;67;78;6
31913;2019-02-27;63;F;3;0;B;47;54;5
31990;2019-02-27;814;M;4;0;B;44;54;6
32069;2019-02-27;905;M;1;0;B;45;53;4
32136;2019-02-27;758;F;3;0;B;3;3;2
32195;2019-02-27;525;M;1;4;B;43;52;7
32292;2019-02-27;5;F;4;3;C;66;88;6
32359;2019-02-27;846;F;4;3;C;4;4;2
32402;2019-02-27;572;M;1;0;C;13;13;4
32484;2019-02-27;548;F;4;0;C;60;69;6
32511;2019-02-27;886;F;5;1;B;23;23;5
32522;2019-02-27;233;M;3;0;B;57;68;7
32533;2019-02-27;902;F;2;1;B;56;67;6
32601;2019-02-27;541;F;3;0;B;12;12;3
32683;2019-02-27;294;F;4;0;C;46;59;6
32720;2019-02-27;575;M;1;4;B;37;38;5
32747;2019-02-27;254;F;5;2;B;69;82;6
32759;2019-02-27;305;F;4;0;B;53;60;6
32810;2019-02-27;991;F;2;2;C;48;51;6
32846;2019-02-27;382;F;3;0;C;77;87;6
32868;2019-02-27;879;M;2;2;C;68;82;6
32949;2019-02-27;626;M;3;1;C;56;65;4
33010;2019-02-27;745;F;1;2;B;9;9;4
33059;2019-02-27;750;M;2;2;C;71;82;5
33086;2019-02-27;876;F;2;3;B;8;8;3
33130;2019-02-27;678;F;3;0;C;58;69;7
33168;2019-02-27;408;F;4;0;B;41;43;5
33250;2019-02-27;305;F;4;0;B;32;38;4
33297;2019-02-27;68;F;2;1;A;60;70;6
33360;2019-02-27;177;F;3;2;C;47;49;6
33423;2019-02-27;621;F;4;0;B;14;14;4
33518;2019-02-27;68;F;2;1;A;20;20;4
33602;2019-02-27;351;F;2;2;B;29;31;5
33686;2019-02-27;286;M;4;0;B;30;33;5
33712;2019-02-27;122;M;3;3;B;72;79;6
33772;2019-02-27;604;M;4;0;B;45;48;5
33778;2019-02-27;53;M;1;1;B;43;47;5
33843;2019-02-27;922;M;1;0;B;7;8;5
33864;2019-02-27;931;M;2;0;A;15;15;3
33895;2019-02-27;613;F;3;0;B;59;69;5
33933;2019-02-27;103;M;3;4;B;49;57;6
33999;2019-02-27;152;F;3;1;C;46;48;5
34051;2019-02-27;607;F;2;0;B;40;42;6
34075;2019-02-27;14;M;1;3;B;17;18;4
34118;2019-02-27;476;M;3;0;C;18;19;4
34153;2019-02-27;163;F;3;0;A;12;12;5
34168;2019-02-27;437;F;2;1;C;55;58;6
34244;2019-02-27;574;F;2;2;B;55;62;5
34278;2019-02-27;738;M;1;0;C;38;41;5
34295;2019-02-27;464;M;2;2;B;35;38;6
34383;2019-02-27;501;M;1;0;B;33;36;6
34422;2019-02-27;170;F;4;2;B;12;13;4
34429;2019-02-27;576;M;3;0;B;56;61;6
34433;2019-02-27;443;F;4;0;C;55;65;6
34480;2019-02-27;856;F;5;1;B;44;52;6
34576;2019-02-27;114;F;3;3;B;15;16;4
34593;2019-02-27;165;F;4;0;C;46;50;7
34613;2019-02-27;936;F;3;2;B;51;59;7
34680;2019-02-27;612;F;3;4;B;13;15;4
34683;2019-02-27;855;M;4;1;C;52;61;4
34781;2019-02-27;23;M;3;0;B;2;2;2
34835;2019-02-27;807;M;1;3;B;37;43;5
34887;2019-02-27;29;M;2;0;B;55;61;5
34915;2019-02-27;149;M;1;3;A;16;17;4
34921;2019-02-27;411;F;2;0;B;66;77;6
34986;2019-02-27;81;F;2;0;B;37;42;5
35000;2019-02-27;305;F;4;0;B;15;15;5
35060;2019-02-27;574;F;2;2;B;40;45;5
35121;2019-02-27;170;F;4;2;B;66;80;6
35191;2019-02-27;419;F;2;1;B;49;53;5
35268;2019-02-27;209;F;4;0;B;61;69;6
35348;2019-02-27;575;M;1;4;B;58;71;7
35427;2019-02-27;75;M;1;0;B;1;1;1
35502;2019-05-03;726;M;2;0;B;61;70;6
35552;2019-05-03;751;F;2;0;B;13;13;6
35592;2019-05-03;518;F;1;0;B;36;42;5
35605;2019-05-03;495;F;2;3;A;21;22;5
35632;2019-05-03;29;M;2;0;B;64;79;5
35665;2019-05-03;676;M;2;3;B;51;52;5
35700;2019-05-03;165;F;4;0;C;62;77;6
35759;2019-05-03;329;F;3;0;B;52;58;5
35822;2019-05-03;829;F;3;4;B;20;20;7
35867;2019-05-03;185;F;3;0;C;7;7;4
35872;2019-05-03;352;M;4;2;B;58;70;5
35903;2019-05-03;967;F;1;0;B;71;81;7
35999;2019-05-03;260;F;2;0;C;39;43;4
36028;2019-05-03;318;M;1;2;B;9;9;4
36045;2019-05-03;190;M;1;4;B;56;65;6
36123;2019-05-03;978;F;3;0;C;53;64;5
36221;2019-05-03;905;M;1;0;B;31;34;5
36272;2019-05-03;672;F;4;0;B;42;49;6
36299;2019-05-03;213;M;2;4;B;55;63;5
36334;2019-05-03;702;M;1;0;B;16;16;4
36419;2019-05-03;747;M;1;0;B;67;80;6
36422;2019-05-03;599;F;1;4;C;8;8;4
36476;2019-05-03;69;M;4;3;A;14;14;4
36511;2019-05-03;240;M;4;0;B;7;7;2
36580;2019-05-03;264;F;4;1;B;35;42;7
36606;2019-05-03;611;M;4;0;B;70;84;7
36702;2019-05-03;926;M;1;0;B;21;21;4
36705;2019-05-03;266;F;3;3;B;15;16;5
36781;2019-05-03;294;F;4;0;C;72;82;6
36812;2019-05-03;260;F;2;0;C;16;16;3
36819;2019-05-03;499;M;3;0;B;41;47;6
36828;2019-05-03;108;M;1;0;B;24;25;6
36918;2019-05-03;815;F;2;4;B;32;36;5
37015;2019-05-03;397;F;1;0;B;66;78;6
37016;2019-05-03;683;F;3;0;B;60;69;7
37103;2019-05-03;834;M;3;3;B;45;53;6
37104;2019-05-03;378;F;2;0;C;46;54;5
37191;2019-05-03;21;M;3;0;B;49;58;6
37270;2019-05-03;342;M;3;0;B;49;53;5
37314;2019-05-03;756;F;1;4;B;63;77;7
37402;2019-05-03;654;M;1;1;B;36;40;6
37428;2019-05-03;660;F;3;0;C;36;36;6
37527;2019-05-03;786;F;1;4;C;27;28;4
37554;2019-05-03;230;M;1;4;A;19;22;5
37611;2019-05-03;554;F;3;0;A;1;1;1
37645;2019-05-03;221;F;1;0;B;27;29;5
37717;2019-05-03;334;M;3;0;C;16;17;3
37720;2019-05-03;772;F;2;0;B;11;11;2
37755;2019-05-03;940;F;1;3;B;45;48;4
37837;2019-05-03;924;F;2;2;B;17;17;4
37886;2019-05-03;698;F;2;0;B;63;68;7
37942;2019-05-03;630;M;1;2;C;64;76;7
37999;2019-05-03;673;F;5;1;B;49;56;5
38066;2019-12-03;346;F;2;4;C;40;41;5
38139;2019-12-03;457;M;3;0;C;66;79;5
38235;2019-12-03;862;M;4;0;B;67;84;5
38312;2019-12-03;210;M;2;2;C;55;59;5
38362;2019-12-03;791;F;1;0;B;47;49;6
38410;2019-12-03;904;M;1;2;B;24;27;5
38469;2019-12-03;306;F;3;0;B;61;66;6
38542;2019-12-03;879;M;2;2;C;59;67;6
38577;2019-12-03;132;M;2;0;A;40;46;4
38580;2019-12-03;737;F;2;1;C;74;87;7
38653;2019-12-03;660;F;3;0;C;57;67;6
38749;2019-12-03;11;F;4;0;A;72;82;5
38846;2019-12-03;713;F;1;3;C;24;26;4
38859;2019-12-03;918;F;2;4;C;9;9;4
38920;2019-12-03;618;M;4;3;B;23;25;6
38983;2019-12-03;211;M;2;1;B;23;25;5
39049;2019-12-03;132;M;2;0;A;23;23;5
39112;2019-12-03;546;F;4;0;B;53;60;6
39160;2019-12-03;273;M;4;0;C;37;41;6
39173;2019-12-03;305;F;4;0;B;21;21;4
39191;2019-12-03;804;F;4;3;B;21;23;3
39208;2019-12-03;190;M;1;4;B;19;19;4
39246;2019-12-03;641;F;4;0;C;35;40;5
39269;2019-12-03;7;M;1;3;B;33;35;5
39276;2019-12-03;247;M;1;0;B;60;71;5
39323;2019-12-03;581;F;4;2;C;66;75;7
39324;2019-12-03;617;F;4;3;C;47;54;6
39406;2019-12-03;241;M;4;1;B;39;40;5
39440;2019-12-03;75;M;1;0;B;10;10;2
39525;2019-12-03;378;F;2;0;C;66;78;6
39533;2019-12-03;35;M;3;0;B;51;57;7
39614;2019-12-03;475;F;4;3;B;6;6;5
39617;2019-12-03;196;M;2;0;B;24;27;5
39716;2019-12-03;853;M;5;2;A;72;87;6
39783;2019-12-03;289;F;3;4;C;34;36;6
39819;2019-12-03;444;F;2;0;B;64;81;6
39873;2019-12-03;145;M;3;0;B;21;22;5
39907;2019-12-03;674;M;4;1;B;30;32;6
39961;2019-12-03;379;F;4;0;C;49;52;5
40009;2019-12-03;888;F;4;2;B;64;79;5
40095;2019-12-03;784;F;1;3;B;59;68;6
40194;2019-12-03;69;M;4;3;A;30;31;5
40233;2019-12-03;188;M;2;2;B;18;20;3
40299;2019-12-03;207;F;3;0;B;3;3;2
40389;2019-12-03;297;M;4;0;B;15;15;4
40439;2019-12-03;110;M;3;0;C;42;44;6
40522;2019-12-03;535;M;4;0;A;2;2;2
40540;2019-12-03;916;F;3;4;C;62;77;4
40619;2019-12-03;644;M;1;0;C;63;81;5
40655;2019-12-03;686;F;3;2;A;72;79;6
40706;2019-12-03;360;M;4;0;B;6;6;5
40803;2019-12-03;456;M;1;4;B;40;42;4
40847;2019-12-03;243;F;1;4;C;24;24;5
40899;2019-12-03;654;M;1;1;B;65;83;6
40960;2019-12-03;704;F;2;0;C;17;18;5
41035;2019-12-03;58;M;2;2;B;33;38;4
41116;2019-12-03;405;F;4;0;B;4;4;3
41183;2019-12-03;873;F;3;0;B;24;26;6
41193;2019-12-03;314;F;1;1;A;26;26;5
41210;2019-03-15;657;M;2;3;B;44;47;6
41221;2019-03-15;493;M;2;4;B;2;2;1
41302;2019-03-15;677;M;4;0;B;4;4;2
41359;2019-03-15;610;M;2;0;B;67;79;7
41379;2019-03-15;716;F;4;0;C;22;22;4
41411;2019-03-15;319;M;1;4;B;62;69;5
41508;2019-03-15;40;M;2;1;B;75;89;7
41579;2019-03-15;909;M;3;0;B;69;81;6
41639;2019-03-15;143;F;1;4;B;59;66;6
41671;2019-03-15;831;F;4;2;B;30;31;4
41681;2019-03-15;438;F;1;0;B;23;26;4
41766;2019-03-15;57;M;2;0;B;24;25;4
41804;2019-03-15;324;F;3;3;B;55;61;5
41827;2019-03-15;315;F;3;0;B;5;5;3
41857;2019-03-15;62;F;2;0;B;37;42;4
41945;2019-03-15;806;F;2;3;B;32;35;5
41958;2019-03-15;701;M;3;0;B;59;64;5
42041;2019-03-15;122;M;3;3;B;48;59;7
42065;2019-03-15;78;M;1;0;B;14;15;4
42079;2019-03-15;738;M;1;0;C;22;22;5
42101;2019-03-15;747;M;1;0;B;34;37;5
42125;2019-03-15;311;F;4;0;C;28;31;5
42222;2019-03-15;669;F;4;0;B;11;11;3
42289;2019-03-15;961;F;1;0;C;43;47;6
42300;2019-03-15;872;M;3;4;A;55;64;6
42317;2019-03-15;490;F;2;4;C;65;71;6
42404;2019-03-15;381;F;1;1;B;60;70;6
42470;2019-03-15;201;M;3;0;B;49;58;5
42471;2019-03-15;940;F;1;3;B;44;50;6
42484;2019-03-15;499;M;3;0;B;28;31;5
42495;2019-03-15;694;M;4;0;C;72;88;6
42575;2019-03-15;641;F;4;0;C;28;30;6
42579;2019-03-15;363;F;1;0;B;26;28;4
42592;2019-03-15;440;F;4;0;C;53;56;6
42690;2019-03-15;632;F;4;3;A;27;27;5
42741;2019-03-15;710;F;3;1;C;38;41;6
42831;2019-03-15;429;M;4;0;C;26;31;5
42903;2019-03-15;61;M;1;2;B;61;70;6
42994;2019-03-15;859;M;1;0;B;74;89;6
43082;2019-03-15;317;M;3;0;B;21;22;6
43138;2019-03-15;350;F;5;1;B;69;82;7
43161;2019-03-15;922;M;1;0;B;36;37;5
43186;2019-03-15;74;M;3;0;C;68;77;6
43283;2019-03-15;571;F;2;0;B;25;28;5
43332;2019-03-15;903;M;1;0;B;1;1;1
43352;2019-03-15;106;M;1;0;B;52;57;6
43355;2019-03-15;240;M;4;0;B;15;15;4
43362;2019-03-15;56;F;2;3;B;42;47;6
43459;2019-03-18;775;F;2;3;B;1;1;1
43546;2019-03-18;605;M;4;2;B;38;38;6
43633;2019-03-18;208;M;3;0;B;46;50;5
43665;2019-03-18;670;M;4;0;C;33;37;5
43734;2019-03-18;88;F;1;0;B;9;9;4
43765;2019-03-18;979;F;3;0;A;66;79;6
43846;2019-03-18;844;F;5;1;A;62;74;6
43857;2019-03-18;677;M;4;0;B;8;8;4
43901;2019-03-18;554;F;3;0;A;32;35;6
43944;2019-03-18;318;M;1;2;B;64;69;6
43974;2019-03-18;311;F;4;0;C;43;46;6
44069;2019-03-18;241;M;4;1;B;58;67;5
44111;2019-03-18;883;M;1;0;B;10;10;3
44205;2019-03-18;298;F;4;0;C;76;88;7
44302;2019-03-18;916;F;3;4;C;30;31;5
44303;2019-03-18;378;F;2;0;C;34;38;5
44346;2019-03-18;941;M;2;3;B;53;59;5
44361;2019-03-18;757;F;4;3;C;52;61;4
44379;2019-03-18;819;M;4;0;B;10;10;2
44478;2019-03-18;38;M;3;0;B;63;73;6
44537;2019-03-18;569;M;1;1;A;73;88;5
44626;2019-03-18;160;F;3;4;B;66;76;6
44670;2019-03-18;269;F;3;3;B;60;71;5
44731;2019-03-18;200;F;3;0;B;28;29;6
44781;2019-03-18;818;F;2;0;B;49;57;7
44820;2019-03-18;41;M;3;0;C;4;4;2
44835;2019-03-18;558;F;5;2;C;75;84;5
44853;2019-03-18;845;F;3;3;C;2;2;2
44899;2019-03-18;584;M;3;0;B;52;61;6
44917;2019-03-18;510;F;4;0;B;54;63;6
44975;2019-03-18;171;F;3;1;B;54;64;7
44994;2019-03-18;554;F;3;0;A;20;21;5
45082;2019-03-18;724;M;1;0;B;33;37;5
45150;2019-03-18;936;F;3;2;B;45;45;5
45185;2019-03-18;498;M;3;2;B;14;14;3
45265;2019-03-18;296;F;1;3;B;15;16;4
45296;2019-03-18;887;F;3;0;B;37;38;4
45351;2019-03-18;629;M;3;0;C;16;16;5
45402;2019-03-18;307;M;1;0;B;70;75;7
45455;2019-03-18;147;M;1;0;A;34;41;5
45540;2019-03-18;457;M;3;0;C;37;38;6
45588;2019-03-18;890;M;3;0;C;12;12;5
45669;2019-03-18;705;M;1;0;B;65;78;5
45743;2019-03-18;136;F;2;1;B;25;25;7
45781;2019-03-18;637;F;1;0;B;28;28;4
45864;2019-03-18;308;M;4;0;B;63;72;7
45868;2019-03-18;55;F;3;0;B;7;7;3
45913;2019-03-18;928;F;5;1;B;16;19;4
45953;2019-03-18;476;M;3;0;C;23;23;5
46004;2019-03-18;664;M;3;1;B;20;20;6
46039;2019-03-18;279;M;1;2;B;7;7;4
46075;2019-03-18;107;F;2;0;C;53;59;6
46084;2019-03-18;203;F;3;0;A;33;35;5
46171;2019-03-18;630;M;1;2;C;10;11;4
46191;2019-03-18;712;F;2;3;B;47;51;6
46217;2019-03-18;240;M;4;0;B;21;21;5
46254;2019-03-18;103;M;3;4;B;47;53;5
46313;2019-03-18;33;F;2;0;B;43;45;6
46360;2019-03-18;204;F;3;3;B;41;48;5
46378;2019-03-18;233;M;3;0;B;49;54;5
46473;2019-03-20;506;F;4;3;B;7;7;4
46497;2019-03-20;744;M;4;0;A;68;84;5
46537;2019-03-20;251;F;2;0;C;20;23;6
46594;2019-03-20;57;M;2;0;B;68;83;6
46677;2019-03-20;908;M;3;2;C;33;36;6
46686;2019-03-20;433;M;3;3;B;5;5;3
46739;2019-03-20;762;F;2;0;B;47;51;7
46777;2019-03-20;965;M;3;0;B;3;3;3
46846;2019-03-20;2;M;3;0;B;30;32;5
46907;2019-03-20;392;M;2;2;C;69;79;5
46915;2019-03-20;534;M;4;1;C;37;41;6
47000;2019-03-20;202;M;1;0;B;19;20;5
47002;2019-03-20;559;F;3;1;A;50;55;6
47029;2019-03-20;46;F;4;1;B;9;9;4
47058;2019-03-20;528;M;2;2;C;62;68;6
47077;2019-03-20;206;F;3;1;C;38;40;5
47098;2019-03-20;270;F;3;1;B;10;10;3
47147;2019-03-25;454;F;1;0;B;58;65;6
47234;2019-03-25;456;M;1;4;B;12;12;4
47279;2019-03-25;958;M;2;3;B;73;88;6
47321;2019-03-25;109;M;2;1;B;32;33;5
47373;2019-03-25;867;M;2;3;B;16;16;4
47415;2019-03-25;343;F;1;0;B;3;3;2
47473;2019-03-25;189;F;3;4;C;72;79;6
47475;2019-03-25;853;M;5;2;A;9;9;3
47572;2019-03-25;305;F;4;0;B;45;48;7
47671;2019-03-25;849;F;5;1;B;12;12;4
47713;2019-03-25;78;M;1;0;B;69;88;6
47756;2019-03-25;31;F;1;0;C;24;25;5
47837;2019-03-25;992;F;2;0;B;65;75;7
47876;2019-03-25;465;F;3;0;B;15;15;4
47878;2019-03-25;259;M;1;1;B;33;36;5
47883;2019-03-25;369;F;3;4;C;39;43;5
47972;2019-03-25;370;M;1;4;B;54;63;6
48027;2019-03-25;78;M;1;0;B;57;66;6
48067;2019-03-25;985;M;1;0;B;28;29;5
48088;2019-03-25;767;F;1;0;B;27;28;4
48152;2019-01-04;745;F;1;2;B;53;60;6
48159;2019-01-04;359;F;1;0;B;5;5;2
48205;2019-01-04;448;F;2;0;A;43;48;7
48302;2019-01-04;615;M;1;4;C;52;58;6
48343;2019-01-04;924;F;2;2;B;9;9;4
48413;2019-01-04;334;M;3;0;C;55;64;6
48473;2019-01-04;893;F;1;0;B;8;8;5
48534;2019-01-04;57;M;2;0;B;47;56;7
48570;2019-01-04;736;M;1;0;C;46;54;6
48640;2019-01-04;630;M;1;2;C;48;54;6
48656;2019-01-04;758;F;3;0;B;36;40;5
48751;2019-01-04;890;M;3;0;C;71;87;6
48800;2019-01-04;4;M;4;0;B;50;56;6
48878;2019-01-04;172;M;2;0;B;24;25;5
48971;2019-01-04;869;F;3;0;B;39;43;6
49033;2019-01-04;533;F;4;0;A;23;24;5
49051;2019-01-04;820;M;1;4;B;45;47;7
49094;2019-01-04;691;M;4;0;B;54;60;5
49121;2019-01-04;700;F;4;2;C;16;16;6
49137;2019-01-04;179;F;2;0;B;65;76;6
49175;2019-01-04;842;M;5;2;B;34;38;5
49222;2019-01-04;62;F;2;0;B;21;22;5
49309;2019-01-04;656;M;2;0;C;17;18;5
49322;2019-06-04;614;F;4;1;B;64;73;6
49417;2019-06-04;358;F;3;0;C;64;71;7
49496;2019-06-04;164;M;2;3;A;44;50;5
49576;2019-06-04;636;M;2;2;B;8;8;4
49632;2019-06-04;409;F;3;4;B;20;20;5
49674;2019-06-04;390;F;2;0;B;14;14;4
49711;2019-06-04;613;F;3;0;B;22;22;6
49733;2019-06-04;189;F;3;4;C;64;71;5
49811;2019-06-04;645;F;4;0;B;47;53;6
49893;2019-06-04;870;F;1;0;B;31;34;6
49927;2019-06-04;674;M;4;1;B;10;11;3
49941;2019-06-04;91;M;3;0;B;56;69;6
50007;2019-06-04;925;M;2;0;C;41;50;7
50041;2019-06-04;260;F;2;0;C;39;40;5
50070;2019-06-04;693;F;4;0;B;31;33;5
50121;2019-06-04;742;M;1;1;C;26;29;4
50139;2019-06-04;515;M;4;0;A;51;58;6
50177;2019-06-04;282;M;2;0;B;53;60;6
50247;2019-06-04;462;F;4;0;A;2;2;2
50325;2019-06-04;941;M;2;3;B;25;27;5
50335;2019-06-04;93;F;2;0;C;37;39;7
50403;2019-06-04;58;M;2;2;B;73;89;5
50485;2019-06-04;214;F;4;0;B;43;48;5
50528;2019-06-04;418;M;2;2;A;33;37;5
50603;2019-06-04;682;F;2;2;B;38;41;4
50636;2019-06-04;116;M;4;0;B;31;37;5
50656;2019-06-04;583;F;2;0;B;25;26;4
50696;2019-06-04;297;M;4;0;B;46;57;5
50699;2019-06-04;160;F;3;4;B;44;52;5
50759;2019-06-04;130;F;1;0;B;33;34;4
50810;2019-06-04;823;M;5;3;B;2;2;1
50814;2019-06-04;9;F;2;0;B;28;30;6
50854;2019-06-04;596;M;2;0;B;51;62;6
50898;2019-06-04;217;F;3;0;B;5;5;3
50930;2019-06-04;890;M;3;0;C;51;57;6
50990;2019-06-04;85;M;1;0;B;53;59;5
51041;2019-06-04;562;F;3;0;B;71;84;7
51072;2019-06-04;283;M;4;1;B;72;89;6
51110;2019-06-04;919;F;2;0;C;28;31;4
51207;2019-06-04;632;F;4;3;A;68;76;7
51295;2019-06-04;496;F;2;0;B;20;22;6
51367;2019-06-04;778;F;2;2;A;51;60;6
51445;2019-06-04;335;F;3;0;C;48;54;6
51476;2019-06-04;71;F;3;1;B;19;19;5
51550;2019-06-04;968;F;1;0;B;26;28;5
51572;2019-06-04;353;M;1;2;B;75;89;7
51627;2019-06-04;795;F;4;2;B;10;10;2
51705;2019-06-04;559;F;3;1;A;61;75;6
51716;2019-06-04;357;M;2;2;C;5;5;2
51795;2019-06-04;317;M;3;0;B;49;51;5
51893;2019-06-04;437;F;2;1;C;43;49;6
51904;2019-06-04;940;F;1;3;B;54;60;5
51956;2019-06-04;511;F;1;0;B;66;75;5
52049;2019-06-04;338;M;2;0;B;40;44;6
52053;2019-06-04;566;F;4;0;B;26;28;5
52079;2019-06-04;984;F;4;3;B;11;11;4
52144;2019-06-04;589;F;3;2;C;25;26;5
52231;2019-06-04;31;F;1;0;C;45;54;6
52263;2019-06-04;626;M;3;1;C;68;84;6
52269;2019-06-04;182;F;1;4;B;1;1;1
52295;2019-06-04;455;F;2;0;C;68;75;5
52331;2019-06-04;624;M;4;0;B;64;73;5
52375;2019-06-04;269;F;3;3;B;68;81;5
52465;2019-06-04;687;M;2;3;C;39;42;6
52477;2019-06-04;812;F;2;0;A;45;49;6
52569;2019-06-04;62;F;2;0;B;2;2;1
52645;2019-06-04;310;M;4;3;C;35;39;6
52699;2019-06-04;719;M;1;0;B;40;49;5
52791;2019-06-04;823;M;5;3;B;60;68;6
52878;2019-06-04;809;F;3;3;B;13;13;5
52954;2019-06-04;972;M;4;0;C;15;15;3
52991;2019-06-04;954;F;4;2;B;38;40;5
53023;2019-06-04;430;F;4;1;B;65;72;6
53043;2019-06-04;7;M;1;3;B;40;45;7
53078;2019-06-04;121;F;1;2;B;36;38;5
53107;2019-06-04;447;M;2;0;B;19;19;3
53119;2019-06-04;611;M;4;0;B;14;15;4
53195;2019-06-04;835;F;1;0;A;12;12;4
53229;2019-06-04;261;F;4;0;B;57;63;6
53268;2019-06-04;245;F;4;3;B;71;87;6
53282;2019-06-04;707;M;4;0;B;47;56;5
53359;2019-06-04;498;M;3;2;B;38;41;5
53426;2019-06-04;58;M;2;2;B;56;65;6
53432;2019-06-04;28;F;1;2;B;56;66;6
53518;2019-06-04;437;F;2;1;C;54;60;6
53565;2019-06-04;33;F;2;0;B;17;17;4
53642;2019-06-04;814;M;4;0;B;8;8;3
53725;2019-06-04;435;F;2;0;C;27;28;5
53796;2019-06-04;757;F;4;3;C;44;48;6
53826;2019-06-04;855;M;4;1;C;21;21;5
53903;2019-06-04;158;M;3;0;B;51;57;5
53948;2019-06-04;967;F;1;0;B;41;46;7
54035;2019-06-04;407;F;3;3;A;52;60;5
54066;2019-08-04;879;M;2;2;C;9;9;5
54155;2019-08-04;821;F;2;3;B;54;61;5
54170;2019-08-04;373;F;4;2;B;15;16;4
54173;2019-08-04;976;M;4;2;B;68;86;6
54265;2019-08-04;489;F;4;3;B;13;14;3
54344;2019-08-04;716;F;4;0;C;15;15;4
54403;2019-08-04;331;F;4;0;B;37;43;5
54427;2019-08-04;968;F;1;0;B;51;60;5
54467;2019-08-04;857;F;2;2;B;55;63;6
54484;2019-08-04;578;M;4;0;B;10;10;4
54548;2019-08-04;443;F;4;0;C;10;10;5
54644;2019-08-04;731;M;3;4;B;13;13;6
54693;2019-08-04;971;F;1;2;A;73;85;7
54711;2019-08-04;259;M;1;1;B;42;47;6
54808;2019-08-04;4;M;4;0;B;40;48;6
54827;2019-08-04;37;M;3;0;B;21;22;6
54861;2019-08-04;73;M;1;0;A;47;52;5
54938;2019-08-04;443;F;4;0;C;43;47;6
55008;2019-08-04;147;M;1;0;A;5;5;4
55053;2019-08-04;283;M;4;1;B;5;5;2
55148;2019-08-04;262;M;1;2;B;9;9;4
55208;2019-08-04;819;M;4;0;B;55;63;6
55228;2019-08-04;606;M;1;0;B;58;66;5
55318;2019-08-04;654;M;1;1;B;59;72;6
55334;2019-08-04;207;F;3;0;B;34;39;6
55382;2019-08-04;773;M;4;0;B;61;68;6
55389;2019-08-04;853;M;5;2;A;64;73;5
55403;2019-08-04;901;F;4;1;B;57;63;7
55431;2019-08-04;318;M;1;2;B;48;51;7
55527;2019-08-04;596;M;2;0;B;44;48;7
55550;2019-08-04;912;F;4;0;C;13;14;4
55623;2019-08-04;527;F;4;1;B;26;28;6
55709;2019-08-04;346;F;2;4;C;65;73;6
55760;2019-08-04;246;M;2;2;B;25;29;4
55828;2019-08-04;119;F;3;2;B;44;49;5
55838;2019-08-04;848;F;5;3;A;55;62;7
55869;2019-08-04;823;M;5;3;B;30;33;7
55877;2019-08-04;66;M;3;3;B;18;19;4
55886;2019-08-04;63;F;3;0;B;5;5;2
55899;2019-08-04;413;M;3;2;B;10;10;5
55914;2019-08-04;715;F;3;4;B;2;2;1
55926;2019-08-04;976;M;4;2;B;38;39;6
55933;2019-08-04;423;F;5;2;A;29;32;4
55984;2019-08-04;888;F;4;2;B;56;71;6
56027;2019-08-04;598;F;4;0;B;70;82;5
56029;2019-08-04;228;F;4;0;C;48;54;5
56126;2019-08-04;538;M;3;0;B;23;23;5
56175;2019-08-04;619;M;4;1;B;61;71;7
56182;2019-08-04;325;M;1;3;B;72;88;7
56275;2019-08-04;191;M;3;0;B;78;88;6
56369;2019-08-04;820;M;1;4;B;38;42;6
56445;2019-08-04;12;M;1;1;A;16;16;4
56458;2019-08-04;925;M;2;0;C;19;19;4
56511;2019-08-04;362;F;3;0;B;25;27;4
56567;2019-08-04;80;F;2;1;C;54;59;5
56662;2019-08-04;542;M;3;1;B;10;11;3
56723;2019-08-04;751;F;2;0;B;67;77;7
56775;2019-08-04;483;M;1;0;C;25;26;4
56822;2019-08-04;899;F;4;0;C;39;42;5
56839;2019-08-04;305;F;4;0;B;15;15;4
56861;2019-08-04;631;M;1;4;C;68;82;6
56948;2019-08-04;777;F;1;0;B;64;75;6
57022;2019-08-04;796;M;2;3;B;21;22;6
57077;2019-08-04;438;F;1;0;B;63;70;6
57123;2019-08-04;967;F;1;0;B;32;34;4
57173;2019-12-04;540;F;2;0;C;9;9;3
57203;2019-12-04;642;M;2;3;B;52;56;5
57241;2019-12-04;790;F;3;0;B;43;51;6
57279;2019-12-04;971;F;1;2;A;26;27;5
57367;2019-12-04;579;F;3;0;B;45;48;7
57454;2019-12-04;368;M;4;0;C;13;13;6
57511;2019-12-04;527;F;4;1;B;71;83;6
57566;2019-12-04;911;F;2;0;B;21;21;5
57644;2019-12-04;725;M;4;0;C;58;69;6
57698;2019-12-04;817;M;3;0;B;66;81;6
57793;2019-12-04;390;F;2;0;B;69;85;5
57810;2019-12-04;906;M;2;0;A;39;42;5
57839;2019-12-04;899;F;4;0;C;46;49;7
57887;2019-12-04;16;M;1;4;C;33;33;5
57914;2019-12-04;225;M;4;0;C;29;29;4
57955;2019-12-04;299;F;3;1;C;48;53;5
57981;2019-12-04;821;F;2;3;B;26;28;5
57990;2019-12-04;434;M;1;4;B;57;66;5
58059;2019-12-04;816;M;4;0;C;60;63;6
58069;2019-12-04;237;F;4;3;C;13;14;3
58162;2019-12-04;105;F;4;0;C;45;51;6
58226;2019-12-04;744;M;4;0;A;67;72;7
58258;2019-12-04;936;F;3;2;B;50;53;5
58271;2019-12-04;996;F;1;4;B;35;42;6
58356;2019-12-04;840;F;3;3;C;28;29;4
58359;2019-12-04;228;F;4;0;C;38;41;5
58411;2019-12-04;594;F;3;1;C;49;50;6
58456;2019-12-04;193;F;4;0;B;65;70;6
58471;2019-12-04;496;F;2;0;B;29;30;6
58552;2019-12-04;367;F;1;0;A;42;46;5
58638;2019-12-04;722;F;4;0;B;49;56;6
58690;2019-12-04;506;F;4;3;B;9;9;2
58715;2019-12-04;392;M;2;2;C;72;85;7
58736;2019-12-04;432;F;1;0;C;49;56;5
58764;2019-12-04;824;F;1;0;B;72;85;6
58815;2019-12-04;318;M;1;2;B;32;36;6
58846;2019-12-04;417;M;4;1;B;64;84;7
58928;2019-12-04;61;M;1;2;B;1;1;1
58943;2019-12-04;430;F;4;1;B;11;11;4
59034;2019-12-04;342;M;3;0;B;51;57;6
59084;2019-12-04;741;M;3;0;B;58;65;6
59183;2019-12-04;889;F;3;4;B;50;56;6
59217;2019-12-04;177;F;3;2;C;32;33;5
59229;2019-12-04;954;F;4;2;B;71;87;6
59250;2019-12-04;561;M;2;0;B;49;55;6
59335;2019-12-04;419;F;2;1;B;56;65;6
59363;2019-12-04;372;M;1;4;B;37;44;4
59426;2019-12-04;404;M;4;0;B;18;18;4
59482;2019-12-04;124;F;4;2;B;55;61;5
59504;2019-12-04;869;F;3;0;B;24;25;5
59520;2019-12-04;366;M;3;4;B;47;50;5
59550;2019-12-04;200;F;3;0;B;56;71;5
59551;2019-12-04;858;F;4;2;C;8;9;4
59591;2019-12-04;353;M;1;2;B;22;25;6
59592;2019-12-04;586;F;4;2;B;19;19;6
59691;2019-12-04;979;F;3;0;A;28;31;4
59772;2019-12-04;87;M;3;2;A;32;36;6
59855;2019-12-04;629;M;3;0;C;64;73;6
59874;2019-12-04;510;F;4;0;B;7;7;3
59908;2019-12-04;844;F;5;1;A;61;73;6
59923;2019-12-04;667;F;4;0;C;31;35;6
59961;2019-12-04;297;M;4;0;B;33;37;6
59962;2019-12-04;641;F;4;0;C;13;14;3
60054;2019-12-04;878;F;4;3;C;14;14;4
60076;2019-12-04;667;F;4;0;C;58;66;5
60107;2019-12-04;240;M;4;0;B;62;81;6
60109;2019-12-04;41;M;3;0;C;1;1;1
60199;2019-12-04;203;F;3;0;A;29;29;6
60200;2019-12-04;792;F;2;0;B;66;72;6
60239;2019-12-04;671;M;2;0;C;52;57;6
60292;2019-12-04;44;F;4;0;C;67;78;6
60373;2019-12-04;605;M;4;2;B;18;18;4
60403;2019-12-04;893;F;1;0;B;63;71;5
60430;2019-12-04;393;F;4;0;B;15;16;4
60477;2019-12-04;832;F;1;0;B;70;89;7
60505;2019-12-04;168;F;4;3;B;38;41;6
60526;2019-12-04;793;M;1;3;B;14;14;4
60619;2019-12-04;390;F;2;0;B;74;86;6
60698;2019-12-04;24;F;4;0;C;12;12;3
60708;2019-12-04;829;F;3;4;B;25;29;6
60717;2019-12-04;189;F;3;4;C;22;23;5
60772;2019-12-04;384;F;3;2;C;4;4;2
60815;2019-12-04;783;F;1;0;B;63;72;7
60895;2019-12-04;678;F;3;0;C;55;59;7
60991;2019-12-04;716;F;4;0;C;32;34;5
61088;2019-12-04;311;F;4;0;C;52;58;5
61173;2019-12-04;261;F;4;0;B;52;61;6
61185;2019-12-04;329;F;3;0;B;71;84;5
61194;2019-12-04;654;M;1;1;B;61;71;6
61246;2019-12-04;864;F;1;3;B;21;21;5
61259;2019-04-15;563;M;3;0;B;61;74;6
61353;2019-04-15;704;F;2;0;C;58;69;6
61433;2019-04-15;4;M;4;0;B;55;64;7
61440;2019-04-15;873;F;3;0;B;34;39;6
61455;2019-04-15;278;F;3;2;C;71;80;7
61506;2019-04-15;156;F;2;0;B;31;34;4
61528;2019-04-15;943;F;1;0;C;64;70;7
61560;2019-04-15;737;F;2;1;C;7;7;5
61642;2019-04-15;900;F;3;0;B;54;60;6
61720;2019-04-15;890;M;3;0;C;15;15;5
61754;2019-04-15;485;M;3;3;B;55;60;6
61827;2019-04-15;513;F;4;3;B;61;71;7
61878;2019-04-15;700;F;4;2;C;61;68;7
61921;2019-04-15;80;F;2;1;C;27;28;5
61980;2019-04-15;942;M;1;0;B;38;41;5
62058;2019-04-15;723;M;4;0;B;59;72;7
62115;2019-04-15;936;F;3;2;B;24;25;6
62130;2019-04-15;188;M;2;2;B;30;31;5
62186;2019-04-15;865;F;1;0;B;49;55;5
62259;2019-04-15;43;M;2;0;B;49;58;5
62292;2019-04-15;722;F;4;0;B;62;80;5
62295;2019-04-15;921;M;2;3;B;66;71;5
62364;2019-04-15;664;M;3;1;B;68;81;7
62429;2019-04-15;391;F;2;0;A;15;15;5
62500;2019-04-15;742;M;1;1;C;49;60;5
62581;2019-04-15;226;F;4;0;B;10;11;4
62655;2019-04-15;158;M;3;0;B;46;48;4
62659;2019-04-15;630;M;1;2;C;35;40;4
62733;2019-04-15;700;F;4;2;C;58;66;7
62792;2019-04-15;742;M;1;1;C;60;70;5
62824;2019-04-15;127;F;4;2;C;28;30;6
62840;2019-04-15;239;M;4;2;C;28;30;5
62929;2019-04-15;678;F;3;0;C;39;40;6
62993;2019-04-15;202;M;1;0;B;68;84;6
63087;2019-04-15;813;F;4;0;C;67;76;6
63129;2019-04-15;937;M;3;4;C;70;78;6
63162;2019-04-15;556;F;4;0;B;66;82;6
63179;2019-04-15;571;F;2;0;B;56;60;6
63198;2019-04-15;186;M;2;4;C;51;55;7
63222;2019-04-15;615;M;1;4;C;53;66;5
63310;2019-04-15;283;M;4;1;B;68;77;5
63386;2019-04-15;396;F;1;0;B;24;24;6
63412;2019-04-15;948;M;4;0;C;45;52;4
63504;2019-04-15;652;F;4;0;B;37;40;5
63581;2019-04-15;433;M;3;3;B;51;62;5
63653;2019-04-15;590;M;4;3;B;32;32;6
63702;2019-04-15;645;F;4;0;B;17;18;6
63800;2019-04-15;29;M;2;0;B;57;72;7
63848;2019-04-15;119;F;3;2;B;34;36;4
63864;2019-04-15;504;M;3;0;B;49;54;6
63941;2019-04-15;967;F;1;0;B;55;65;5
63977;2019-04-15;888;F;4;2;B;14;15;3
64054;2019-04-15;827;M;4;0;B;33;34;5
64077;2019-04-15;646;F;1;0;B;30;31;6
64116;2019-04-15;220;M;1;0;B;51;55;5
64130;2019-04-15;36;F;3;0;C;42;47;5
64211;2019-04-15;925;M;2;0;C;21;21;5
64255;2019-04-15;432;F;1;0;C;10;10;4
64341;2019-04-15;272;M;4;3;C;37;40;6
64397;2019-04-15;794;M;1;2;B;28;29;7
64431;2019-04-15;937;M;3;4;C;35;41;7
64434;2019-04-15;789;F;5;1;B;68;82;6
64457;2019-04-15;338;M;2;0;B;39;44;6
64522;2019-04-15;110;M;3;0;C;49;57;6
64523;2019-04-15;546;F;4;0;B;46;54;6
64554;2019-04-15;863;F;1;4;B;70;75;7
64617;2019-04-15;289;F;3;4;C;63;70;6
64647;2019-04-15;975;F;3;0;B;32;33;5
64736;2019-04-15;463;M;3;3;B;28;31;6
64744;2019-04-15;457;M;3;0;C;66;74;7
64782;2019-04-15;542;M;3;1;B;25;25;4
64875;2019-04-15;792;F;2;0;B;45;49;5
64942;2019-04-15;382;F;3;0;C;48;55;5
65033;2019-04-15;750;M;2;2;C;31;32;6
65122;2019-04-15;894;F;4;3;C;37;40;5
65201;2019-04-15;628;M;3;0;B;42;46;4
65267;2019-04-15;559;F;3;1;A;28;29;6
65347;2019-04-15;553;F;4;0;B;8;8;2
65400;2019-04-15;63;F;3;0;B;3;3;2
65453;2019-04-15;252;M;2;2;B;64;71;5
65491;2019-04-15;207;F;3;0;B;48;53;6
65538;2019-04-15;789;F;5;1;B;53;66;6
65549;2019-04-15;249;F;4;0;B;58;64;5
65556;2019-04-15;622;F;3;0;B;74;81;6
65602;2019-04-15;210;M;2;2;C;8;8;4
65604;2019-04-15;551;M;1;0;C;60;69;6
65623;2019-04-15;943;F;1;0;C;38;40;5
65682;2019-04-15;783;F;1;0;B;61;73;6
65723;2019-04-15;307;M;1;0;B;3;3;2
65775;2019-04-15;508;F;3;0;B;49;61;5
65835;2019-04-15;756;F;1;4;B;40;46;7
65907;2019-04-15;213;M;2;4;B;69;78;5
65995;2019-04-15;137;F;4;1;B;24;25;5
66068;2019-04-15;420;M;3;0;B;55;63;5
66135;2019-04-15;563;M;3;0;B;1;1;1
66216;2019-04-16;84;F;3;0;C;20;21;5
66293;2019-04-16;844;F;5;1;A;62;74;7
66379;2019-04-16;718;F;3;2;B;15;15;5
66402;2019-04-16;794;M;1;2;B;45;50;5
66445;2019-04-16;610;M;2;0;B;41;47;5
66489;2019-04-16;806;F;2;3;B;68;82;5
66522;2019-04-16;916;F;3;4;C;52;58;7
66565;2019-04-16;153;M;4;1;B;43;48;6
66638;2019-04-16;793;M;1;3;B;57;69;6
66720;2019-04-16;271;F;4;0;B;50;55;7
66727;2019-04-16;669;F;4;0;B;58;61;6
66792;2019-04-16;262;M;1;2;B;65;73;7
66797;2019-04-16;606;M;1;0;B;71;85;5
66844;2019-04-16;408;F;4;0;B;63;72;6
66889;2019-04-16;514;M;4;0;C;35;41;5
66914;2019-04-20;19;F;2;2;C;11;11;3
66988;2019-04-20;19;F;2;2;C;44;45;6
67024;2019-04-20;209;F;4;0;B;67;78;6
67102;2019-04-20;291;F;3;0;C;16;16;4
67110;2019-04-20;718;F;3;2;B;51;55;6
67138;2019-04-20;280;M;4;3;B;44;46;5
67140;2019-04-20;61;M;1;2;B;30;31;5
67199;2019-04-20;395;F;4;1;B;29;32;5
67286;2019-04-20;7;M;1;3;B;54;58;5
67354;2019-04-20;817;M;3;0;B;73;89;5
67393;2019-04-20;472;M;2;1;C;36;40;5
67415;2019-04-20;217;F;3;0;B;47;51;6
67436;2019-04-20;413;M;3;2;B;29;32;3
67522;2019-04-20;313;M;3;0;B;29;31;5
67530;2019-04-20;237;F;4;3;C;7;7;3
67587;2019-04-20;174;M;4;3;C;50;53;6
67675;2019-04-20;712;F;2;3;B;7;7;3
67710;2019-04-20;460;F;1;3;B;66;87;7
67781;2019-04-20;752;M;3;0;C;49;53;5
67808;2019-04-20;298;F;4;0;C;58;70;5
67836;2019-04-20;961;F;1;0;C;17;18;5
67896;2019-04-20;153;M;4;1;B;44;49;7
67985;2019-04-20;799;M;4;3;C;24;25;6
68077;2019-04-20;455;F;2;0;C;61;73;6
68101;2019-04-20;990;F;1;4;B;43;49;6
68172;2019-04-20;382;F;3;0;C;15;15;4
68198;2019-04-20;91;M;3;0;B;13;13;4
68272;2019-04-20;676;M;2;3;B;21;23;4
68317;2019-04-20;972;M;4;0;C;58;69;5
68325;2019-04-20;576;M;3;0;B;3;3;1
68400;2019-04-20;781;M;4;0;B;7;7;3
68437;2019-04-20;508;F;3;0;B;58;66;6
68506;2019-04-20;870;F;1;0;B;31;33;5
68587;2019-04-20;1000;F;4;1;B;58;67;6
68604;2019-04-20;841;M;1;0;B;35;35;4
68672;2019-04-20;928;F;5;1;B;11;11;4
68700;2019-04-20;950;M;3;0;C;73;87;5
68795;2019-04-23;686;F;3;2;A;32;32;6
68891;2019-04-23;145;M;3;0;B;52;61;5
68908;2019-04-23;655;M;2;0;B;61;73;7
68953;2019-04-23;44;F;4;0;C;57;63;5
68955;2019-04-23;120;F;4;3;A;27;28;6
69024;2019-04-23;775;F;2;3;B;6;6;1
69062;2019-04-23;843;F;5;1;C;15;15;4
69136;2019-04-23;431;F;4;3;B;40;47;7
69197;2019-04-23;426;F;3;0;C;64;71;7
69274;2019-04-23;131;F;2;0;C;62;71;6
69279;2019-04-23;859;M;1;0;B;48;54;4
69281;2019-04-23;445;M;2;0;B;22;24;4
69323;2019-04-23;629;M;3;0;C;61;72;6
69405;2019-04-23;969;M;1;3;B;62;65;6
69500;2019-04-23;377;F;1;0;B;30;31;5
69555;2019-04-23;528;M;2;2;C;53;62;7
69574;2019-04-23;122;M;3;3;B;6;6;3
69654;2019-04-23;969;M;1;3;B;69;85;6
69666;2019-04-23;44;F;4;0;C;15;15;5
69678;2019-04-23;674;M;4;1;B;1;1;1
69758;2019-04-23;349;M;3;0;B;74;85;6
69849;2019-04-23;40;M;2;1;B;30;33;4
69882;2019-04-23;529;M;1;2;B;76;83;7
69943;2019-04-23;276;F;3;0;B;63;72;7
70032;2019-04-23;296;F;1;3;B;71;84;6
70100;2019-04-23;381;F;1;1;B;16;16;4
70101;2019-04-23;156;F;2;0;B;37;40;6
70111;2019-04-23;901;F;4;1;B;54;59;6
70154;2019-04-23;167;M;1;1;A;36;44;6
70179;2019-04-23;55;F;3;0;B;24;27;4
70194;2019-04-23;730;F;2;0;B;4;4;2
70278;2019-04-23;713;F;1;3;C;52;63;6
70360;2019-04-23;174;M;4;3;C;58;64;6
70394;2019-04-23;228;F;4;0;C;13;13;6
70469;2019-04-23;976;M;4;2;B;69;76;7
70519;2019-04-23;529;M;1;2;B;13;14;5
70602;2019-04-23;646;F;1;0;B;16;16;4
70605;2019-04-23;570;F;4;1;C;33;35;5
70627;2019-04-23;480;F;2;0;C;11;11;3
70634;2019-04-23;498;M;3;2;B;58;65;6
70689;2019-04-23;865;F;1;0;B;36;38;5
70759;2019-04-23;590;M;4;3;B;69;82;6
70821;2019-04-23;799;M;4;3;C;48;50;6
70907;2019-04-23;889;F;3;4;B;22;24;5
71002;2019-04-23;439;F;3;0;B;55;61;5
71069;2019-04-23;650;F;2;0;C;1;1;1
71156;2019-04-23;472;M;2;1;C;40;42;6
71240;2019-04-23;532;F;2;3;B;28;29;5
71326;2019-04-23;200;F;3;0;B;12;12;4
71424;2019-04-23;121;F;1;2;B;35;36;6
71447;2019-04-23;324;F;3;3;B;41;48;6
71466;2019-04-23;628;M;3;0;B;48;54;7
71559;2019-04-23;126;M;1;0;C;10;10;4
71647;2019-04-23;407;F;3;3;A;42;50;6
71656;2019-04-23;744;M;4;0;A;11;11;3
71671;2019-04-23;331;F;4;0;B;69;82;6
71736;2019-04-23;217;F;3;0;B;24;26;4
71739;2019-04-23;487;F;3;0;C;25;25;5
71816;2019-04-23;721;M;3;2;C;64;75;5
71878;2019-04-23;140;F;1;0;C;47;52;6
71968;2019-04-23;379;F;4;0;C;35;38;6
72040;2019-04-23;784;F;1;3;B;56;71;5
72047;2019-04-23;478;M;1;4;A;18;18;5
72080;2019-04-23;737;F;2;1;C;70;85;6
72120;2019-04-23;697;M;3;0;C;8;8;3
72147;2019-04-23;582;F;2;0;B;20;20;4
72190;2019-04-23;432;F;1;0;C;71;86;6
72197;2019-04-23;765;F;5;1;B;67;83;7
72208;2019-04-23;132;M;2;0;A;54;65;6
72239;2019-04-23;686;F;3;2;A;68;80;6
72244;2019-04-23;793;M;1;3;B;13;13;4
72319;2019-04-23;46;F;4;1;B;26;27;6
72391;2019-04-23;360;M;4;0;B;6;6;3
72440;2019-04-23;338;M;2;0;B;74;89;6
72460;2019-04-28;268;M;4;0;B;14;14;4
72468;2019-04-28;231;F;4;2;B;9;10;3
72482;2019-04-28;547;F;3;4;C;56;60;6
72561;2019-04-28;564;M;3;2;B;35;41;5
72612;2019-04-28;457;M;3;0;C;30;31;7
72700;2019-04-28;864;F;1;3;B;15;16;4
72770;2019-04-28;229;M;2;2;C;36;40;4
72835;2019-04-28;726;M;2;0;B;41;46;6
72913;2019-04-28;650;F;2;0;C;66;81;6
72919;2019-04-28;24;F;4;0;C;41;45;5
72972;2019-04-28;592;F;2;0;C;60;72;6
72984;2019-04-28;475;F;4;3;B;65;75;5
73079;2019-04-28;589;F;3;2;C;75;84;7
73120;2019-04-28;404;M;4;0;B;7;7;4
73204;2019-04-28;397;F;1;0;B;61;67;6
73215;2019-04-28;915;F;3;0;B;53;65;6
73297;2019-04-28;104;F;3;2;B;32;34;4
73373;2019-04-28;536;M;4;0;B;2;2;1
73465;2019-04-28;394;M;1;0;B;25;28;6
73502;2019-04-28;894;F;4;3;C;50;58;5
73511;2019-04-28;964;M;2;0;B;15;15;4
73598;2019-04-28;46;F;4;1;B;58;71;6
73678;2019-04-28;983;F;4;0;C;32;35;5
73734;2019-04-28;626;M;3;1;C;6;7;1
73832;2019-04-28;903;M;1;0;B;19;19;5
73868;2019-04-28;565;F;1;2;B;23;26;4
73950;2019-04-28;497;M;3;0;B;53;63;7
74033;2019-04-28;710;F;3;1;C;77;87;6
74078;2019-04-28;896;M;3;0;B;35;37;6
74084;2019-04-28;52;F;1;0;A;44;47;7
74145;2019-04-28;51;F;3;0;B;12;13;4
74231;2019-04-28;217;F;3;0;B;62;76;6
74326;2019-04-28;73;M;1;0;A;68;84;7
74399;2019-04-28;402;M;2;0;C;67;77;7
74453;2019-04-28;39;M;2;0;C;54;62;6
74513;2019-04-28;934;F;2;2;B;41;45;6
74559;2019-04-28;715;F;3;4;B;10;10;5
74649;2019-04-28;637;F;1;0;B;17;18;5
74723;2019-04-28;877;M;2;0;C;54;58;6
74742;2019-04-28;394;M;1;0;B;63;71;7
74752;2019-04-28;545;M;2;2;B;64;71;6
74780;2019-04-28;52;F;1;0;A;24;24;6
74841;2019-04-28;352;M;4;2;B;57;68;6
74935;2019-04-28;856;F;5;1;B;5;5;3
75020;2019-04-28;974;M;4;1;B;49;57;7
75074;2019-04-28;378;F;2;0;C;63;76;6
75101;2019-04-28;754;F;3;4;B;6;6;3
75133;2019-04-28;121;F;1;2;B;71;79;6
75169;2019-04-28;227;F;3;0;C;38;41;5
75215;2019-04-28;127;F;4;2;C;66;85;6
75246;2019-04-28;186;M;2;4;C;34;39;5
75307;2019-04-28;128;F;2;0;B;17;17;4
75310;2019-04-28;626;M;3;1;C;54;62;6
75369;2019-04-28;448;F;2;0;A;64;81;5
75384;2019-04-28;201;M;3;0;B;46;55;6
75483;2019-04-28;917;M;1;0;A;25;26;5
75581;2019-04-28;900;F;3;0;B;17;18;5
75605;2019-04-28;447;M;2;0;B;10;10;4
75675;2019-04-28;948;M;4;0;C;5;5;4
75679;2019-04-28;353;M;1;2;B;9;9;4
75754;2019-04-28;82;F;1;1;C;3;3;2
75833;2019-04-28;625;F;4;0;C;27;28;5
75835;2019-04-28;581;F;4;2;C;50;53;5
75860;2019-04-28;43;M;2;0;B;27;27;4
75865;2019-02-05;54;M;1;0;A;3;3;3
75942;2019-02-05;417;M;4;1;B;52;60;5
76006;2019-02-05;586;F;4;2;B;49;62;5
76078;2019-02-05;974;M;4;1;B;61;68;5
76097;2019-02-05;620;M;2;0;B;4;4;4
76120;2019-02-05;333;F;2;0;C;1;1;1
76171;2019-02-05;105;F;4;0;C;76;89;5
76174;2019-02-05;123;F;3;2;B;3;3;1
76241;2019-02-05;891;F;3;2;B;69;88;6
76293;2019-02-05;471;F;4;0;A;33;36;6
76343;2019-02-05;690;F;1;3;B;67;77;7
76373;2019-02-05;661;M;3;0;B;60;73;6
76392;2019-02-05;768;F;4;0;B;71;87;6
76468;2019-02-05;795;F;4;2;B;19;20;5
76494;2019-02-05;61;M;1;2;B;41;45;5
76588;2019-02-05;205;M;2;4;B;37;39;6
76655;2019-02-05;421;M;3;3;C;58;66;7
76690;2019-02-05;537;F;1;4;B;66;79;7
76711;2019-02-05;471;F;4;0;A;50;59;6
76801;2019-02-05;485;M;3;3;B;20;21;4
76871;2019-02-05;451;M;3;0;C;58;67;5
76905;2019-02-05;332;F;3;4;C;11;11;4
76927;2019-02-05;358;F;3;0;C;68;82;5
77020;2019-02-05;879;M;2;2;C;44;49;5
77075;2019-02-05;332;F;3;4;C;42;45;6
77159;2019-02-05;655;M;2;0;B;69;84;5
77219;2019-02-05;276;F;3;0;B;76;88;6
77309;2019-02-05;313;M;3;0;B;2;3;1
77384;2019-02-05;689;M;2;0;C;2;2;1
77417;2019-02-05;648;M;1;0;B;40;46;7
77515;2019-02-05;864;F;1;3;B;62;71;6
77594;2019-02-05;273;M;4;0;C;16;16;6
77673;2019-02-05;561;M;2;0;B;57;65;5
77748;2019-02-05;66;M;3;3;B;30;31;5
77771;2019-02-05;191;M;3;0;B;40;43;4
77776;2019-02-05;748;M;4;0;B;49;55;6
77806;2019-02-05;828;F;2;4;B;41;44;5
77816;2019-02-05;861;M;3;0;B;67;79;6
77879;2019-02-05;339;F;4;0;C;65;78;6
77958;2019-02-05;69;M;4;3;A;59;67;6
77989;2019-02-05;936;F;3;2;B;21;24;5
78061;2019-02-05;536;M;4;0;B;40;47;5
78123;2019-02-05;439;F;3;0;B;48;53;6
78192;2019-02-05;161;M;5;2;B;11;13;4
78195;2019-02-05;875;F;1;0;B;62;71;5
78254;2019-02-05;991;F;2;2;C;12;15;4
78259;2019-02-05;95;M;1;0;B;5;5;4
78303;2019-02-05;129;M;2;0;A;65;78;6
78327;2019-02-05;387;M;2;2;B;60;68;7
78426;2019-02-05;268;M;4;0;B;43;46;6
78445;2019-02-05;699;F;1;0;C;69;76;7
78482;2019-02-05;658;F;1;1;B;65;73;6
78501;2019-02-05;664;M;3;1;B;12;13;5
78552;2019-02-05;906;M;2;0;A;61;72;6
78633;2019-05-05;584;M;3;0;B;11;11;3
78653;2019-05-05;601;M;4;0;A;59;71;6
78713;2019-05-05;931;M;2;0;A;58;67;6
78781;2019-05-05;950;M;3;0;C;26;29;4
78824;2019-05-05;676;M;2;3;B;18;18;5
78891;2019-05-05;35;M;3;0;B;45;52;4
78892;2019-05-05;984;F;4;3;B;66;80;5
78981;2019-05-05;419;F;2;1;B;32;32;6
78997;2019-05-05;512;M;4;0;B;61;72;7
79007;2019-05-05;4;M;4;0;B;36;39;5
79049;2019-05-05;949;M;1;0;B;2;2;2
79084;2019-05-05;594;F;3;1;C;14;14;5
79159;2019-05-05;850;M;1;0;C;39;40;7
79234;2019-05-05;197;F;2;0;B;57;64;6
79305;2019-05-05;456;M;1;4;B;46;51;6
79377;2019-05-05;164;M;2;3;A;11;11;4
79440;2019-05-05;881;F;5;1;C;71;88;7
79501;2019-05-05;33;F;2;0;B;7;7;3
79524;2019-05-05;138;F;3;2;B;40;45;6
79575;2019-05-05;786;F;1;4;C;10;10;2
79592;2019-05-05;837;F;2;0;C;6;6;2
79642;2019-05-05;680;F;3;0;C;14;14;4
79677;2019-05-05;675;M;4;0;B;39;44;5
79706;2019-05-05;316;F;3;2;B;24;25;6
79708;2019-05-05;250;F;4;1;B;71;81;6
79797;2019-05-05;129;M;2;0;A;73;83;6
79800;2019-05-05;717;F;3;0;B;47;52;6
79874;2019-05-05;318;M;1;2;B;65;73;6
79926;2019-05-05;828;F;2;4;B;46;52;6
79986;2019-05-05;313;M;3;0;B;40;45;5
80055;2019-05-05;429;M;4;0;C;72;86;6
80097;2019-05-05;111;M;2;4;C;60;70;7
80126;2019-05-05;90;F;2;2;B;53;66;6
80173;2019-05-05;154;M;2;3;B;37;38;5
80219;2019-05-05;665;M;1;4;B;47;55;6
80268;2019-05-05;138;F;3;2;B;15;16;4
80350;2019-05-05;703;M;1;3;B;62;73;7
80394;2019-05-05;48;M;4;1;B;67;88;6
80478;2019-05-05;334;M;3;0;C;36;41;5
80567;2019-05-05;187;M;2;1;B;48;52;5
80597;2019-05-05;942;M;1;0;B;21;21;5
80682;2019-05-05;837;F;2;0;C;33;34;4
80768;2019-05-05;142;F;1;0;B;30;36;4
80858;2019-05-05;10;M;1;0;B;50;52;6
80925;2019-05-05;701;M;3;0;B;53;59;6
81020;2019-05-05;245;F;4;3;B;57;64;6
81054;2019-12-05;831;F;4;2;B;27;30;5
81121;2019-12-05;297;M;4;0;B;28;31;4
81189;2019-12-05;381;F;1;1;B;60;74;7
81228;2019-12-05;514;M;4;0;C;34;36;5
81297;2019-12-05;258;F;1;0;B;57;64;6
81352;2019-12-05;760;F;2;0;A;42;46;5
81438;2019-12-05;165;F;4;0;C;74;89;6
81509;2019-12-05;793;M;1;3;B;25;27;6
81582;2019-12-05;694;M;4;0;C;48;54;4
81646;2019-12-05;836;F;2;0;B;43;48;5
81681;2019-12-05;626;M;3;1;C;16;18;5
81763;2019-12-05;605;M;4;2;B;61;73;6
81783;2019-12-05;800;M;1;0;C;70;89;5
81790;2019-12-05;713;F;1;3;C;37;39;6
81813;2019-12-05;552;M;4;0;B;7;7;4
81855;2019-12-05;960;F;4;2;B;5;5;2
81892;2019-05-15;960;F;4;2;B;57;60;5
81905;2019-05-15;391;F;2;0;A;21;22;5
81941;2019-05-15;387;M;2;2;B;44;56;6
82012;2019-05-15;3;F;4;0;B;46;51;5
82066;2019-05-15;59;M;2;0;A;19;19;4
82119;2019-05-15;548;F;4;0;C;59;66;5
82144;2019-05-15;583;F;2;0;B;18;18;5
82230;2019-05-15;8;F;3;0;B;45;49;7
82314;2019-05-15;678;F;3;0;C;71;85;6
82359;2019-05-15;376;F;3;0;B;67;78;6
82405;2019-05-15;425;F;3;0;B;60;78;5
82427;2019-05-15;95;M;1;0;B;58;65;6
82463;2019-05-15;774;F;2;0;B;51;55;7
82546;2019-05-15;134;F;3;0;B;56;71;5
82628;2019-05-15;837;F;2;0;C;31;32;5
82720;2019-05-15;177;F;3;2;C;74;82;5
82780;2019-05-15;25;M;4;1;C;56;66;6
82878;2019-05-15;834;M;3;3;B;45;48;6
82898;2019-05-15;882;F;4;1;B;55;62;6
82950;2019-05-15;308;M;4;0;B;14;14;4
83009;2019-05-15;553;F;4;0;B;18;20;5
83107;2019-05-15;777;F;1;0;B;53;56;5
83120;2019-05-15;213;M;2;4;B;52;55;6
83216;2019-05-15;147;M;1;0;A;6;6;4
83274;2019-05-15;422;F;2;4;C;61;72;6
83338;2019-05-15;527;F;4;1;B;67;81;6
83343;2019-05-15;48;M;4;1;B;41;43;6
83436;2019-05-15;669;F;4;0;B;49;56;6
83465;2019-05-15;426;F;3;0;C;65;79;6
83553;2019-05-15;506;F;4;3;B;55;65;5
83592;2019-05-15;819;M;4;0;B;47;49;5
83649;2019-05-15;431;F;4;3;B;42;45;5
83660;2019-05-15;29;M;2;0;B;7;7;3
83687;2019-05-15;636;M;2;2;B;5;5;2
83711;2019-05-15;476;M;3;0;C;66;74;5
83751;2019-05-15;830;F;5;1;B;56;65;6
83756;2019-05-15;244;M;4;0;B;52;59;5
83792;2019-05-15;525;M;1;4;B;2;2;2
83818;2019-05-15;814;M;4;0;B;61;79;6
83906;2019-05-15;896;M;3;0;B;32;34;4
83969;2019-05-15;811;M;2;1;B;50;54;5
84021;2019-05-15;364;F;4;2;C;15;16;4
84024;2019-05-15;223;F;3;0;B;29;31;5
84103;2019-05-15;686;F;3;2;A;60;67;6
84173;2019-05-15;123;F;3;2;B;30;32;4
84257;2019-05-15;715;F;3;4;B;46;49;6
84272;2019-05-15;55;F;3;0;B;6;6;3
84286;2019-05-15;601;M;4;0;A;49;52;5
84291;2019-05-15;150;M;1;4;B;35;38;4
84336;2019-05-15;673;F;5;1;B;23;25;4
84392;2019-05-15;917;M;1;0;A;51;56;7
84487;2019-05-15;970;M;2;4;B;22;23;5
84565;2019-05-15;814;M;4;0;B;70;81;7
84566;2019-05-15;950;M;3;0;C;27;29;4
84640;2019-05-15;378;F;2;0;C;13;14;3
84695;2019-05-15;41;M;3;0;C;45;51;5
84754;2019-05-15;852;M;2;3;B;58;64;5
84842;2019-05-15;921;M;2;3;B;51;65;7
84928;2019-05-15;256;F;4;0;B;10;14;4
84992;2019-05-15;302;F;4;3;C;7;7;3
85039;2019-05-15;20;M;4;0;B;68;78;5
85103;2019-05-15;234;M;3;4;B;75;89;7
85111;2019-05-15;951;M;2;0;B;45;52;6
85172;2019-05-15;94;M;1;2;C;36;41;6
85237;2019-05-15;985;M;1;0;B;36;40;5
85324;2019-05-15;769;F;3;3;C;63;72;6
85395;2019-05-15;927;M;1;1;C;53;57;7
85429;2019-05-15;19;F;2;2;C;21;22;4
85464;2019-05-15;274;M;1;1;B;45;49;6
85529;2019-05-15;95;M;1;0;B;11;11;5
85573;2019-05-15;449;F;2;3;B;26;28;6
85605;2019-05-15;369;F;3;4;C;70;86;6
85689;2019-05-15;161;M;5;2;B;63;76;6
85740;2019-05-15;791;F;1;0;B;13;13;5
85762;2019-05-15;384;F;3;2;C;23;24;5
85850;2019-05-15;925;M;2;0;C;8;8;3
85879;2019-05-15;469;M;4;2;C;42;45;6
85905;2019-05-15;618;M;4;3;B;62;73;6
85999;2019-05-15;815;F;2;4;B;19;20;6
86085;2019-05-15;752;M;3;0;C;49;59;6
86138;2019-05-15;116;M;4;0;B;60;75;6
86190;2019-05-15;924;F;2;2;B;39;41;6
86205;2019-05-22;593;M;4;1;B;67;82;6
86272;2019-05-22;805;F;3;0;C;12;12;5
86293;2019-05-22;453;F;1;0;B;60;68;6
86338;2019-05-22;956;M;5;1;C;44;51;6
86409;2019-05-22;773;M;4;0;B;56;65;6
86491;2019-05-22;40;M;2;1;B;27;30;5
86585;2019-05-22;280;M;4;3;B;55;65;6
86602;2019-05-22;759;F;3;0;B;10;10;3
86691;2019-05-22;422;F;2;4;C;39;48;5
86702;2019-05-22;866;M;2;2;C;6;6;2
86750;2019-05-22;941;M;2;3;B;74;81;6
86846;2019-05-22;533;F;4;0;A;25;25;6
86867;2019-05-22;354;F;2;0;B;69;79;6
86928;2019-05-22;937;M;3;4;C;72;77;6
87016;2019-05-22;478;M;1;4;A;18;19;6
87065;2019-05-22;606;M;1;0;B;24;26;4
87142;2019-05-22;251;F;2;0;C;8;8;3
87230;2019-05-22;696;M;2;0;B;56;64;6
87251;2019-05-22;217;F;3;0;B;61;72;7
87336;2019-05-22;317;M;3;0;B;19;19;5
87367;2019-05-22;712;F;2;3;B;8;8;2
87432;2019-05-22;101;F;1;0;C;22;22;6
87473;2019-05-22;84;F;3;0;C;16;16;6
87567;2019-05-22;88;F;1;0;B;36;40;6
87651;2019-05-22;324;F;3;3;B;61;66;6
87704;2019-05-22;667;F;4;0;C;48;56;5
87715;2019-05-22;269;F;3;3;B;59;64;7
87791;2019-05-22;909;M;3;0;B;43;48;6
87859;2019-05-22;644;M;1;0;C;49;54;6
87922;2019-05-22;844;F;5;1;A;58;74;5
87933;2019-05-22;609;F;4;0;C;33;35;6
88027;2019-05-22;128;F;2;0;B;9;9;2
88042;2019-05-22;954;F;4;2;B;11;12;4
88118;2019-05-22;533;F;4;0;A;70;83;6
88217;2019-05-22;374;F;3;0;B;51;59;6
88272;2019-05-22;618;M;4;3;B;36;46;6
88365;2019-05-22;969;M;1;3;B;11;11;5
88438;2019-05-22;909;M;3;0;B;18;19;6
88536;2019-05-22;703;M;1;3;B;40;50;7
88537;2019-05-22;682;F;2;2;B;15;15;4
88610;2019-05-22;738;M;1;0;C;71;85;6
88644;2019-05-22;928;F;5;1;B;61;74;6
88698;2019-05-22;855;M;4;1;C;37;39;5
88786;2019-05-22;503;F;2;1;B;8;8;4
88809;2019-05-22;118;M;2;4;A;27;28;6
88859;2019-05-22;324;F;3;3;B;18;19;6
88947;2019-05-22;290;F;1;0;B;27;29;4
88989;2019-05-22;455;F;2;0;C;42;45;5
89063;2019-05-22;379;F;4;0;C;7;7;3
89117;2019-05-22;561;M;2;0;B;36;37;5
89133;2019-05-22;342;M;3;0;B;55;63;6
89168;2019-05-22;196;M;2;0;B;74;81;5
89186;2019-05-22;357;M;2;2;C;62;69;6
89249;2019-05-22;334;M;3;0;C;29;31;5
89277;2019-05-22;805;F;3;0;C;66;74;6
89296;2019-05-22;565;F;1;2;B;18;19;3
89351;2019-05-22;573;F;1;0;C;63;75;6
89391;2019-05-22;130;F;1;0;B;20;22;5
89467;2019-05-22;256;F;4;0;B;29;31;4
89486;2019-05-22;637;F;1;0;B;34;36;4
89549;2019-05-22;602;M;3;0;B;64;80;6
89602;2019-05-22;738;M;1;0;C;30;30;3
89642;2019-05-22;101;F;1;0;C;26;26;6
89658;2019-05-22;435;F;2;0;C;33;35;6
89662;2019-05-22;407;F;3;3;A;3;3;2
89749;2019-05-24;494;F;5;1;C;73;89;5
89822;2019-05-24;949;M;1;0;B;55;62;6
89867;2019-05-24;521;F;1;0;A;56;67;6
89963;2019-05-24;889;F;3;4;B;60;71;5
90020;2019-05-24;234;M;3;4;B;36;37;5
90096;2019-05-24;308;M;4;0;B;56;63;6
90126;2019-05-24;374;F;3;0;B;16;17;4
90189;2019-05-24;572;M;1;0;C;21;22;3
90211;2019-05-24;47;F;4;0;B;24;24;5
90300;2019-05-24;189;F;3;4;C;33;38;5
90325;2019-05-24;831;F;4;2;B;45;52;7
90330;2019-05-24;303;M;3;4;B;31;34;5
90400;2019-05-24;401;M;1;4;C;56;68;6
90486;2019-05-24;132;M;2;0;A;59;69;6
90489;2019-05-24;388;F;4;3;B;26;26;6
90499;2019-05-24;279;M;1;2;B;62;68;6
90565;2019-05-24;799;M;4;3;C;27;29;5
90642;2019-05-24;607;F;2;0;B;44;47;4
90721;2019-05-24;416;M;3;2;C;5;5;3
90741;2019-05-24;152;F;3;1;C;41;44;7
90759;2019-05-24;347;F;4;0;B;43;49;6
90760;2019-05-24;973;F;4;0;B;53;57;7
90812;2019-05-24;802;M;1;1;B;60;67;6
90883;2019-05-24;314;F;1;1;A;29;33;4
90968;2019-05-24;398;F;4;1;B;65;77;6
90979;2019-05-24;891;F;3;2;B;44;50;6
90989;2019-05-24;692;F;4;0;B;47;51;6
91033;2019-05-24;89;F;3;3;C;69;86;6
91108;2019-05-24;547;F;3;4;C;3;3;2
91161;2019-05-24;367;F;1;0;A;45;46;6
91260;2019-05-24;457;M;3;0;C;55;68;6
91282;2019-05-24;505;F;1;0;C;5;5;3
91299;2019-05-27;873;F;3;0;B;18;19;5
91341;2019-05-27;912;F;4;0;C;59;68;6
91359;2019-05-27;314;F;1;1;A;33;35;5
91434;2019-05-27;839;F;1;3;B;72;81;6
91499;2019-05-27;324;F;3;3;B;11;11;5
91592;2019-05-27;424;M;1;4;B;35;37;5
91637;2019-05-27;923;F;2;4;C;21;24;5
91718;2019-05-27;53;M;1;1;B;41;43;6
91722;2019-05-27;60;F;2;3;B;28;28;5
91725;2019-05-27;394;M;1;0;B;60;69;7
91822;2019-05-27;96;F;1;1;C;42;46;6
91899;2019-05-27;960;F;4;2;B;63;73;6
91936;2019-05-27;446;M;1;4;B;25;26;4
91942;2019-05-27;715;F;3;4;B;17;17;5
91963;2019-05-27;968;F;1;0;B;40;48;5
92042;2019-05-27;280;M;4;3;B;55;61;6
92086;2019-05-27;278;F;3;2;C;68;82;7
92134;2019-05-27;172;M;2;0;B;27;28;6
92189;2019-05-27;40;M;2;1;B;39;47;6
92196;2019-05-27;963;M;3;0;B;44;47;6
92197;2019-05-27;636;M;2;2;B;12;12;4
92266;2019-05-29;654;M;1;1;B;58;64;6
92360;2019-05-29;991;F;2;2;C;62;70;7
92383;2019-05-29;96;F;1;1;C;6;6;3
92419;2019-05-29;421;M;3;3;C;48;57;6
92489;2019-05-29;78;M;1;0;B;27;30;5
92580;2019-05-29;398;F;4;1;B;66;88;5
92677;2019-05-29;361;F;1;0;C;76;86;7
92684;2019-05-29;164;M;2;3;A;21;22;5
92749;2019-05-29;550;M;4;0;B;68;78;6
92795;2019-05-29;869;F;3;0;B;46;55;4
92894;2019-05-29;86;F;4;3;C;46;51;7
92910;2019-05-29;94;M;1;2;C;74;86;6
92966;2019-05-29;502;M;4;0;C;45;50;5
92992;2019-05-29;747;M;1;0;B;47;50;6
93040;2019-05-29;744;M;4;0;A;35;40;6
93138;2019-05-29;516;M;1;0;C;26;29;5
93174;2019-05-29;568;F;4;1;A;56;62;5
93254;2019-05-29;784;F;1;3;B;6;7;2
93274;2019-05-29;929;M;4;0;B;24;26;6
93329;2019-05-29;952;F;3;4;C;15;15;3
93392;2019-05-29;765;F;5;1;B;12;12;3
93461;2019-05-29;23;M;3;0;B;11;12;5
93486;2019-05-29;36;F;3;0;C;30;35;5
93544;2019-04-06;177;F;3;2;C;22;24;4
93590;2019-04-06;542;M;3;1;B;22;22;5
93608;2019-04-06;912;F;4;0;C;43;47;5
93679;2019-04-06;225;M;4;0;C;32;36;5
93770;2019-04-06;51;F;3;0;B;18;19;4
93844;2019-04-06;756;F;1;4;B;70;83;6
93902;2019-04-06;911;F;2;0;B;63;72;7
93907;2019-04-06;644;M;1;0;C;30;31;6
93995;2019-04-06;355;M;3;4;B;7;8;3
94053;2019-04-06;551;M;1;0;C;38;39;5
94085;2019-04-06;453;F;1;0;B;3;3;2
94164;2019-04-06;506;F;4;3;B;64;77;6
94175;2019-04-06;76;M;3;0;A;45;50;5
94234;2019-04-06;978;F;3;0;C;2;2;2
94324;2019-04-06;675;M;4;0;B;38;42;4
94325;2019-04-06;161;M;5;2;B;62;69;5
94348;2019-04-06;746;M;3;0;C;68;75;6
94363;2019-04-06;122;M;3;3;B;48;56;6
94390;2019-04-06;173;F;1;0;B;6;6;3
94393;2019-04-06;455;F;2;0;C;2;2;2
94481;2019-04-06;360;M;4;0;B;23;25;4
94513;2019-04-06;284;M;4;1;B;42;51;6
94578;2019-04-06;50;M;4;0;B;33;35;6
94672;2019-04-06;344;M;3;0;B;28;29;4
94762;2019-04-06;542;M;3;1;B;44;46;5
94844;2019-04-06;431;F;4;3;B;28;29;4
94873;2019-04-06;944;F;3;1;B;5;5;4
94917;2019-04-06;729;M;3;0;B;41;44;6
94919;2019-04-06;160;F;3;4;B;22;22;4
94978;2019-04-06;15;M;2;1;C;64;78;7
95069;2019-04-06;262;M;1;2;B;17;17;4
95135;2019-04-06;4;M;4;0;B;25;27;4
95152;2019-04-06;595;M;1;0;B;10;10;4
95180;2019-04-06;346;F;2;4;C;60;69;6
95204;2019-04-06;75;M;1;0;B;22;22;4
95227;2019-04-06;713;F;1;3;C;55;63;6
95326;2019-04-06;132;M;2;0;A;31;34;5
95420;2019-04-06;343;F;1;0;B;25;27;6
95497;2019-04-06;69;M;4;3;A;64;71;5
95516;2019-04-06;965;M;3;0;B;65;79;5
95558;2019-04-06;897;M;2;1;C;60;70;7
95617;2019-04-06;361;F;1;0;C;10;10;3
95694;2019-04-06;826;F;2;0;C;70;84;7
95777;2019-04-06;188;M;2;2;B;19;20;4
95791;2019-04-06;874;F;3;3;B;59;66;5
95874;2019-04-06;653;M;2;0;C;21;22;5
95905;2019-04-06;890;M;3;0;C;42;45;6
95964;2019-04-06;971;F;1;2;A;35;39;5
96039;2019-04-06;432;F;1;0;C;29;31;5
96068;2019-04-06;18;M;4;0;C;54;58;5
96070;2019-04-06;298;F;4;0;C;67;76;6
96097;2019-04-06;782;M;3;3;B;71;85;5
96160;2019-04-06;626;M;3;1;C;14;15;4
96253;2019-04-06;740;F;1;4;C;33;34;5
96350;2019-04-06;614;F;4;1;B;15;15;3
96374;2019-04-06;687;M;2;3;C;42;47;6
96409;2019-04-06;471;F;4;0;A;69;85;7
96504;2019-04-06;791;F;1;0;B;6;6;3
96590;2019-04-06;258;F;1;0;B;3;3;2
96654;2019-05-06;746;M;3;0;C;21;22;6
96657;2019-05-06;737;F;2;1;C;27;29;6
96746;2019-05-06;407;F;3;3;A;41;43;6
96781;2019-05-06;453;F;1;0;B;1;1;1
96845;2019-05-06;123;F;3;2;B;54;60;5
96879;2019-05-06;122;M;3;3;B;12;12;4
96925;2019-05-06;335;F;3;0;C;64;80;6
96965;2019-05-06;783;F;1;0;B;24;26;5
97042;2019-05-06;69;M;4;3;A;49;57;6
97067;2019-05-06;560;M;2;0;B;14;17;6
97091;2019-05-06;903;M;1;0;B;40;43;5
97128;2019-05-06;865;F;1;0;B;28;32;5
97174;2019-05-06;960;F;4;2;B;4;4;3
97270;2019-05-06;808;F;3;0;B;70;84;6
97332;2019-05-06;712;F;2;3;B;37;41;5
97334;2019-05-06;9;F;2;0;B;68;79;6
97386;2019-05-06;481;M;3;0;B;10;11;3
97458;2019-05-06;396;F;1;0;B;18;19;4
97467;2019-05-06;486;M;4;0;B;24;26;7
97527;2019-05-06;641;F;4;0;C;50;54;5
97560;2019-05-06;231;F;4;2;B;41;43;4
97564;2019-05-06;697;M;3;0;C;58;63;6
97584;2019-05-06;881;F;5;1;C;60;72;5
97628;2019-05-06;153;M;4;1;B;23;23;6
97632;2019-05-06;462;F;4;0;A;52;56;6
97701;2019-05-06;375;M;4;0;B;32;35;6
97775;2019-05-06;75;M;1;0;B;45;48;5
97867;2019-05-06;185;F;3;0;C;50;55;6
97922;2019-05-06;341;M;2;0;C;51;59;6
97930;2019-05-06;764;F;3;1;B;21;23;5
97933;2019-05-06;447;M;2;0;B;24;24;3
98012;2019-06-06;62;F;2;0;B;70;84;5
98080;2019-06-06;424;M;1;4;B;57;64;6
98117;2019-06-06;828;F;2;4;B;15;17;5
98174;2019-06-06;786;F;1;4;C;61;74;6
98186;2019-06-06;820;M;1;4;B;52;59;6
98241;2019-06-06;433;M;3;3;B;72;84;5
98317;2019-06-06;519;M;2;4;B;29;31;5
98415;2019-06-06;374;F;3;0;B;57;71;6
98490;2019-06-06;879;M;2;2;C;4;4;2
98496;2019-06-06;469;M;4;2;C;63;71;6
98569;2019-06-06;195;M;4;0;B;3;3;3
98587;2019-06-06;397;F;1;0;B;13;13;4
98636;2019-06-06;113;F;3;0;B;6;6;4
98720;2019-06-06;836;F;2;0;B;42;45;6
98743;2019-06-06;954;F;4;2;B;26;26;5
98764;2019-06-06;537;F;1;4;B;39;41;5
98850;2019-06-06;538;M;3;0;B;28;28;4
98879;2019-06-06;848;F;5;3;A;72;79;5
98885;2019-06-06;10;M;1;0;B;48;60;6
98970;2019-06-06;93;F;2;0;C;5;5;3
98995;2019-06-06;363;F;1;0;B;27;33;4
99081;2019-06-06;33;F;2;0;B;2;2;2
99111;2019-06-06;842;M;5;2;B;40;44;5
99174;2019-06-06;531;F;3;1;B;30;31;5
99228;2019-06-06;650;F;2;0;C;55;59;7
99285;2019-06-06;774;F;2;0;B;43;44;6
99325;2019-06-06;786;F;1;4;C;21;22;5
99368;2019-06-06;763;F;4;0;B;26;27;4
99418;2019-06-06;407;F;3;3;A;56;63;6
99506;2019-06-06;881;F;5;1;C;42;45;6
99594;2019-08-06;949;M;1;0;B;16;16;4
99615;2019-08-06;69;M;4;3;A;53;56;7
99632;2019-08-06;515;M;4;0;A;12;15;4
99714;2019-08-06;528;M;2;2;C;24;26;5
99767;2019-08-06;824;F;1;0;B;31;34;5
99805;2019-08-06;141;M;3;4;B;62;70;5
99835;2019-08-06;430;F;4;1;B;16;17;5
99896;2019-08-06;442;F;3;2;B;47;49;5
99914;2019-08-06;492;F;2;1;C;35;38;6
99937;2019-08-06;583;F;2;0;B;4;5;2
99955;2019-08-06;659;F;2;2;B;46;49;6
99995;2019-08-06;65;M;4;0;B;36;40;4
100005;2019-08-06;845;F;3;3;C;70;88;6
100067;2019-08-06;293;M;4;0;B;35;39;6
100094;2019-08-06;846;F;4;3;C;71;81;6
100100;2019-08-06;269;F;3;3;B;41;46;6
100111;2019-08-06;910;M;2;2;B;49;60;4
100205;2019-08-06;221;F;1;0;B;62;73;6
100210;2019-08-06;992;F;2;0;B;1;1;1
100228;2019-08-06;409;F;3;4;B;49;54;6
100323;2019-08-06;82;F;1;1;C;42;48;5
100372;2019-08-06;302;F;4;3;C;17;17;5
100399;2019-08-06;805;F;3;0;C;36;38;5
100465;2019-08-06;274;M;1;1;B;74;89;6
100519;2019-08-06;300;F;1;3;C;53;57;6
100604;2019-08-06;788;F;4;2;B;54;60;7
100631;2019-08-06;124;F;4;2;B;39;43;5
100713;2019-08-06;946;M;3;0;B;34;37;6
100797;2019-08-06;946;M;3;0;B;57;67;5
100873;2019-08-06;26;F;4;1;A;31;36;6
100942;2019-08-06;726;M;2;0;B;11;11;3
100945;2019-08-06;449;F;2;3;B;15;15;5
100973;2019-08-06;103;M;3;4;B;45;50;5
100984;2019-08-06;503;F;2;1;B;14;14;3
101082;2019-08-06;325;M;1;3;B;61;67;7
101154;2019-08-06;442;F;3;2;B;25;27;7
101244;2019-08-06;140;F;1;0;C;62;75;6
101343;2019-08-06;700;F;4;2;C;5;5;3
101348;2019-08-06;938;M;1;4;B;50;56;6
101387;2019-08-06;778;F;2;2;A;30;32;5
101441;2019-08-06;774;F;2;0;B;49;53;7
101512;2019-08-06;968;F;1;0;B;28;29;5
101540;2019-08-06;99;F;1;4;C;39;44;6
101565;2019-08-06;389;F;3;0;C;47;52;5
101631;2019-08-06;871;F;1;3;C;27;27;5
101672;2019-08-06;178;M;3;0;A;10;10;3
101765;2019-08-06;815;F;2;4;B;74;83;6
101808;2019-08-06;278;F;3;2;C;7;7;3
101859;2019-08-06;649;F;3;0;B;64;70;6
101883;2019-08-06;921;M;2;3;B;2;2;2
101916;2019-09-06;761;F;1;4;B;55;61;6
101934;2019-09-06;433;M;3;3;B;7;7;5
102030;2019-09-06;588;F;1;4;C;49;58;5
102098;2019-09-06;512;M;4;0;B;68;81;7
102193;2019-09-06;300;F;1;3;C;76;86;5
102218;2019-09-06;989;M;2;0;B;31;34;6
102219;2019-09-06;813;F;4;0;C;55;68;6
102230;2019-09-06;268;M;4;0;B;56;63;5
102319;2019-09-06;258;F;1;0;B;58;68;5
102383;2019-09-06;119;F;3;2;B;20;20;5
102398;2019-09-06;426;F;3;0;C;33;34;4
102444;2019-09-06;852;M;2;3;B;16;16;4
102469;2019-09-06;14;M;1;3;B;40;41;6
102537;2019-09-06;463;M;3;3;B;47;52;5
102550;2019-09-06;298;F;4;0;C;32;34;5
102595;2019-09-06;121;F;1;2;B;42;47;6
102665;2019-09-06;174;M;4;3;C;4;4;2
102723;2019-09-06;115;M;4;0;B;62;73;6
102781;2019-09-06;631;M;1;4;C;37;41;5
102827;2019-09-06;918;F;2;4;C;44;50;6
102874;2019-09-06;312;M;1;0;A;44;48;4
102903;2019-09-06;90;F;2;2;B;44;47;5
103001;2019-09-06;513;F;4;3;B;33;33;6
103043;2019-09-06;331;F;4;0;B;68;75;5
103052;2019-09-06;30;M;4;0;B;68;85;6
103090;2019-09-06;639;M;2;0;C;14;15;4
103153;2019-09-06;83;M;1;4;B;62;76;4
103251;2019-09-06;871;F;1;3;C;42;48;6
103310;2019-09-06;766;F;1;0;B;65;72;6
103315;2019-09-06;436;M;2;4;B;43;46;6
103338;2019-09-06;408;F;4;0;B;77;88;6
103431;2019-09-06;753;F;1;3;C;31;33;5
103471;2019-09-06;125;M;3;0;B;14;14;5
103561;2019-09-06;33;F;2;0;B;12;13;4
103644;2019-09-06;748;M;4;0;B;31;38;6
103687;2019-09-06;461;M;3;4;C;40;44;6
103764;2019-09-06;528;M;2;2;C;62;71;6
103842;2019-09-06;162;F;1;1;B;1;1;1
103852;2019-09-06;14;M;1;3;B;30;34;6
103870;2019-09-06;848;F;5;3;A;47;55;6
103969;2019-09-06;345;F;2;3;B;67;78;6
103977;2019-09-06;344;M;3;0;B;46;50;5
103981;2019-09-06;601;M;4;0;A;25;30;6
104019;2019-09-06;196;M;2;0;B;49;53;6
104044;2019-09-06;223;F;3;0;B;13;15;5
104111;2019-09-06;842;M;5;2;B;17;17;5
104137;2019-09-06;442;F;3;2;B;50;55;5
104153;2019-09-06;157;M;1;1;C;29;30;5
104238;2019-09-06;60;F;2;3;B;67;75;7
104311;2019-09-06;242;F;4;0;B;59;67;6
104314;2019-10-06;777;F;1;0;B;55;57;6
104327;2019-10-06;336;F;1;0;C;65;76;7
104345;2019-10-06;532;F;2;3;B;44;48;5
104355;2019-10-06;513;F;4;3;B;17;18;4
104418;2019-10-06;577;M;4;0;C;56;64;5
104455;2019-10-06;363;F;1;0;B;14;14;4
104542;2019-10-06;948;M;4;0;C;39;44;5
104602;2019-10-06;236;M;2;2;C;64;70;6
104685;2019-10-06;429;M;4;0;C;37;42;6
104708;2019-10-06;703;M;1;3;B;61;68;6
104722;2019-10-06;751;F;2;0;B;6;6;2
104797;2019-10-06;851;F;2;0;B;15;15;4
104889;2019-10-06;108;M;1;0;B;12;12;3
104919;2019-10-06;739;F;2;3;B;59;74;5
104982;2019-10-06;533;F;4;0;A;72;89;6
105030;2019-10-06;403;M;3;2;B;66;81;7
105074;2019-10-06;980;F;1;0;B;6;6;3
105154;2019-10-06;10;M;1;0;B;42;48;6
105230;2019-10-06;79;F;2;0;C;25;26;4
105267;2019-10-06;694;M;4;0;C;24;26;6
105299;2019-10-06;944;F;3;1;B;54;64;6
105356;2019-10-06;397;F;1;0;B;27;29;6
105374;2019-10-06;162;F;1;1;B;21;22;5
105432;2019-10-06;4;M;4;0;B;62;71;6
105476;2019-10-06;380;M;3;4;B;34;36;5
105551;2019-10-06;436;M;2;4;B;45;52;6
105627;2019-10-06;979;F;3;0;A;61;73;6
105639;2019-10-06;498;M;3;2;B;22;23;5
105645;2019-10-06;271;F;4;0;B;56;64;6
105727;2019-10-06;923;F;2;4;C;81;86;6
105793;2019-10-06;527;F;4;1;B;40;43;5
105864;2019-10-06;612;F;3;4;B;35;40;4
105873;2019-10-06;267;F;4;2;B;20;22;4
105930;2019-10-06;991;F;2;2;C;50;58;6
106000;2019-10-06;617;F;4;3;C;34;39;5
106080;2019-10-06;349;M;3;0;B;20;20;4
106179;2019-10-06;627;M;3;1;B;68;82;6
106192;2019-10-06;34;M;2;0;C;2;2;2
106194;2019-10-06;714;M;1;0;B;66;79;5
106197;2019-06-13;843;F;5;1;C;6;6;3
106233;2019-06-13;104;F;3;2;B;7;7;4
106306;2019-06-13;620;M;2;0;B;60;71;7
106324;2019-06-13;13;M;2;1;B;36;43;5
106372;2019-06-13;277;F;1;3;B;46;50;6
106450;2019-06-13;655;M;2;0;B;42;49;5
106459;2019-06-13;217;F;3;0;B;51;57;6
106494;2019-06-13;301;F;3;0;C;49;53;6
106526;2019-06-13;280;M;4;3;B;41;46;5
106606;2019-06-13;51;F;3;0;B;33;39;5
106625;2019-06-13;292;F;2;0;C;50;54;6
106630;2019-06-13;874;F;3;3;B;49;54;7
106654;2019-06-13;255;M;4;0;B;3;3;1
106701;2019-06-13;892;F;4;2;B;75;85;6
106731;2019-06-13;949;M;1;0;B;53;62;5
106783;2019-06-13;971;F;1;2;A;24;24;4
106784;2019-06-13;494;F;5;1;C;66;75;6
106835;2019-06-13;483;M;1;0;C;53;60;6
106859;2019-06-13;973;F;4;0;B;23;24;4
106941;2019-06-13;873;F;3;0;B;52;58;7
107014;2019-06-13;286;M;4;0;B;38;42;7
107032;2019-06-13;608;F;3;0;C;16;16;5
107034;2019-06-13;416;M;3;2;C;10;10;3
107113;2019-06-13;120;F;4;3;A;46;50;6
107132;2019-06-13;957;M;2;3;B;33;39;5
107135;2019-06-13;61;M;1;2;B;79;82;7
107227;2019-06-13;672;F;4;0;B;25;27;4
107249;2019-06-13;606;M;1;0;B;40;44;6
107263;2019-06-13;816;M;4;0;C;38;42;6
107290;2019-06-13;903;M;1;0;B;3;3;1
107377;2019-06-13;908;M;3;2;C;32;34;6
107400;2019-06-13;376;F;3;0;B;61;77;6
107463;2019-06-13;244;M;4;0;B;71;85;5
107555;2019-06-13;783;F;1;0;B;48;52;6
107569;2019-06-13;155;F;2;0;B;63;72;5
107666;2019-06-13;829;F;3;4;B;1;1;1
107739;2019-06-13;325;M;1;3;B;36;38;5
107754;2019-06-13;170;F;4;2;B;6;6;3
107779;2019-06-13;432;F;1;0;C;24;25;5
107865;2019-06-13;697;M;3;0;C;73;82;7
107951;2019-06-13;366;M;3;4;B;51;54;6
108013;2019-06-13;607;F;2;0;B;47;49;6
108083;2019-06-13;865;F;1;0;B;43;45;6
108142;2019-06-15;112;M;4;0;B;68;85;6
108172;2019-06-15;492;F;2;1;C;78;89;7
108261;2019-06-15;482;M;4;2;B;39;40;6
108340;2019-06-15;731;M;3;4;B;36;40;7
108377;2019-06-15;5;F;4;3;C;34;36;5
108380;2019-06-15;153;M;4;1;B;36;37;6
108396;2019-06-15;14;M;1;3;B;47;53;6
108405;2019-06-15;804;F;4;3;B;74;89;7
108438;2019-06-15;265;M;2;3;B;60;66;6
108497;2019-06-15;541;F;3;0;B;52;61;5
108567;2019-06-15;328;M;2;0;B;72;88;6
108616;2019-06-15;781;M;4;0;B;22;22;5
108653;2019-06-15;994;M;4;0;C;19;19;4
108688;2019-06-15;622;F;3;0;B;3;3;2
108752;2019-06-15;179;F;2;0;B;38;40;6
108815;2019-06-22;3;F;4;0;B;69;85;7
108827;2019-06-22;778;F;2;2;A;59;68;6
108869;2019-06-22;521;F;1;0;A;9;9;3
108941;2019-06-22;852;M;2;3;B;15;15;4
108999;2019-06-22;619;M;4;1;B;74;84;6
109048;2019-06-22;77;F;4;1;B;33;33;5
109074;2019-06-22;752;M;3;0;C;50;56;6
109131;2019-06-22;112;M;4;0;B;37;39;5
109203;2019-06-22;192;F;4;0;B;17;18;5
109225;2019-06-22;646;F;1;0;B;60;68;6
109301;2019-06-22;582;F;2;0;B;22;24;5
109369;2019-06-22;113;F;3;0;B;30;31;7
109448;2019-06-22;445;M;2;0;B;3;3;3
109463;2019-06-22;215;M;2;4;B;8;8;4
109561;2019-06-22;552;M;4;0;B;27;31;4
109574;2019-06-22;727;M;4;2;C;10;11;3
109673;2019-06-22;298;F;4;0;C;56;66;5
109722;2019-06-22;268;M;4;0;B;51;64;5
109769;2019-06-22;991;F;2;2;C;64;77;6
109849;2019-06-22;449;F;2;3;B;8;8;3
109898;2019-06-22;939;M;2;1;C;4;4;2
109914;2019-06-22;39;M;2;0;C;45;46;5
109996;2019-06-22;542;M;3;1;B;73;82;6
110053;2019-06-22;807;M;1;3;B;41;47;6
110055;2019-06-22;536;M;4;0;B;28;28;5
110136;2019-06-22;763;F;4;0;B;45;52;7
110188;2019-06-22;29;M;2;0;B;13;14;5
110213;2019-06-22;189;F;3;4;C;47;55;5
110223;2019-06-22;751;F;2;0;B;55;60;6
110248;2019-06-22;116;M;4;0;B;57;64;6
110289;2019-06-22;838;F;1;0;C;73;85;6
110318;2019-06-22;49;M;2;0;C;26;28;4
110381;2019-06-22;602;M;3;0;B;72;84;6
110463;2019-06-22;640;M;4;0;C;68;76;6
110480;2019-06-22;548;F;4;0;C;60;72;5
110533;2019-06-22;728;M;2;0;A;7;7;4
110619;2019-06-22;237;F;4;3;C;8;8;3
110693;2019-06-22;953;M;1;1;B;20;20;4
110709;2019-06-22;318;M;1;2;B;50;55;6
110732;2019-06-22;443;F;4;0;C;31;35;5
110778;2019-06-22;430;F;4;1;B;18;19;4
110827;2019-06-22;125;M;3;0;B;51;58;6
110912;2019-06-22;617;F;4;3;C;71;81;6
110936;2019-06-22;866;M;2;2;C;18;18;4
111007;2019-06-22;339;F;4;0;C;19;20;5
111020;2019-06-22;14;M;1;3;B;3;3;2
111103;2019-06-22;333;F;2;0;C;13;13;4
111172;2019-06-22;796;M;2;3;B;44;53;6
111175;2019-06-22;742;M;1;1;C;40;44;5
111236;2019-06-22;649;F;3;0;B;45;49;6
111279;2019-06-22;375;M;4;0;B;7;7;3
111367;2019-06-22;268;M;4;0;B;60;68;6
111409;2019-06-22;793;M;1;3;B;60;73;7
111450;2019-06-22;414;F;1;0;B;70;88;5
111493;2019-06-22;703;M;1;3;B;51;58;6
111528;2019-06-22;530;F;1;0;A;28;29;4
111589;2019-06-22;656;M;2;0;C;18;18;5
111660;2019-06-22;395;F;4;1;B;42;48;6
111666;2019-06-22;289;F;3;4;C;65;78;6
111741;2019-06-22;119;F;3;2;B;10;10;3
111790;2019-06-22;138;F;3;2;B;60;69;7
111801;2019-06-22;440;F;4;0;C;67;79;6
111885;2019-06-22;881;F;5;1;C;65;71;6
111948;2019-06-22;279;M;1;2;B;73;82;6
111959;2019-06-22;747;M;1;0;B;79;89;6
112021;2019-06-22;423;F;5;2;A;5;5;3
112061;2019-06-22;401;M;1;4;C;52;62;6
112067;2019-06-22;881;F;5;1;C;12;12;4
112127;2019-06-22;174;M;4;3;C;19;19;5
112212;2019-06-22;405;F;4;0;B;39;42;5
112283;2019-06-22;637;F;1;0;B;64;70;5
112313;2019-06-22;51;F;3;0;B;41;44;6
112353;2019-06-22;744;M;4;0;A;36;42;6
112358;2019-06-22;455;F;2;0;C;5;5;3
112436;2019-06-22;665;M;1;4;B;48;56;5
112459;2019-06-22;911;F;2;0;B;1;1;1
112500;2019-06-22;914;M;2;4;B;46;51;5
112547;2019-06-22;141;M;3;4;B;6;6;3
112621;2019-06-22;5;F;4;3;C;32;34;5
112677;2019-06-22;146;F;2;0;B;10;11;3
112732;2019-06-22;14;M;1;3;B;61;75;5
112817;2019-06-22;292;F;2;0;C;27;27;5
112871;2019-06-22;498;M;3;2;B;63;67;6
112888;2019-06-22;734;F;4;2;B;13;13;5
112901;2019-06-22;438;F;1;0;B;18;19;4
112951;2019-06-22;189;F;3;4;C;55;66;6
113020;2019-06-22;513;F;4;3;B;57;68;6
113037;2019-06-22;898;F;4;0;C;21;23;5
113080;2019-06-22;101;F;1;0;C;22;23;5
113138;2019-06-28;379;F;4;0;C;58;71;6
113166;2019-06-28;467;F;2;2;B;60;72;7
113230;2019-06-28;251;F;2;0;C;33;36;5
113293;2019-06-28;545;M;2;2;B;28;30;5
113367;2019-06-28;553;F;4;0;B;13;15;4
113374;2019-06-28;191;M;3;0;B;12;12;4
113397;2019-06-28;911;F;2;0;B;64;81;5
113483;2019-06-28;362;F;3;0;B;53;62;7
113497;2019-06-28;130;F;1;0;B;9;9;4
113516;2019-06-28;425;F;3;0;B;46;51;6
113563;2019-06-28;690;F;1;3;B;24;28;4
113621;2019-06-28;226;F;4;0;B;18;18;5
113683;2019-06-28;769;F;3;3;C;54;63;7
113758;2019-06-28;988;F;2;0;C;67;80;6
113841;2019-06-28;705;M;1;0;B;52;58;5
113843;2019-06-28;13;M;2;1;B;29;32;4
113849;2019-06-28;578;M;4;0;B;34;40;5
113858;2019-06-28;825;M;1;2;C;18;20;5
113945;2019-06-28;109;M;2;1;B;72;89;6
114043;2019-06-28;33;F;2;0;B;18;19;5
114105;2019-06-28;727;M;4;2;C;52;57;6
114193;2019-06-28;251;F;2;0;C;69;82;7
114201;2019-06-28;931;M;2;0;A;61;70;6
114220;2019-06-28;831;F;4;2;B;50;57;7
114296;2019-06-28;555;M;4;3;A;60;72;6
114382;2019-06-28;484;M;3;2;C;28;33;6
114398;2019-06-28;573;F;1;0;C;42;45;5
114409;2019-06-28;423;F;5;2;A;63;74;6
114427;2019-06-28;6;F;2;0;B;12;13;4
114526;2019-06-28;528;M;2;2;C;52;60;6
114576;2019-06-28;207;F;3;0;B;32;33;6
114642;2019-06-28;702;M;1;0;B;12;13;5
114691;2019-06-28;822;M;2;3;B;74;85;6
114780;2019-06-28;750;M;2;2;C;23;25;5
114871;2019-06-28;126;M;1;0;C;42;53;5
114874;2019-06-28;250;F;4;1;B;28;29;4
114923;2019-06-28;250;F;4;1;B;18;18;4
114943;2019-06-28;243;F;1;4;C;59;66;6
114990;2019-06-28;59;M;2;0;A;50;59;7
115009;2019-06-28;708;F;2;2;B;55;61;5
115016;2019-06-28;429;M;4;0;C;33;34;5
115113;2019-06-28;892;F;4;2;B;30;34;4
115211;2019-06-28;762;F;2;0;B;23;24;4
115232;2019-06-28;613;F;3;0;B;74;83;7
115241;2019-06-28;532;F;2;3;B;71;86;7
115304;2019-06-28;616;F;1;2;C;38;43;5
115399;2019-06-28;456;M;1;4;B;70;76;6
115477;2019-06-28;872;M;3;4;A;1;1;1
115521;2019-06-28;352;M;4;2;B;34;39;5
115538;2019-06-28;126;M;1;0;C;69;82;6
115624;2019-06-28;677;M;4;0;B;73;89;5
115625;2019-06-28;333;F;2;0;C;41;44;5
115685;2019-06-28;918;F;2;4;C;22;22;4
115717;2019-06-28;726;M;2;0;B;65;79;6
115741;2019-06-28;377;F;1;0;B;21;24;6
115760;2019-06-28;373;F;4;2;B;49;54;5
115850;2019-06-28;980;F;1;0;B;67;80;6
115877;2019-06-28;741;M;3;0;B;32;35;5
115932;2019-06-28;585;F;2;4;B;17;17;4
115970;2019-06-28;271;F;4;0;B;68;78;6
116059;2019-06-28;796;M;2;3;B;38;43;6
116156;2019-06-28;252;M;2;2;B;36;39;6
116212;2019-06-28;7;M;1;3;B;58;68;5
116286;2019-06-28;53;M;1;1;B;65;78;5
116323;2019-03-07;714;M;1;0;B;73;87;6
116383;2019-03-07;638;M;3;1;B;64;77;5
116416;2019-03-07;979;F;3;0;A;20;20;5
116465;2019-03-07;524;F;4;3;C;50;53;6
116537;2019-03-07;111;M;2;4;C;37;44;7
116592;2019-03-07;824;F;1;0;B;45;52;6
116679;2019-03-07;317;M;3;0;B;23;25;5
116712;2019-03-07;592;F;2;0;C;18;19;5
116736;2019-03-07;35;M;3;0;B;59;68;6
116801;2019-03-07;832;F;1;0;B;42;51;5
116869;2019-03-07;241;M;4;1;B;56;67;5
116953;2019-03-07;50;M;4;0;B;26;28;3
117032;2019-03-07;481;M;3;0;B;20;20;4
117057;2019-03-07;6;F;2;0;B;63;72;5
117078;2019-03-07;371;F;4;0;B;25;26;6
117152;2019-03-07;113;F;3;0;B;23;23;5
117160;2019-08-07;3;F;4;0;B;51;60;5
117194;2019-08-07;738;M;1;0;C;35;36;5
117242;2019-08-07;852;M;2;3;B;57;66;5
117261;2019-08-07;872;M;3;4;A;55;67;5
117312;2019-08-07;312;M;1;0;A;48;51;6
117409;2019-08-07;169;F;1;1;B;48;52;6
117461;2019-08-07;986;M;4;0;B;7;7;4
117498;2019-08-07;169;F;1;1;B;42;44;6
117501;2019-08-07;891;F;3;2;B;60;70;6
117572;2019-08-07;781;M;4;0;B;19;20;6
117620;2019-08-07;452;M;1;3;B;31;34;6
117711;2019-08-07;792;F;2;0;B;7;7;2
117750;2019-08-07;514;M;4;0;C;52;57;6
117756;2019-08-07;369;F;3;4;C;18;21;3
117801;2019-08-07;256;F;4;0;B;64;76;6
117877;2019-08-07;435;F;2;0;C;5;5;2
117926;2019-08-07;372;M;1;4;B;32;34;6
117933;2019-08-07;214;F;4;0;B;29;29;5
118023;2019-08-07;662;F;1;1;B;9;10;5
118058;2019-08-07;429;M;4;0;C;39;42;6
118098;2019-08-07;262;M;1;2;B;14;14;3
118162;2019-08-07;422;F;2;4;C;56;59;5
118174;2019-08-07;980;F;1;0;B;74;85;7
118221;2019-08-07;644;M;1;0;C;29;30;4
118245;2019-08-07;144;M;1;0;B;64;72;5
118267;2019-08-07;343;F;1;0;B;11;11;3
118340;2019-11-07;904;M;1;2;B;71;84;6
118370;2019-11-07;260;F;2;0;C;23;23;5
118469;2019-11-07;914;M;2;4;B;11;11;4
118548;2019-11-07;679;F;3;3;B;59;63;6
118644;2019-11-07;128;F;2;0;B;8;8;4
118716;2019-11-07;481;M;3;0;B;43;45;7
118778;2019-11-07;912;F;4;0;C;62;71;6
118802;2019-11-07;28;F;1;2;B;15;16;5
118884;2019-11-07;95;M;1;0;B;8;8;3
118927;2019-11-07;25;M;4;1;C;32;34;5
119018;2019-11-07;608;F;3;0;C;17;18;6
119035;2019-11-07;990;F;1;4;B;43;48;6
119114;2019-11-07;235;F;4;0;B;3;3;1
119203;2019-11-07;798;M;5;2;B;52;56;6
119286;2019-11-07;91;M;3;0;B;16;18;4
119355;2019-11-07;450;M;1;0;B;40;44;6
119424;2019-11-07;465;F;3;0;B;42;47;4
119511;2019-11-07;481;M;3;0;B;69;83;6
119581;2019-11-07;633;F;3;0;C;64;76;6
119615;2019-11-07;943;F;1;0;C;50;58;4
119637;2019-11-07;286;M;4;0;B;10;10;5
119728;2019-11-07;547;F;3;4;C;73;82;6
119742;2019-11-07;964;M;2;0;B;66;76;6
119792;2019-11-07;537;F;1;4;B;74;88;7
119832;2019-11-07;583;F;2;0;B;39;40;5
119919;2019-11-07;793;M;1;3;B;79;87;7
119959;2019-11-07;349;M;3;0;B;5;5;3
119989;2019-11-07;692;F;4;0;B;33;36;6
120045;2019-11-07;925;M;2;0;C;16;17;4
120121;2019-11-07;824;F;1;0;B;17;18;4
120167;2019-11-07;431;F;4;3;B;43;44;6
120236;2019-11-07;31;F;1;0;C;60;72;6
120242;2019-11-07;116;M;4;0;B;15;15;6
120323;2019-11-07;485;M;3;3;B;57;66;5
120420;2019-11-07;751;F;2;0;B;8;8;4
120454;2019-11-07;750;M;2;2;C;36;38;6
120479;2019-11-07;246;M;2;2;B;77;81;5
120509;2019-07-17;82;F;1;1;C;60;63;6
120564;2019-07-17;126;M;1;0;C;32;34;5
120649;2019-07-17;353;M;1;2;B;6;6;3
120673;2019-07-17;900;F;3;0;B;38;41;5
120677;2019-07-17;904;M;1;2;B;5;5;2
120752;2019-07-17;476;M;3;0;C;53;59;6
120796;2019-07-17;606;M;1;0;B;41;46;5
120834;2019-07-17;516;M;1;0;C;9;9;4
120929;2019-07-17;946;M;3;0;B;7;7;3
120934;2019-07-17;680;F;3;0;C;73;85;6
121002;2019-07-17;481;M;3;0;B;67;79;5
121045;2019-07-17;729;M;3;0;B;26;27;5
121122;2019-07-17;920;F;5;3;B;40;42;6
121137;2019-07-17;833;F;1;4;B;46;51;5
121161;2019-07-17;980;F;1;0;B;18;18;4
121190;2019-07-17;72;F;2;0;A;37;39;6
121232;2019-07-17;161;M;5;2;B;59;75;6
121251;2019-07-17;905;M;1;0;B;72;78;6
121257;2019-07-17;345;F;2;3;B;45;52;6
121309;2019-07-17;272;M;4;3;C;15;15;6
121332;2019-07-17;567;F;1;0;C;51;59;6
121428;2019-07-17;234;M;3;4;B;29;31;5
121460;2019-07-17;525;M;1;4;B;2;2;1
121492;2019-07-17;769;F;3;3;C;44;48;5
121509;2019-07-17;685;F;4;0;B;75;85;5
121568;2019-07-17;948;M;4;0;C;7;7;3
121629;2019-07-17;551;M;1;0;C;35;38;4
121634;2019-07-17;577;M;4;0;C;1;1;1
121662;2019-07-17;216;F;1;2;B;30;33;4
121747;2019-07-17;429;M;4;0;C;8;8;3
121755;2019-07-17;140;F;1;0;C;35;39;5
121774;2019-07-17;212;F;2;1;B;14;15;2
121857;2019-07-17;481;M;3;0;B;24;28;6
121862;2019-07-17;746;M;3;0;C;65;80;6
121951;2019-07-17;660;F;3;0;C;27;29;5
121980;2019-07-17;120;F;4;3;A;69;87;6
122013;2019-07-17;390;F;2;0;B;11;11;4
122020;2019-07-17;132;M;2;0;A;38;39;5
122099;2019-07-17;270;F;3;1;B;17;17;5
122122;2019-07-17;514;M;4;0;C;8;8;4
122168;2019-07-17;806;F;2;3;B;3;3;3
122263;2019-07-17;226;F;4;0;B;36;38;6
122357;2019-07-17;776;F;2;0;B;16;16;5
122383;2019-07-17;768;F;4;0;B;15;16;4
122423;2019-07-17;734;F;4;2;B;17;18;4
122429;2019-07-17;875;F;1;0;B;72;82;6
122475;2019-07-17;768;F;4;0;B;43;48;6
122565;2019-07-17;862;M;4;0;B;62;70;5
122599;2019-07-17;616;F;1;2;C;27;27;4
122605;2019-07-17;446;M;1;4;B;25;26;5
122688;2019-07-17;750;M;2;2;C;35;38;5
122747;2019-07-17;621;F;4;0;B;24;25;5
122758;2019-07-17;329;F;3;0;B;11;12;4
122844;2019-07-17;511;F;1;0;B;63;70;6
122875;2019-07-17;772;F;2;0;B;16;16;6
122944;2019-07-17;314;F;1;1;A;26;26;6
123010;2019-07-17;529;M;1;2;B;40;41;5
123098;2019-07-17;52;F;1;0;A;6;6;3
123113;2019-07-18;85;M;1;0;B;65;81;5
123135;2019-07-18;679;F;3;3;B;69;80;5
123151;2019-07-18;201;M;3;0;B;29;30;5
123205;2019-07-18;412;M;2;0;B;61;71;6
123293;2019-07-18;674;M;4;1;B;57;71;6
123386;2019-07-18;381;F;1;1;B;59;65;6
123398;2019-07-18;939;M;2;1;C;76;89;6
123442;2019-07-18;149;M;1;3;A;41;47;6
123490;2019-07-18;437;F;2;1;C;40;48;4
123498;2019-07-18;601;M;4;0;A;62;71;5
123586;2019-07-18;210;M;2;2;C;72;89;7
123680;2019-07-18;258;F;1;0;B;67;78;5
123701;2019-07-18;631;M;1;4;C;42;44;4
123774;2019-07-18;586;F;4;2;B;64;72;5
123782;2019-07-18;223;F;3;0;B;60;70;7
123802;2019-07-18;589;F;3;2;C;66;78;5
123899;2019-07-18;822;M;2;3;B;51;59;6
123959;2019-07-18;558;F;5;2;C;40;42;5
124016;2019-07-18;436;M;2;4;B;17;17;4
124066;2019-07-18;301;F;3;0;C;68;80;6
124156;2019-07-18;725;M;4;0;C;72;88;6
124225;2019-07-18;701;M;3;0;B;9;10;4
124263;2019-07-18;312;M;1;0;A;57;62;6
124317;2019-07-18;863;F;1;4;B;76;84;5
124381;2019-07-18;238;M;2;1;B;28;31;6
124407;2019-07-18;812;F;2;0;A;36;41;7
124464;2019-07-18;76;M;3;0;A;60;69;5
124471;2019-07-18;873;F;3;0;B;4;4;2
124490;2019-07-18;145;M;3;0;B;50;60;5
124516;2019-07-18;619;M;4;1;B;23;23;5
124577;2019-07-18;79;F;2;0;C;61;80;7
124602;2019-07-18;600;M;2;4;C;7;7;4
124693;2019-07-18;447;M;2;0;B;15;15;4
124696;2019-07-18;630;M;1;2;C;59;62;5
124706;2019-07-18;180;M;3;4;B;74;83;6
124718;2019-07-18;299;F;3;1;C;36;39;5
124803;2019-07-18;714;M;1;0;B;67;86;7
124873;2019-07-18;16;M;1;4;C;32;33;5
124884;2019-07-18;595;M;1;0;B;41;46;6
124907;2019-07-18;252;M;2;2;B;17;17;4
124967;2019-07-18;370;M;1;4;B;32;34;5
125015;2019-07-18;798;M;5;2;B;11;11;4
125074;2019-07-18;704;F;2;0;C;4;4;4
125093;2019-07-18;998;F;2;0;C;70;84;6
125146;2019-07-18;598;F;4;0;B;53;55;6
125173;2019-07-18;914;M;2;4;B;15;15;6
125204;2019-07-18;483;M;1;0;C;1;1;1
125219;2019-07-18;392;M;2;2;C;25;25;4
125294;2019-07-18;792;F;2;0;B;14;14;3
125362;2019-07-18;611;M;4;0;B;9;9;4
125402;2019-07-18;411;F;2;0;B;50;53;6
125495;2019-07-18;709;F;3;0;B;35;38;5
125537;2019-07-18;688;M;1;1;A;13;14;4
125579;2019-07-18;349;M;3;0;B;68;78;6
125605;2019-07-18;773;M;4;0;B;56;64;6
125693;2019-07-18;825;M;1;2;C;9;9;4
125790;2019-07-18;666;F;2;2;B;1;1;1
125878;2019-07-18;118;M;2;4;A;26;30;5
125918;2019-07-18;669;F;4;0;B;31;32;4
125987;2019-07-18;847;M;4;2;A;72;85;5
126058;2019-07-18;659;F;2;2;B;32;33;7
126124;2019-07-18;202;M;1;0;B;62;78;7
126168;2019-07-18;207;F;3;0;B;57;71;6
126233;2019-07-18;560;M;2;0;B;64;75;6
126332;2019-07-18;576;M;3;0;B;3;3;2
126430;2019-07-18;382;F;3;0;C;17;17;4
126476;2019-07-18;762;F;2;0;B;63;73;6
126542;2019-07-18;445;M;2;0;B;53;63;5
126584;2019-07-18;483;M;1;0;C;21;23;5
126660;2019-07-18;604;M;4;0;B;48;56;6
126690;2019-07-18;526;M;2;2;B;47;52;5
126710;2019-07-18;323;M;1;3;B;74;89;6
126800;2019-07-18;384;F;3;2;C;76;86;6
126818;2019-07-18;463;M;3;3;B;60;71;7
126867;2019-07-18;427;M;3;0;B;60;69;7
126897;2019-07-18;284;M;4;1;B;73;78;7
126947;2019-07-18;880;M;3;2;B;30;34;6
127014;2019-07-18;937;M;3;4;C;1;1;1
127026;2019-07-18;619;M;4;1;B;9;9;3
127123;2019-07-18;816;M;4;0;C;71;87;5
127196;2019-07-18;131;F;2;0;C;64;80;6
127270;2019-07-18;25;M;4;1;C;1;1;1
127272;2019-07-22;476;M;3;0;C;68;88;5
127276;2019-07-22;111;M;2;4;C;40;45;6
127370;2019-07-22;41;M;3;0;C;57;65;5
127439;2019-07-22;685;F;4;0;B;35;38;4
127507;2019-07-22;414;F;1;0;B;44;49;6
127565;2019-07-22;795;F;4;2;B;42;43;6
127588;2019-07-22;616;F;1;2;C;7;7;4
127671;2019-07-22;325;M;1;3;B;41;44;5
127704;2019-07-22;912;F;4;0;C;43;51;6
127705;2019-07-22;240;M;4;0;B;67;79;7
127774;2019-07-22;887;F;3;0;B;73;88;5
127777;2019-07-22;810;M;1;0;B;44;46;7
127809;2019-07-22;734;F;4;2;B;1;1;1
127903;2019-07-22;45;M;2;0;A;56;66;5
127926;2019-07-22;700;F;4;2;C;34;38;5
127979;2019-07-22;750;M;2;2;C;12;13;4
128026;2019-07-22;696;M;2;0;B;71;84;6
128076;2019-07-22;254;F;5;2;B;55;60;7
128113;2019-07-22;801;M;1;4;B;49;57;7
128135;2019-07-22;232;M;3;1;B;11;11;5
128231;2019-07-22;788;F;4;2;B;73;86;6
128267;2019-07-22;350;F;5;1;B;67;85;7
128326;2019-07-22;369;F;3;4;C;28;29;4
128398;2019-07-22;311;F;4;0;C;36;41;6
128486;2019-07-22;464;M;2;2;B;68;78;7
128581;2019-07-22;762;F;2;0;B;10;10;2
128596;2019-07-22;937;M;3;4;C;75;87;6
128680;2019-07-22;874;F;3;3;B;17;17;3
128764;2019-07-22;815;F;2;4;B;59;74;6
128839;2019-07-22;277;F;1;3;B;26;26;5
128858;2019-07-22;510;F;4;0;B;56;63;6
128882;2019-07-22;482;M;4;2;B;7;8;3
128926;2019-07-22;59;M;2;0;A;6;6;4
128986;2019-07-22;9;F;2;0;B;60;80;6
129062;2019-07-22;736;M;1;0;C;62;77;7
129161;2019-07-22;437;F;2;1;C;42;46;5
129204;2019-07-22;549;M;2;3;C;36;40;5
129254;2019-07-22;434;M;1;4;B;60;69;6
129265;2019-07-22;886;F;5;1;B;11;11;3
129323;2019-07-22;67;M;1;0;B;50;56;6
129354;2019-07-22;521;F;1;0;A;37;41;6
129368;2019-07-22;132;M;2;0;A;2;2;2
129414;2019-07-22;396;F;1;0;B;43;46;3
129450;2019-07-22;161;M;5;2;B;60;68;6
129536;2019-07-22;346;F;2;4;C;51;59;5
129600;2019-07-22;162;F;1;1;B;54;60;7
129652;2019-07-22;398;F;4;1;B;14;14;3
129717;2019-07-22;372;M;1;4;B;27;28;6
129719;2019-07-22;870;F;1;0;B;64;76;7
129798;2019-07-22;794;M;1;2;B;33;35;4
129891;2019-07-22;684;F;3;0;C;14;14;5
129907;2019-07-22;277;F;1;3;B;4;4;3
129955;2019-07-22;42;M;2;2;B;46;50;6
130028;2019-07-22;644;M;1;0;C;32;33;6
130097;2019-07-22;922;M;1;0;B;29;30;4
130182;2019-07-22;785;M;1;4;C;31;35;7
130241;2019-07-22;341;M;2;0;C;55;66;6
130339;2019-07-22;498;M;3;2;B;69;84;6
130426;2019-07-22;295;F;1;3;B;23;23;5
130489;2019-07-22;50;M;4;0;B;38;44;4
130499;2019-07-22;775;F;2;3;B;25;27;5
130525;2019-07-22;189;F;3;4;C;53;64;5
130569;2019-07-22;826;F;2;0;C;47;56;6
130590;2019-07-22;406;M;2;4;C;23;25;4
130628;2019-07-22;268;M;4;0;B;25;27;5
130685;2019-07-22;44;F;4;0;C;28;28;6
130723;2019-07-22;105;F;4;0;C;55;63;5
130785;2019-07-22;905;M;1;0;B;63;74;5
130803;2019-07-22;599;F;1;4;C;66;80;5
130888;2019-07-22;466;F;1;0;C;36;39;6
130923;2019-07-22;995;M;3;1;B;38;40;6
130929;2019-07-22;17;M;4;0;B;76;89;6
130989;2019-07-22;495;F;2;3;A;70;85;6
131074;2019-07-22;587;M;1;0;B;45;57;7
131108;2019-07-22;816;M;4;0;C;53;61;5
131195;2019-07-22;559;F;3;1;A;28;28;4
131207;2019-07-22;281;F;2;0;B;33;38;4
131242;2019-07-22;234;M;3;4;B;43;46;6
131341;2019-07-29;640;M;4;0;C;35;40;5
131342;2019-07-29;191;M;3;0;B;22;23;6
131426;2019-07-29;813;F;4;0;C;13;13;6
131496;2019-07-29;107;F;2;0;C;52;56;5
131536;2019-07-29;837;F;2;0;C;24;26;4
131615;2019-07-29;794;M;1;2;B;15;15;4
131630;2019-07-29;88;F;1;0;B;66;76;5
131646;2019-07-29;692;F;4;0;B;20;20;4
131700;2019-07-29;904;M;1;2;B;24;24;7
131727;2019-07-29;591;M;4;1;B;75;82;7
131751;2019-07-29;644;M;1;0;C;44;52;6
131844;2019-07-29;298;F;4;0;C;35;38;5
131877;2019-07-29;174;M;4;3;C;46;48;5
131968;2019-07-29;497;M;3;0;B;16;16;4
131971;2019-07-29;861;M;3;0;B;1;1;1
131975;2019-07-29;142;F;1;0;B;43;49;5
132068;2019-07-29;108;M;1;0;B;70;82;5
132120;2019-07-29;732;F;3;4;B;27;29;7
132165;2019-07-29;694;M;4;0;C;14;14;5
132259;2019-07-29;468;M;3;1;C;39;43;5
132320;2019-07-29;779;M;3;4;A;70;88;6
132327;2019-07-29;262;M;1;2;B;69;79;7
132351;2019-07-29;663;F;4;0;B;3;3;3
132411;2019-07-29;824;F;1;0;B;16;16;5
132422;2019-07-29;414;F;1;0;B;55;59;6
132518;2019-07-29;875;F;1;0;B;42;46;5
132579;2019-07-29;826;F;2;0;C;15;15;3
132588;2019-07-29;604;M;4;0;B;28;30;5
132645;2019-07-29;68;F;2;1;A;13;13;6
132657;2019-07-29;217;F;3;0;B;27;29;4
132705;2019-07-29;644;M;1;0;C;41;44;5
132729;2019-07-29;135;M;3;0;B;64;72;5
132777;2019-07-29;834;M;3;3;B;37;41;4
132808;2019-07-29;547;F;3;4;C;44;46;5
132855;2019-07-29;931;M;2;0;A;41;44;6
132905;2019-07-29;155;F;2;0;B;10;10;5
132952;2019-07-29;604;M;4;0;B;15;15;3
133017;2019-07-29;347;F;4;0;B;16;18;5
133113;2019-07-29;719;M;1;0;B;62;75;7
133143;2019-07-29;490;F;2;4;C;50;53;6
133242;2019-07-29;591;M;4;1;B;14;15;3
133293;2019-07-29;849;F;5;1;B;51;56;5
133336;2019-07-29;469;M;4;2;C;73;88;7
133363;2019-07-29;392;M;2;2;C;38;41;5
133421;2019-07-29;303;M;3;4;B;67;77;5
133433;2019-07-29;541;F;3;0;B;48;56;6
133434;2019-07-29;468;M;3;1;C;71;79;6
133492;2019-07-29;434;M;1;4;B;2;2;2
133536;2019-07-29;88;F;1;0;B;11;12;6
133592;2019-07-29;202;M;1;0;B;67;76;6
133601;2019-07-29;44;F;4;0;C;71;83;7
133646;2019-07-29;494;F;5;1;C;64;76;6
133719;2019-07-29;822;M;2;3;B;65;79;6
133812;2019-07-29;458;F;3;4;C;28;28;5
133880;2019-07-29;346;F;2;4;C;50;52;6
133940;2019-07-29;219;M;2;0;B;17;19;4
133964;2019-05-08;662;F;1;1;B;53;62;7
133993;2019-05-08;247;M;1;0;B;58;66;5
134059;2019-05-08;882;F;4;1;B;41;46;4
134068;2019-05-08;272;M;4;3;C;23;29;4
134077;2019-05-08;395;F;4;1;B;40;47;7
134102;2019-05-08;550;M;4;0;B;65;74;6
134138;2019-05-08;605;M;4;2;B;72;82;5
134182;2019-05-08;129;M;2;0;A;16;16;5
134240;2019-05-08;222;F;4;0;B;53;60;5
134246;2019-05-08;161;M;5;2;B;10;10;3
134277;2019-05-08;738;M;1;0;C;59;69;6
134374;2019-05-08;529;M;1;2;B;45;49;6
134456;2019-05-08;292;F;2;0;C;44;50;6
134485;2019-05-08;305;F;4;0;B;44;50;5
134502;2019-05-08;342;M;3;0;B;66;78;6
134543;2019-05-08;182;F;1;4;B;4;4;4
134621;2019-05-08;993;M;5;1;B;63;81;6
134686;2019-05-08;228;F;4;0;C;67;77;5
134722;2019-05-08;849;F;5;1;B;58;73;5
134811;2019-05-08;965;M;3;0;B;2;2;2
134846;2019-05-08;441;M;4;2;B;60;71;6
134848;2019-05-08;672;F;4;0;B;45;49;5
134906;2019-05-08;195;M;4;0;B;45;49;6
134970;2019-05-08;493;M;2;4;B;43;46;5
135010;2019-05-08;893;F;1;0;B;35;38;6
135083;2019-05-08;200;F;3;0;B;41;44;4
135127;2019-05-08;311;F;4;0;C;6;6;3
135222;2019-05-08;510;F;4;0;B;12;13;3
135248;2019-05-08;995;M;3;1;B;41;46;5
135330;2019-05-08;876;F;2;3;B;69;76;6
135409;2019-05-08;791;F;1;0;B;72;87;5
135440;2019-05-08;379;F;4;0;C;66;77;6
135459;2019-05-08;147;M;1;0;A;29;31;5
135550;2019-05-08;970;M;2;4;B;40;46;5
135562;2019-05-08;64;F;4;0;B;61;74;6
135599;2019-05-08;850;M;1;0;C;42;45;6
135697;2019-05-08;191;M;3;0;B;74;88;6
135780;2019-09-08;336;F;1;0;C;73;87;6
135802;2019-09-08;447;M;2;0;B;65;77;7
135819;2019-09-08;91;M;3;0;B;37;38;5
135831;2019-09-08;162;F;1;1;B;73;86;6
135844;2019-09-08;642;M;2;3;B;55;59;7
135905;2019-09-08;534;M;4;1;C;58;69;6
135982;2019-09-08;479;F;1;0;B;14;15;3
135988;2019-09-08;21;M;3;0;B;44;46;5
136034;2019-09-08;871;F;1;3;C;16;16;6
136118;2019-09-08;856;F;5;1;B;54;61;6
136154;2019-09-08;571;F;2;0;B;55;66;5
136211;2019-09-08;273;M;4;0;C;26;28;6
136298;2019-09-08;391;F;2;0;A;35;39;6
136367;2019-09-08;979;F;3;0;A;14;15;4
136418;2019-09-08;153;M;4;1;B;62;75;6
136461;2019-09-08;60;F;2;3;B;3;3;3
136527;2019-09-08;684;F;3;0;C;47;54;6
136532;2019-09-08;890;M;3;0;C;60;71;6
136599;2019-08-16;719;M;1;0;B;58;65;6
136634;2019-08-16;431;F;4;3;B;66;75;6
136688;2019-08-16;744;M;4;0;A;47;55;6
136715;2019-08-16;202;M;1;0;B;34;38;5
136783;2019-08-16;985;M;1;0;B;20;20;5
136851;2019-08-16;475;F;4;3;B;9;9;4
136875;2019-08-16;471;F;4;0;A;63;77;6
136934;2019-08-16;746;M;3;0;C;3;3;3
136991;2019-08-16;665;M;1;4;B;43;49;6
137056;2019-08-16;924;F;2;2;B;47;49;6
137100;2019-08-16;528;M;2;2;C;4;4;2
137142;2019-08-16;7;M;1;3;B;73;86;5
137239;2019-08-16;558;F;5;2;C;9;10;5
137329;2019-08-16;508;F;3;0;B;75;89;6
137360;2019-08-16;766;F;1;0;B;44;45;6
137399;2019-08-16;667;F;4;0;C;32;35;6
137470;2019-08-16;785;M;1;4;C;9;9;3
137524;2019-08-16;883;M;1;0;B;64;80;5
137551;2019-08-16;242;F;4;0;B;59;68;6
137607;2019-08-16;466;F;1;0;C;59;73;7
137705;2019-08-16;365;M;4;0;A;27;30;6
137726;2019-08-16;25;M;4;1;C;61;71;6
137748;2019-08-16;935;F;2;0;B;32;35;5
137772;2019-08-16;806;F;2;3;B;70;76;6
137863;2019-08-16;643;F;4;0;C;26;27;3
137911;2019-08-16;775;F;2;3;B;24;25;4
137989;2019-08-16;545;M;2;2;B;53;62;5
138015;2019-08-16;642;M;2;3;B;60;69;6
138039;2019-08-16;534;M;4;1;C;8;8;4
138084;2019-08-16;658;F;1;1;B;25;26;5
138181;2019-08-16;959;M;5;1;B;38;41;6
138201;2019-08-16;936;F;3;2;B;22;24;5
138207;2019-08-16;147;M;1;0;A;10;10;5
138226;2019-08-16;268;M;4;0;B;66;83;6
138321;2019-08-16;651;F;2;0;B;47;53;6
138379;2019-08-16;952;F;3;4;C;49;54;5
138416;2019-08-16;656;M;2;0;C;41;49;5
138475;2019-08-16;520;M;1;0;B;45;49;6
138542;2019-08-16;858;F;4;2;C;9;10;3
138545;2019-08-16;131;F;2;0;C;69;85;6
138566;2019-08-16;371;F;4;0;B;30;31;5
138657;2019-08-16;282;M;2;0;B;13;13;4
138744;2019-08-16;508;F;3;0;B;15;16;4
138796;2019-08-16;675;M;4;0;B;16;16;4
138805;2019-08-16;244;M;4;0;B;51;64;5
138898;2019-08-16;519;M;2;4;B;62;68;6
138910;2019-08-16;441;M;4;2;B;31;34;7
138947;2019-08-16;23;M;3;0;B;43;49;5
139023;2019-08-16;681;M;1;0;C;25;27;4
139064;2019-08-16;36;F;3;0;C;16;18;5
139105;2019-08-16;245;F;4;3;B;51;58;6
139131;2019-08-16;424;M;1;4;B;32;34;5
139181;2019-08-16;341;M;2;0;C;67;83;6
139192;2019-08-16;252;M;2;2;B;62;77;4
139226;2019-08-16;56;F;2;3;B;76;87;6
139242;2019-08-16;252;M;2;2;B;39;47;5
139255;2019-08-16;939;M;2;1;C;25;26;4
139354;2019-08-16;662;F;1;1;B;39;49;5
139432;2019-08-16;324;F;3;3;B;63;67;6
139446;2019-08-16;967;F;1;0;B;6;6;3
139530;2019-08-16;59;M;2;0;A;11;13;4
139540;2019-08-16;902;F;2;1;B;60;74;7
139583;2019-08-16;376;F;3;0;B;37;39;6
139632;2019-08-16;598;F;4;0;B;11;11;3
139642;2019-08-16;706;F;2;0;A;66;80;5
139685;2019-08-16;829;F;3;4;B;65;69;5
139767;2019-08-16;347;F;4;0;B;48;51;7
139834;2019-08-16;172;M;2;0;B;68;81;6
139881;2019-08-16;449;F;2;3;B;24;25;5
139955;2019-08-16;530;F;1;0;A;9;10;4
139983;2019-08-16;917;M;1;0;A;66;75;5
140008;2019-08-16;811;M;2;1;B;51;58;7
140086;2019-08-16;282;M;2;0;B;61;67;6
140168;2019-08-16;619;M;4;1;B;17;18;4
140236;2019-08-16;47;F;4;0;B;62;72;7
140289;2019-08-16;359;F;1;0;B;37;39;3
140355;2019-08-16;624;M;4;0;B;59;64;5
140429;2019-08-16;420;M;3;0;B;41;48;6
140487;2019-08-16;617;F;4;3;C;35;37;6
140552;2019-08-16;938;M;1;4;B;26;27;6
140586;2019-08-16;790;F;3;0;B;35;38;5
140637;2019-08-16;36;F;3;0;C;8;8;4
140700;2019-08-16;292;F;2;0;C;5;5;2
140797;2019-08-16;990;F;1;4;B;17;17;3
140845;2019-08-16;955;F;3;2;C;10;10;2
140862;2019-08-16;760;F;2;0;A;6;6;2
140945;2019-08-16;888;F;4;2;B;19;19;4
140983;2019-08-16;631;M;1;4;C;56;65;6
141055;2019-08-16;609;F;4;0;C;3;3;1
141149;2019-08-16;582;F;2;0;B;10;10;3
141215;2019-08-16;324;F;3;3;B;50;57;6
141282;2019-08-16;370;M;1;4;B;3;3;2
141329;2019-08-17;98;M;1;0;B;48;50;5
141340;2019-08-17;497;M;3;0;B;2;2;2
141426;2019-08-17;457;M;3;0;C;66;76;5
141518;2019-08-17;688;M;1;1;A;60;66;6
141545;2019-08-17;754;F;3;4;B;52;60;7
141560;2019-08-17;486;M;4;0;B;17;18;4
141607;2019-08-17;389;F;3;0;C;31;32;7
141671;2019-08-17;73;M;1;0;A;60;63;7
141712;2019-08-17;289;F;3;4;C;15;17;4
141756;2019-08-17;842;M;5;2;B;63;76;6
141824;2019-08-17;990;F;1;4;B;29;29;3
141905;2019-08-17;485;M;3;3;B;17;17;3
141916;2019-08-17;595;M;1;0;B;12;12;3
142014;2019-08-17;241;M;4;1;B;15;16;4
142060;2019-08-17;306;F;3;0;B;57;67;5
142084;2019-08-17;982;M;4;3;B;6;7;2
142105;2019-08-23;69;M;4;3;A;65;82;6
142154;2019-08-23;616;F;1;2;C;39;41;7
142242;2019-08-23;601;M;4;0;A;60;68;5
142302;2019-08-23;3;F;4;0;B;73;88;6
142374;2019-08-23;10;M;1;0;B;33;34;5
142473;2019-08-23;366;M;3;4;B;22;25;5
142494;2019-08-23;481;M;3;0;B;29;32;5
142521;2019-08-23;235;F;4;0;B;34;36;5
142529;2019-08-23;386;M;4;2;A;64;71;6
142555;2019-08-23;337;M;3;0;B;4;5;3
142638;2019-08-23;258;F;1;0;B;67;78;6
142696;2019-08-23;509;F;2;3;C;1;1;1
142737;2019-08-23;909;M;3;0;B;43;43;5
142822;2019-08-23;518;F;1;0;B;10;11;3
142869;2019-08-23;157;M;1;1;C;10;10;5
142948;2019-08-23;717;F;3;0;B;29;31;5
142988;2019-08-23;469;M;4;2;C;36;40;6
143069;2019-08-23;777;F;1;0;B;35;39;6
143136;2019-08-23;985;M;1;0;B;48;53;5
143222;2019-08-23;370;M;1;4;B;4;4;2
143283;2019-08-23;666;F;2;2;B;53;58;6
143321;2019-08-23;709;F;3;0;B;52;59;7
143418;2019-08-23;461;M;3;4;C;18;18;4
143500;2019-08-23;710;F;3;1;C;37;41;6
143551;2019-08-23;939;M;2;1;C;53;59;6
143622;2019-08-23;983;F;4;0;C;39;45;5
143679;2019-08-23;33;F;2;0;B;34;36;5
143702;2019-08-23;542;M;3;1;B;23;26;6
143720;2019-08-23;637;F;1;0;B;41;50;6
143732;2019-08-23;599;F;1;4;C;46;49;6
143825;2019-08-23;941;M;2;3;B;35;39;6
143904;2019-08-23;279;M;1;2;B;58;65;6
143965;2019-08-23;10;M;1;0;B;25;27;5
143980;2019-08-23;3;F;4;0;B;67;80;6
143998;2019-08-23;753;F;1;3;C;32;34;4
144084;2019-08-23;991;F;2;2;C;76;87;7
144117;2019-08-23;905;M;1;0;B;34;39;6
144144;2019-08-23;320;M;3;4;B;46;53;4
144173;2019-08-23;914;M;2;4;B;28;30;6
144238;2019-08-23;904;M;1;2;B;25;29;6
144280;2019-08-23;640;M;4;0;C;73;89;6
144356;2019-08-23;275;M;4;0;B;66;75;6
144359;2019-08-23;630;M;1;2;C;24;25;4
144419;2019-08-23;243;F;1;4;C;13;13;3
144433;2019-08-23;171;F;3;1;B;56;65;5
144478;2019-08-23;697;M;3;0;C;2;2;2
144479;2019-08-23;611;M;4;0;B;54;62;5
144567;2019-08-23;211;M;2;1;B;34;38;4
144626;2019-08-23;772;F;2;0;B;54;59;6
144703;2019-08-23;952;F;3;4;C;26;27;5
144717;2019-08-23;388;F;4;3;B;58;66;5
144741;2019-08-23;656;M;2;0;C;15;15;3
144804;2019-08-23;830;F;5;1;B;58;65;5
144825;2019-08-23;605;M;4;2;B;11;12;4
144853;2019-08-23;865;F;1;0;B;57;67;5
144867;2019-08-23;352;M;4;2;B;63;84;7
144931;2019-08-23;949;M;1;0;B;62;78;6
144949;2019-08-23;640;M;4;0;C;33;34;5
145022;2019-08-23;593;M;4;1;B;49;52;5
145040;2019-08-23;464;M;2;2;B;14;14;5
145053;2019-08-23;790;F;3;0;B;33;34;4
145094;2019-08-23;320;M;3;4;B;63;78;6
145120;2019-08-23;73;M;1;0;A;70;79;6
145174;2019-08-23;294;F;4;0;C;14;15;5
145251;2019-08-23;714;M;1;0;B;55;61;6
145342;2019-08-23;679;F;3;3;B;49;54;6
145348;2019-08-23;346;F;2;4;C;22;22;4
145414;2019-08-23;26;F;4;1;A;65;82;5
145510;2019-08-23;488;M;3;2;B;53;56;6
145520;2019-08-23;417;M;4;1;B;51;56;5
145531;2019-08-23;824;F;1;0;B;18;19;4
145600;2019-08-23;897;M;2;1;C;30;32;7
145696;2019-08-23;286;M;4;0;B;66;77;6
145713;2019-08-23;912;F;4;0;C;25;25;4
145720;2019-08-23;80;F;2;1;C;68;87;7
145780;2019-08-23;693;F;4;0;B;7;7;3
145828;2019-08-23;198;M;4;0;B;55;66;6
145833;2019-08-23;408;F;4;0;B;50;53;6
145914;2019-08-23;377;F;1;0;B;33;35;6
145951;2019-08-23;903;M;1;0;B;8;8;3
145956;2019-08-23;878;F;4;3;C;39;39;7
145980;2019-08-23;255;M;4;0;B;7;8;3
146008;2019-08-23;622;F;3;0;B;50;54;6
146018;2019-08-23;291;F;3;0;C;36;39;4
146039;2019-08-23;513;F;4;3;B;52;59;6
146048;2019-08-25;447;M;2;0;B;10;10;4
146145;2019-08-25;268;M;4;0;B;35;39;6
146244;2019-08-25;55;F;3;0;B;51;58;6
146299;2019-08-25;644;M;1;0;C;5;5;4
146337;2019-08-25;218;M;4;0;B;51;59;6
146341;2019-08-25;546;F;4;0;B;51;57;6
146369;2019-08-25;643;F;4;0;C;54;59;5
146447;2019-08-25;625;F;4;0;C;6;6;3
146509;2019-08-25;286;M;4;0;B;44;50;5
146524;2019-08-25;66;M;3;3;B;7;7;3
146571;2019-08-25;15;M;2;1;C;3;3;2
146646;2019-08-25;901;F;4;1;B;54;55;5
146707;2019-08-25;629;M;3;0;C;12;12;4
146757;2019-08-25;367;F;1;0;A;41;47;6
146828;2019-08-25;835;F;1;0;A;38;39;6
146842;2019-08-25;741;M;3;0;B;26;26;6
146925;2019-08-25;686;F;3;2;A;23;23;5
146975;2019-08-25;73;M;1;0;A;47;50;5
147014;2019-08-30;855;M;4;1;C;46;55;7
147056;2019-08-30;505;F;1;0;C;49;60;6
147094;2019-08-30;218;M;4;0;B;60;74;6
147132;2019-08-30;937;M;3;4;C;13;13;4
147205;2019-08-30;954;F;4;2;B;71;79;7
147236;2019-08-30;622;F;3;0;B;26;28;4
147290;2019-08-30;389;F;3;0;C;20;21;5
147347;2019-08-30;98;M;1;0;B;10;11;4
147440;2019-08-30;730;F;2;0;B;74;87;7
147442;2019-08-30;996;F;1;4;B;24;26;5
147460;2019-08-30;862;M;4;0;B;59;70;5
147490;2019-08-30;348;F;3;0;A;73;87;6
147503;2019-08-30;212;F;2;1;B;73;87;6
147567;2019-08-30;471;F;4;0;A;37;39;5
147649;2019-08-30;718;F;3;2;B;68;79;6
147690;2019-08-30;54;M;1;0;A;59;67;6
147699;2019-08-30;513;F;4;3;B;23;24;5
147737;2019-08-30;699;F;1;0;C;9;9;6
147783;2019-08-30;961;F;1;0;C;44;50;5
147877;2019-08-30;758;F;3;0;B;62;75;6
147911;2019-08-30;618;M;4;3;B;75;86;6
147957;2019-08-30;49;M;2;0;C;58;66;6
147978;2019-08-30;575;M;1;4;B;30;31;5
148056;2019-08-30;506;F;4;3;B;52;59;5
148133;2019-08-30;621;F;4;0;B;69;86;6
148209;2019-08-30;553;F;4;0;B;31;36;6
148285;2019-08-30;826;F;2;0;C;68;76;7
148361;2019-08-30;837;F;2;0;C;47;54;5
148449;2019-08-30;441;M;4;2;B;42;47;6
148525;2019-08-30;543;M;2;2;B;12;12;5
148559;2019-08-30;215;M;2;4;B;22;22;5
148561;2019-08-30;492;F;2;1;C;58;61;6
148594;2019-08-30;775;F;2;3;B;11;11;5
148671;2019-08-30;342;M;3;0;B;50;60;4
148739;2019-08-30;944;F;3;1;B;52;58;6
148821;2019-08-30;46;F;4;1;B;56;64;6
148828;2019-08-30;250;F;4;1;B;35;36;5
148902;2019-08-30;176;F;2;0;B;24;25;6
148973;2019-08-30;806;F;2;3;B;43;46;7
148992;2019-08-30;315;F;3;0;B;14;15;4
149046;2019-08-30;381;F;1;1;B;18;19;4
149097;2019-08-30;913;M;3;4;C;9;9;4
149146;2019-08-30;21;M;3;0;B;31;36;5
149156;2019-08-30;945;F;2;3;B;73;88;7
149242;2019-08-30;412;M;2;0;B;25;27;7
149322;2019-03-09;359;F;1;0;B;67;79;5
149351;2019-03-09;232;M;3;1;B;19;19;5
149395;2019-03-09;330;F;1;0;B;15;15;5
149436;2019-03-09;915;F;3;0;B;45;47;6
149438;2019-03-09;929;M;4;0;B;50;58;6
149537;2019-03-09;642;M;2;3;B;72;84;6
149567;2019-03-09;948;M;4;0;C;16;17;4
149645;2019-03-09;70;F;4;0;B;28;30;3
149650;2019-03-09;249;F;4;0;B;52;57;6
149734;2019-03-09;994;M;4;0;C;61;67;6
149815;2019-03-09;524;F;4;3;C;16;17;4
149817;2019-03-09;600;M;2;4;C;13;14;3
149861;2019-03-09;439;F;3;0;B;59;67;5
149935;2019-03-09;24;F;4;0;C;30;31;4
149991;2019-03-09;808;F;3;0;B;71;82;6
150001;2019-03-09;603;M;3;0;B;26;27;5
150099;2019-03-09;328;M;2;0;B;62;71;6
150115;2019-03-09;460;F;1;3;B;6;6;2
150175;2019-03-09;139;F;3;3;B;33;40;6
150221;2019-03-09;393;F;4;0;B;69;88;5
150296;2019-03-09;444;F;2;0;B;13;13;3
150340;2019-03-09;749;F;4;1;B;9;9;3
150356;2019-03-09;852;M;2;3;B;62;70;6
150440;2019-03-09;528;M;2;2;C;57;67;5
150522;2019-03-09;105;F;4;0;C;63;73;6
150579;2019-03-09;12;M;1;1;A;35;38;5
150644;2019-03-09;821;F;2;3;B;57;69;6
150653;2019-03-09;64;F;4;0;B;70;86;5
150669;2019-03-09;31;F;1;0;C;50;55;6
150703;2019-03-09;303;M;3;4;B;4;4;3
150800;2019-03-09;204;F;3;3;B;20;21;6
150865;2019-03-09;617;F;4;3;C;14;14;3
150926;2019-03-09;129;M;2;0;A;52;58;6
150993;2019-03-09;313;M;3;0;B;14;15;4
151069;2019-03-09;87;M;3;2;A;29;31;5
151156;2019-06-09;181;F;2;2;B;41;44;5
151230;2019-06-09;746;M;3;0;C;63;75;6
151329;2019-06-09;586;F;4;2;B;33;33;7
151420;2019-06-09;439;F;3;0;B;27;28;6
151467;2019-06-09;860;M;1;0;B;48;51;5
151561;2019-06-09;145;M;3;0;B;36;41;5
151572;2019-06-09;55;F;3;0;B;20;23;6
151626;2019-06-09;923;F;2;4;C;22;23;6
151639;2019-06-09;397;F;1;0;B;27;31;5
151673;2019-06-09;760;F;2;0;A;64;76;6
151703;2019-06-09;987;F;1;0;B;65;84;6
151782;2019-06-09;306;F;3;0;B;31;32;4
151867;2019-06-09;836;F;2;0;B;37;41;4
151964;2019-06-09;934;F;2;2;B;43;45;5
152061;2019-06-09;763;F;4;0;B;41;47;6
152077;2019-06-09;901;F;4;1;B;14;14;4
152107;2019-06-09;79;F;2;0;C;62;71;6
152171;2019-06-09;567;F;1;0;C;65;78;6
152180;2019-06-09;961;F;1;0;C;21;22;5
152183;2019-06-09;706;F;2;0;A;62;69;6
152239;2019-06-09;237;F;4;3;C;18;18;5
152269;2019-06-09;684;F;3;0;C;33;34;6
152271;2019-06-09;562;F;3;0;B;25;26;5
152301;2019-06-09;499;M;3;0;B;42;49;6
152345;2019-06-09;390;F;2;0;B;16;17;4
152356;2019-06-09;859;M;1;0;B;57;62;6
152385;2019-06-09;678;F;3;0;C;1;1;1
152473;2019-06-09;167;M;1;1;A;71;86;6
152507;2019-06-09;921;M;2;3;B;4;5;3
152560;2019-06-09;306;F;3;0;B;43;47;5
152658;2019-06-09;822;M;2;3;B;33;38;4
152667;2019-06-09;151;F;1;0;B;3;3;2
152744;2019-06-09;73;M;1;0;A;17;17;4
152839;2019-09-09;914;M;2;4;B;31;33;4
152874;2019-09-09;643;F;4;0;C;55;62;6
152913;2019-09-09;606;M;1;0;B;58;69;5
152959;2019-09-09;486;M;4;0;B;27;28;6
153054;2019-09-09;727;M;4;2;C;19;19;5
153072;2019-09-09;810;M;1;0;B;49;57;5
153111;2019-09-09;469;M;4;2;C;39;48;6
153191;2019-09-09;295;F;1;3;B;54;61;7
153258;2019-09-09;23;M;3;0;B;38;45;5
153276;2019-09-09;135;M;3;0;B;16;18;6
153358;2019-09-09;146;F;2;0;B;2;2;2
153451;2019-09-09;74;M;3;0;C;34;37;5
153471;2019-09-09;430;F;4;1;B;35;38;6
153498;2019-09-09;417;M;4;1;B;22;22;5
153561;2019-09-09;316;F;3;2;B;23;24;5
153640;2019-09-09;678;F;3;0;C;21;21;6
153691;2019-09-09;638;M;3;1;B;46;51;6
153697;2019-09-09;139;F;3;3;B;40;47;5
153742;2019-09-09;665;M;1;4;B;37;39;5
153769;2019-09-09;945;F;2;3;B;43;44;7
153849;2019-09-09;942;M;1;0;B;22;22;5
153934;2019-09-09;39;M;2;0;C;17;17;5
154017;2019-09-09;871;F;1;3;C;45;50;6
154086;2019-09-09;584;M;3;0;B;40;45;7
154090;2019-09-09;804;F;4;3;B;11;11;3
154188;2019-09-09;668;M;1;0;A;24;24;6
154192;2019-09-09;214;F;4;0;B;8;8;3
154290;2019-09-09;871;F;1;3;C;33;36;5
154385;2019-09-09;219;M;2;0;B;36;38;6
154446;2019-09-09;253;F;4;1;B;40;45;6
154450;2019-09-09;87;M;3;2;A;55;62;6
154542;2019-09-09;166;F;1;0;B;15;15;5
154578;2019-09-09;524;F;4;3;C;53;59;6
154670;2019-09-09;155;F;2;0;B;19;19;4
154710;2019-09-09;140;F;1;0;C;66;77;6
154765;2019-09-09;924;F;2;2;B;61;71;7
154858;2019-09-09;26;F;4;1;A;73;82;6
154922;2019-09-09;32;F;1;0;B;64;81;6
154968;2019-09-09;581;F;4;2;C;39;45;5
155052;2019-09-09;121;F;1;2;B;62;73;5
155133;2019-09-09;74;M;3;0;C;8;8;4
155168;2019-09-09;910;M;2;2;B;64;72;7
155178;2019-09-09;888;F;4;2;B;3;3;3
155203;2019-09-09;733;M;4;0;B;77;88;6
155259;2019-09-09;139;F;3;3;B;29;31;5
155282;2019-09-09;261;F;4;0;B;16;17;6
155345;2019-09-09;756;F;1;4;B;65;74;7
155398;2019-09-09;261;F;4;0;B;14;14;5
155484;2019-09-09;986;M;4;0;B;55;66;6
155581;2019-09-09;918;F;2;4;C;50;57;6
155652;2019-09-09;219;M;2;0;B;68;80;7
155685;2019-09-09;691;M;4;0;B;46;50;5
155688;2019-09-09;262;M;1;2;B;32;34;5
155758;2019-09-09;593;M;4;1;B;71;86;6
155836;2019-09-09;561;M;2;0;B;45;50;6
155910;2019-09-09;226;F;4;0;B;16;16;5
155970;2019-09-09;253;F;4;1;B;47;53;6
155990;2019-09-09;426;F;3;0;C;51;59;5
155993;2019-09-09;926;M;1;0;B;12;13;3
156024;2019-09-09;556;F;4;0;B;58;66;5
156114;2019-09-09;775;F;2;3;B;60;68;5
156131;2019-09-09;133;F;2;0;B;26;28;6
156190;2019-09-09;476;M;3;0;C;22;23;4
156208;2019-09-09;721;M;3;2;C;50;58;6
156275;2019-09-09;297;M;4;0;B;13;13;4
156282;2019-09-09;223;F;3;0;B;5;5;3
156303;2019-09-09;687;M;2;3;C;43;44;6
156377;2019-09-09;434;M;1;4;B;46;50;5
156422;2019-09-09;214;F;4;0;B;39;42;6
156455;2019-09-09;170;F;4;2;B;41;45;5
156461;2019-09-09;792;F;2;0;B;15;15;5
156528;2019-09-09;96;F;1;1;C;39;42;5
156538;2019-09-09;735;F;4;0;B;22;22;5
156630;2019-09-09;647;M;1;0;C;56;70;6
156633;2019-09-09;285;M;3;0;B;54;60;5
156720;2019-09-09;376;F;3;0;B;29;29;6
156811;2019-09-09;114;F;3;3;B;38;47;6
156876;2019-09-09;781;M;4;0;B;36;43;5
156958;2019-09-09;464;M;2;2;B;17;21;5
157012;2019-09-09;735;F;4;0;B;52;63;5
157105;2019-09-09;259;M;1;1;B;51;58;6
157182;2019-09-09;658;F;1;1;B;6;7;5
157202;2019-09-09;591;M;4;1;B;25;25;6
157243;2019-09-09;934;F;2;2;B;6;7;3
157278;2019-09-09;894;F;4;3;C;43;47;5
157282;2019-11-09;36;F;3;0;C;29;36;6
157284;2019-11-09;519;M;2;4;B;62;77;6
157329;2019-11-09;292;F;2;0;C;22;22;6
157409;2019-11-09;213;M;2;4;B;59;68;6
157453;2019-11-09;464;M;2;2;B;29;30;7
157501;2019-11-09;665;M;1;4;B;39;43;6
157503;2019-11-09;630;M;1;2;C;54;61;6
157517;2019-11-09;864;F;1;3;B;20;21;5
157520;2019-11-09;44;F;4;0;C;50;57;6
157574;2019-11-09;824;F;1;0;B;4;4;3
157647;2019-11-09;417;M;4;1;B;8;8;3
157697;2019-11-09;850;M;1;0;C;39;40;6
157777;2019-11-09;266;F;3;3;B;21;23;4
157836;2019-11-09;84;F;3;0;C;34;35;4
157838;2019-11-09;133;F;2;0;B;13;13;3
157908;2019-11-09;468;M;3;1;C;70;82;6
157931;2019-11-09;914;M;2;4;B;38;43;4
157983;2019-11-09;993;M;5;1;B;24;26;6
158020;2019-11-09;224;M;4;0;B;31;33;6
158099;2019-11-09;939;M;2;1;C;42;47;5
158131;2019-11-09;749;F;4;1;B;48;52;5
158230;2019-11-09;358;F;3;0;C;34;37;6
158296;2019-11-09;822;M;2;3;B;13;13;5
158333;2019-11-09;119;F;3;2;B;77;89;6
158425;2019-11-09;711;M;4;2;B;16;16;5
158494;2019-11-09;54;M;1;0;A;55;67;6
158585;2019-09-15;340;M;3;4;B;47;51;6
158682;2019-09-15;175;M;1;0;B;66;76;7
158715;2019-09-15;949;M;1;0;B;8;8;5
158719;2019-09-15;196;M;2;0;B;26;28;6
158741;2019-09-15;206;F;3;1;C;15;15;5
158762;2019-09-15;509;F;2;3;C;51;56;4
158812;2019-09-15;632;F;4;3;A;22;23;5
158876;2019-09-15;189;F;3;4;C;61;73;6
158908;2019-09-15;260;F;2;0;C;5;5;2
158978;2019-09-15;460;F;1;3;B;68;81;7
158996;2019-09-15;279;M;1;2;B;72;86;5
159010;2019-09-15;537;F;1;4;B;35;37;6
159107;2019-09-15;894;F;4;3;C;18;18;4
159167;2019-09-15;456;M;1;4;B;75;86;6
159256;2019-09-15;389;F;3;0;C;67;80;5
159285;2019-09-15;832;F;1;0;B;17;19;4
159295;2019-09-15;106;M;1;0;B;20;20;5
159344;2019-09-15;333;F;2;0;C;67;79;6
159371;2019-09-15;136;F;2;1;B;16;17;4
159402;2019-09-15;23;M;3;0;B;56;63;7
159443;2019-09-15;41;M;3;0;C;69;78;6
159497;2019-09-15;837;F;2;0;C;63;77;5
159585;2019-09-15;46;F;4;1;B;37;40;5
159643;2019-09-15;478;M;1;4;A;33;38;6
159644;2019-09-15;476;M;3;0;C;3;3;2
159731;2019-09-15;952;F;3;4;C;24;25;6
159811;2019-09-15;180;M;3;4;B;25;27;4
159819;2019-09-15;374;F;3;0;B;4;4;2
159864;2019-09-15;204;F;3;3;B;20;20;6
159868;2019-09-15;955;F;3;2;C;24;27;5
159869;2019-09-15;332;F;3;4;C;53;58;6
159962;2019-09-15;257;M;1;4;C;56;61;7
160022;2019-09-15;841;M;1;0;B;17;17;6
160060;2019-09-15;750;M;2;2;C;2;2;2
160115;2019-09-15;632;F;4;3;A;64;75;4
160202;2019-09-15;283;M;4;1;B;31;34;5
160265;2019-09-15;678;F;3;0;C;53;61;6
160331;2019-09-15;828;F;2;4;B;36;38;4
160430;2019-09-15;4;M;4;0;B;25;28;5
160495;2019-09-15;504;M;3;0;B;2;2;2
160588;2019-09-15;8;F;3;0;B;14;15;4
160592;2019-09-15;912;F;4;0;C;32;34;4
160620;2019-09-21;942;M;1;0;B;12;12;4
160632;2019-09-21;146;F;2;0;B;18;18;4
160650;2019-09-21;902;F;2;1;B;3;3;2
160733;2019-09-21;733;M;4;0;B;44;46;4
160823;2019-09-21;733;M;4;0;B;22;25;6
160837;2019-09-21;33;F;2;0;B;16;16;3
160927;2019-09-21;929;M;4;0;B;58;64;5
161004;2019-09-21;163;F;3;0;A;37;43;6
161061;2019-09-21;329;F;3;0;B;53;61;6
161128;2019-09-21;225;M;4;0;C;37;38;5
161219;2019-09-21;944;F;3;1;B;13;13;4
161223;2019-09-21;239;M;4;2;C;22;22;5
161315;2019-09-21;637;F;1;0;B;27;27;3
161377;2019-09-21;504;M;3;0;B;21;21;5
161464;2019-09-21;450;M;1;0;B;59;70;6
161520;2019-09-21;694;M;4;0;C;24;25;4
161549;2019-09-21;9;F;2;0;B;47;52;5
161607;2019-09-21;240;M;4;0;B;34;36;5
161658;2019-09-21;429;M;4;0;C;66;83;6
161664;2019-09-21;571;F;2;0;B;49;53;6
161738;2019-09-21;958;M;2;3;B;50;54;6
161792;2019-09-21;585;F;2;4;B;3;3;1
161818;2019-09-21;685;F;4;0;B;71;83;6
161874;2019-09-21;871;F;1;3;C;68;79;5
161887;2019-09-21;972;M;4;0;C;66;77;6
161971;2019-09-21;576;M;3;0;B;56;66;5
162024;2019-09-21;343;F;1;0;B;81;87;6
162025;2019-09-21;566;F;4;0;B;69;81;7
162036;2019-09-21;758;F;3;0;B;11;12;3
162038;2019-09-21;968;F;1;0;B;45;48;5
162135;2019-09-21;429;M;4;0;C;35;39;5
162158;2019-09-21;964;M;2;0;B;45;48;7
162165;2019-09-21;774;F;2;0;B;19;19;3
162243;2019-09-21;159;M;1;0;C;23;26;5
162342;2019-09-21;369;F;3;4;C;48;54;5
162414;2019-09-21;695;M;2;0;A;37;44;5
162468;2019-09-21;387;M;2;2;B;11;11;3
162504;2019-09-21;215;M;2;4;B;43;57;7
162505;2019-09-21;469;M;4;2;C;71;88;6
162580;2019-09-21;833;F;1;4;B;56;62;6
162662;2019-09-21;47;F;4;0;B;71;83;6
162688;2019-09-21;108;M;1;0;B;8;8;4
162692;2019-09-21;343;F;1;0;B;54;64;5
162783;2019-09-21;717;F;3;0;B;29;29;7
162795;2019-09-21;689;M;2;0;C;53;62;6
162807;2019-09-21;727;M;4;2;C;71;83;6
162900;2019-09-21;668;M;1;0;A;60;71;4
162978;2019-09-21;379;F;4;0;C;72;87;6
162990;2019-09-21;742;M;1;1;C;65;85;5
163037;2019-09-21;788;F;4;2;B;3;3;2
163124;2019-09-21;133;F;2;0;B;16;16;4
163152;2019-09-21;88;F;1;0;B;48;55;5
163251;2019-09-21;328;M;2;0;B;25;26;3
163255;2019-09-21;541;F;3;0;B;33;37;6
163309;2019-09-21;823;M;5;3;B;51;55;4
163334;2019-09-21;586;F;4;2;B;61;71;6
163407;2019-09-21;442;F;3;2;B;37;44;5
163465;2019-09-21;342;M;3;0;B;41;43;6
163519;2019-09-21;130;F;1;0;B;2;2;1
163616;2019-09-25;891;F;3;2;B;74;86;6
163693;2019-09-25;158;M;3;0;B;50;62;5
163766;2019-09-25;705;M;1;0;B;20;20;6
163837;2019-09-25;100;F;2;3;C;10;11;4
163879;2019-09-25;726;M;2;0;B;69;79;6
163899;2019-09-25;695;M;2;0;A;14;14;5
163928;2019-09-25;684;F;3;0;C;66;77;6
163943;2019-09-25;870;F;1;0;B;4;4;3
164020;2019-09-25;928;F;5;1;B;13;13;3
164095;2019-09-25;770;M;2;3;B;17;19;5
164140;2019-09-25;68;F;2;1;A;47;52;5
164211;2019-09-25;439;F;3;0;B;60;72;6
164245;2019-09-25;19;F;2;2;C;2;2;2
164248;2019-09-25;330;F;1;0;B;49;57;6
164253;2019-09-25;313;M;3;0;B;24;26;6
164351;2019-09-25;119;F;3;2;B;33;35;4
164354;2019-09-25;115;M;4;0;B;37;39;4
164430;2019-09-25;837;F;2;0;C;13;13;4
164514;2019-09-25;881;F;5;1;C;12;12;3
164601;2019-09-25;733;M;4;0;B;7;7;3
164657;2019-09-25;224;M;4;0;B;6;6;3
164721;2019-09-25;199;M;3;3;B;16;16;4
164743;2019-09-25;334;M;3;0;C;18;18;4
164836;2019-09-25;28;F;1;2;B;8;8;3
164902;2019-09-25;958;M;2;3;B;39;42;5
164969;2019-09-25;29;M;2;0;B;61;79;6
165036;2019-09-25;633;F;3;0;C;31;34;6
165065;2019-09-25;66;M;3;3;B;38;40;6
165089;2019-09-25;997;M;5;2;C;13;13;4
165117;2019-09-25;385;F;2;0;B;42;44;6
165151;2019-09-25;158;M;3;0;B;49;54;5
165193;2019-09-25;894;F;4;3;C;49;57;6
165271;2019-09-25;407;F;3;3;A;75;89;6
165281;2019-09-25;377;F;1;0;B;14;14;4
165349;2019-09-25;41;M;3;0;C;56;69;5
165377;2019-09-25;572;M;1;0;C;55;67;5
165389;2019-09-25;665;M;1;4;B;45;51;6
165402;2019-09-25;625;F;4;0;C;46;54;5
165481;2019-09-25;966;F;4;2;B;20;21;5
165499;2019-09-25;755;M;3;4;B;42;44;6
165529;2019-09-25;549;M;2;3;C;40;44;6
165598;2019-09-25;880;M;3;2;B;76;89;6
165625;2019-09-25;343;F;1;0;B;67;74;5
165706;2019-09-25;160;F;3;4;B;49;59;4
165732;2019-09-25;637;F;1;0;B;16;18;3
165768;2019-09-25;729;M;3;0;B;58;62;7
165861;2019-09-25;234;M;3;4;B;32;34;6
165929;2019-09-25;332;F;3;4;C;44;48;4
165998;2019-09-25;726;M;2;0;B;11;11;4
166060;2019-09-25;908;M;3;2;C;1;1;1
166077;2019-09-25;612;F;3;4;B;15;15;6
166106;2019-09-25;446;M;1;4;B;57;64;5
166160;2019-09-25;619;M;4;1;B;50;60;7
166258;2019-09-25;276;F;3;0;B;3;3;2
166346;2019-09-25;746;M;3;0;C;4;4;4
166417;2019-09-25;505;F;1;0;C;47;54;7
166464;2019-09-25;957;M;2;3;B;39;44;5
166546;2019-09-25;424;M;1;4;B;49;54;7
166573;2019-09-25;675;M;4;0;B;38;43;5
166577;2019-09-25;801;M;1;4;B;20;22;4
166629;2019-09-25;167;M;1;1;A;62;73;7
166635;2019-09-25;756;F;1;4;B;19;20;5
166681;2019-09-25;893;F;1;0;B;47;49;5
166725;2019-09-25;967;F;1;0;B;43;48;6
166824;2019-09-25;684;F;3;0;C;8;8;3
166837;2019-09-25;803;F;2;0;A;59;69;7
166856;2019-02-10;595;M;1;0;B;22;22;5
166884;2019-02-10;469;M;4;2;C;52;59;6
166955;2019-02-10;533;F;4;0;A;25;28;5
167043;2019-02-10;879;M;2;2;C;39;42;5
167055;2019-02-10;977;M;1;0;C;51;67;6
167145;2019-02-10;221;F;1;0;B;42;45;5
167237;2019-02-10;742;M;1;1;C;20;21;5
167256;2019-02-10;269;F;3;3;B;21;21;4
167267;2019-02-10;841;M;1;0;B;4;4;2
167335;2019-02-10;208;M;3;0;B;33;37;4
167380;2019-02-10;469;M;4;2;C;37;39;6
167440;2019-02-10;461;M;3;4;C;24;24;5
167483;2019-02-10;330;F;1;0;B;33;37;6
167556;2019-02-10;275;M;4;0;B;38;45;5
167562;2019-02-10;82;F;1;1;C;61;68;4
167641;2019-02-10;421;M;3;3;C;63;80;6
167667;2019-02-10;264;F;4;1;B;39;47;6
167758;2019-02-10;814;M;4;0;B;36;40;4
167769;2019-02-10;447;M;2;0;B;72;86;6
167865;2019-02-10;509;F;2;3;C;1;1;1
167911;2019-02-10;82;F;1;1;C;34;36;5
167955;2019-02-10;406;M;2;4;C;35;36;6
167986;2019-02-10;552;M;4;0;B;58;69;6
168002;2019-02-10;432;F;1;0;C;33;33;5
168032;2019-02-10;60;F;2;3;B;41;50;4
168102;2019-02-10;863;F;1;4;B;62;75;6
168176;2019-02-10;973;F;4;0;B;13;13;5
168264;2019-02-10;228;F;4;0;C;33;34;6
168292;2019-02-10;343;F;1;0;B;42;51;7
168307;2019-02-10;222;F;4;0;B;63;73;5
168361;2019-02-10;893;F;1;0;B;5;5;3
168417;2019-02-10;635;F;4;0;B;69;82;7
168424;2019-02-10;456;M;1;4;B;53;59;4
168478;2019-02-10;405;F;4;0;B;4;4;3
168512;2019-02-10;33;F;2;0;B;9;9;4
168513;2019-02-10;925;M;2;0;C;43;47;6
168595;2019-02-10;676;M;2;3;B;58;68;7
168602;2019-02-10;201;M;3;0;B;26;26;5
168611;2019-02-10;681;M;1;0;C;57;61;5
168666;2019-02-10;711;M;4;2;B;27;28;6
168717;2019-02-10;421;M;3;3;C;50;61;6
168731;2019-02-10;228;F;4;0;C;17;17;4
168748;2019-02-10;442;F;3;2;B;71;83;7
168772;2019-02-10;835;F;1;0;A;67;71;6
168869;2019-02-10;10;M;1;0;B;18;18;4
168896;2019-02-10;730;F;2;0;B;24;24;6
168924;2019-02-10;974;M;4;1;B;61;69;5
168942;2019-02-10;106;M;1;0;B;26;27;5
169005;2019-02-10;239;M;4;2;C;57;71;7
169014;2019-02-10;204;F;3;3;B;7;7;3
169050;2019-02-10;395;F;4;1;B;50;54;6
169145;2019-02-10;864;F;1;3;B;12;13;4
169212;2019-02-10;134;F;3;0;B;69;89;5
169276;2019-02-10;806;F;2;3;B;3;3;2
169357;2019-02-10;380;M;3;4;B;34;36;5
169454;2019-02-10;746;M;3;0;C;48;51;7
169526;2019-02-10;293;M;4;0;B;38;42;4
169531;2019-02-10;510;F;4;0;B;17;18;3
169617;2019-02-10;74;M;3;0;C;10;10;2
169642;2019-02-10;118;M;2;4;A;66;71;6
169672;2019-02-10;11;F;4;0;A;48;54;5
169709;2019-02-10;169;F;1;1;B;69;86;7
169714;2019-02-10;749;F;4;1;B;48;52;6
169751;2019-02-10;599;F;1;4;C;32;35;6
169815;2019-02-10;393;F;4;0;B;3;3;3
169869;2019-02-10;874;F;3;3;B;72;84;6
169966;2019-02-10;538;M;3;0;B;14;14;3
170029;2019-02-10;316;F;3;2;B;1;1;1
170122;2019-02-10;511;F;1;0;B;29;31;4
170170;2019-02-10;682;F;2;2;B;1;1;1
170194;2019-04-10;771;F;4;0;B;2;2;1
170218;2019-04-10;677;M;4;0;B;7;7;3
170231;2019-04-10;80;F;2;1;C;24;26;5
170276;2019-04-10;416;M;3;2;C;40;47;6
170367;2019-04-10;58;M;2;2;B;10;11;4
170463;2019-04-10;625;F;4;0;C;54;57;7
170514;2019-04-10;451;M;3;0;C;45;50;4
170602;2019-04-10;300;F;1;3;C;70;87;6
170608;2019-04-10;217;F;3;0;B;50;53;6
170643;2019-04-10;574;F;2;2;B;25;26;4
170661;2019-04-10;753;F;1;3;C;73;85;6
170712;2019-04-10;966;F;4;2;B;18;19;4
170807;2019-04-10;59;M;2;0;A;43;48;4
170822;2019-04-10;250;F;4;1;B;69;86;6
170845;2019-04-10;38;M;3;0;B;73;86;5
170862;2019-04-10;725;M;4;0;C;1;1;1
170890;2019-04-10;204;F;3;3;B;33;35;5
170969;2019-04-10;329;F;3;0;B;34;36;5
170970;2019-04-10;459;F;3;2;B;39;46;5
171062;2019-04-10;115;M;4;0;B;78;88;6
171111;2019-04-10;84;F;3;0;C;17;18;4
171149;2019-04-10;134;F;3;0;B;64;73;5
171205;2019-04-10;616;F;1;2;C;76;88;7
171297;2019-04-10;466;F;1;0;C;59;65;5
171350;2019-04-10;957;M;2;3;B;44;48;5
171440;2019-04-10;921;M;2;3;B;17;17;4
171445;2019-04-10;913;M;3;4;C;19;21;4
171531;2019-04-10;638;M;3;1;B;2;2;2
171597;2019-04-10;530;F;1;0;A;15;15;4
171610;2019-04-10;763;F;4;0;B;24;24;5
171614;2019-04-10;671;M;2;0;C;31;35;6
171619;2019-04-10;611;M;4;0;B;2;2;2
171635;2019-04-10;518;F;1;0;B;23;25;5
171686;2019-04-10;897;M;2;1;C;50;56;5
171775;2019-04-10;106;M;1;0;B;21;21;6
171860;2019-04-10;155;F;2;0;B;59;69;6
171898;2019-04-10;736;M;1;0;C;6;6;5
171955;2019-04-10;353;M;1;2;B;45;49;5
171981;2019-04-10;832;F;1;0;B;58;66;5
172002;2019-04-10;474;M;2;0;B;26;27;4
172092;2019-04-10;648;M;1;0;B;67;78;6
172125;2019-04-10;69;M;4;3;A;71;85;6
172224;2019-04-10;544;F;2;0;B;48;54;6
172234;2019-04-10;15;M;2;1;C;6;6;3
172319;2019-04-10;483;M;1;0;C;67;80;7
172348;2019-04-10;533;F;4;0;A;71;84;6
172402;2019-04-10;218;M;4;0;B;34;36;5
172418;2019-04-10;604;M;4;0;B;48;52;6
172433;2019-04-10;225;M;4;0;C;21;21;5
172453;2019-04-10;330;F;1;0;B;54;65;7
172534;2019-04-10;98;M;1;0;B;61;72;6
172550;2019-04-10;96;F;1;1;C;45;48;6
172618;2019-04-10;974;M;4;1;B;12;12;2
172667;2019-04-10;604;M;4;0;B;52;54;6
172743;2019-04-10;312;M;1;0;A;62;72;6
172748;2019-04-10;53;M;1;1;B;16;16;4
172833;2019-04-10;192;F;4;0;B;6;7;3
172864;2019-04-10;235;F;4;0;B;68;76;6
172924;2019-04-10;731;M;3;4;B;66;74;6
172965;2019-04-10;829;F;3;4;B;12;12;5
172984;2019-04-10;818;F;2;0;B;63;68;7
173005;2019-04-10;827;M;4;0;B;69;76;6
173007;2019-04-10;703;M;1;3;B;33;38;4
173045;2019-04-10;367;F;1;0;A;46;54;6
173055;2019-04-10;393;F;4;0;B;51;56;7
173098;2019-04-10;217;F;3;0;B;21;22;4
173106;2019-05-10;959;M;5;1;B;47;52;6
173149;2019-05-10;387;M;2;2;B;71;79;7
173237;2019-05-10;303;M;3;4;B;69;82;6
173269;2019-05-10;336;F;1;0;C;25;25;5
173304;2019-05-10;439;F;3;0;B;10;11;4
173388;2019-05-10;889;F;3;4;B;66;77;6
173462;2019-05-10;652;F;4;0;B;19;19;4
173489;2019-05-10;801;M;1;4;B;81;86;6
173506;2019-05-10;495;F;2;3;A;49;58;6
173518;2019-05-10;258;F;1;0;B;68;79;6
173613;2019-05-10;977;M;1;0;C;14;14;3
173666;2019-05-10;907;M;3;1;B;68;79;7
173742;2019-05-10;701;M;3;0;B;56;58;6
173761;2019-05-10;734;F;4;2;B;40;47;6
173837;2019-05-10;531;F;3;1;B;58;66;6
173852;2019-05-10;788;F;4;2;B;71;79;7
173900;2019-05-10;208;M;3;0;B;1;1;1
173917;2019-05-10;499;M;3;0;B;29;32;6
173990;2019-05-10;9;F;2;0;B;74;89;7
173999;2019-05-10;924;F;2;2;B;10;10;4
174097;2019-05-10;130;F;1;0;B;63;81;6
174105;2019-05-10;433;M;3;3;B;39;48;5
174120;2019-05-10;718;F;3;2;B;73;87;6
174169;2019-05-10;973;F;4;0;B;2;2;2
174261;2019-05-10;944;F;3;1;B;40;41;6
174296;2019-05-10;974;M;4;1;B;18;19;3
174310;2019-05-10;350;F;5;1;B;59;67;7
174339;2019-05-10;169;F;1;1;B;25;28;6
174348;2019-05-10;125;M;3;0;B;39;42;7
174367;2019-05-10;665;M;1;4;B;2;2;2
174396;2019-05-10;444;F;2;0;B;73;82;6
174429;2019-05-10;755;M;3;4;B;25;27;4
174522;2019-05-10;815;F;2;4;B;64;81;7
174532;2019-05-10;251;F;2;0;C;7;7;4
174609;2019-05-10;63;F;3;0;B;22;22;4
174641;2019-05-10;764;F;3;1;B;26;26;6
174677;2019-05-10;197;F;2;0;B;6;6;3
174737;2019-05-10;398;F;4;1;B;26;29;6
174745;2019-05-10;348;F;3;0;A;33;37;4
174756;2019-05-10;31;F;1;0;C;39;43;5
174808;2019-05-10;387;M;2;2;B;44;49;5
174884;2019-05-10;563;M;3;0;B;45;48;6
174887;2019-05-10;213;M;2;4;B;61;72;6
174952;2019-05-10;63;F;3;0;B;36;36;5
175016;2019-05-10;248;M;3;0;C;52;58;6
175091;2019-05-10;625;F;4;0;C;27;29;5
175118;2019-05-10;778;F;2;2;A;63;69;6
175186;2019-05-10;161;M;5;2;B;25;27;3
175234;2019-05-10;818;F;2;0;B;4;4;4
175288;2019-05-10;191;M;3;0;B;5;5;3
175348;2019-05-10;669;F;4;0;B;11;11;5
175442;2019-05-10;326;F;1;0;B;43;46;7
175521;2019-05-10;287;F;1;0;B;23;23;3
175618;2019-05-10;53;M;1;1;B;57;60;5
175656;2019-05-10;52;F;1;0;A;27;28;4
175695;2019-05-10;435;F;2;0;C;44;47;6
175742;2019-05-10;79;F;2;0;C;7;7;3
175751;2019-05-10;531;F;3;1;B;35;38;5
175850;2019-05-10;694;M;4;0;C;17;20;5
175893;2019-05-10;275;M;4;0;B;66;79;6
175919;2019-05-10;983;F;4;0;C;22;23;5
175945;2019-05-10;794;M;1;2;B;6;6;5
176036;2019-05-10;373;F;4;2;B;50;52;5
176099;2019-05-10;622;F;3;0;B;55;64;6
176107;2019-05-10;625;F;4;0;C;58;65;6
176147;2019-05-10;30;M;4;0;B;53;59;7
176193;2019-05-10;68;F;2;1;A;21;21;5
176226;2019-05-10;361;F;1;0;C;16;16;5
176268;2019-05-10;15;M;2;1;C;25;27;4
176299;2019-05-10;36;F;3;0;C;4;4;2
176376;2019-05-10;229;M;2;2;C;40;45;7
176432;2019-05-10;649;F;3;0;B;69;75;6
176475;2019-05-10;957;M;2;3;B;48;55;4
176531;2019-05-10;643;F;4;0;C;35;38;5
176540;2019-05-10;29;M;2;0;B;42;47;6
176555;2019-05-10;220;M;1;0;B;1;1;1
176582;2019-05-10;381;F;1;1;B;14;14;3
176677;2019-05-10;596;M;2;0;B;11;12;4
176701;2019-05-10;445;M;2;0;B;11;11;4
176703;2019-05-10;364;F;4;2;C;33;36;6
176732;2019-05-10;2;M;3;0;B;69;87;7
176792;2019-05-10;766;F;1;0;B;53;63;5
176862;2019-05-10;89;F;3;3;C;35;40;5
176961;2019-05-10;667;F;4;0;C;55;61;6
177012;2019-05-10;215;M;2;4;B;62;71;6
177032;2019-05-10;528;M;2;2;C;29;31;5
177038;2019-05-10;513;F;4;3;B;62;75;6
177054;2019-05-10;797;M;2;4;B;4;4;2
177153;2019-05-10;701;M;3;0;B;66;79;6
177173;2019-05-10;223;F;3;0;B;44;53;5
177230;2019-05-10;856;F;5;1;B;69;83;6
177325;2019-05-10;855;M;4;1;C;32;34;5
177347;2019-05-10;905;M;1;0;B;50;54;5
177426;2019-05-10;319;M;1;4;B;34;39;4
177508;2019-05-10;576;M;3;0;B;59;66;7
177522;2019-05-10;707;M;4;0;B;5;5;3
177612;2019-05-10;447;M;2;0;B;12;13;5
177675;2019-05-10;76;M;3;0;A;66;78;6
177766;2019-05-10;152;F;3;1;C;71;76;6
177805;2019-10-10;259;M;1;1;B;63;70;5
177829;2019-10-10;119;F;3;2;B;18;20;4
177873;2019-10-10;147;M;1;0;A;28;28;5
177875;2019-10-10;629;M;3;0;C;5;5;2
177905;2019-10-10;881;F;5;1;C;39;41;6
177993;2019-10-10;641;F;4;0;C;33;33;6
178002;2019-10-10;194;F;4;0;B;40;42;4
178042;2019-10-10;518;F;1;0;B;55;62;6
178057;2019-10-10;2;M;3;0;B;44;46;5
178147;2019-10-10;23;M;3;0;B;19;19;5
178180;2019-10-10;622;F;3;0;B;18;18;3
178259;2019-10-10;260;F;2;0;C;66;78;6
178277;2019-10-10;345;F;2;3;B;46;51;6
178352;2019-10-10;630;M;1;2;C;9;9;4
178436;2019-10-10;882;F;4;1;B;42;48;6
178492;2019-10-10;398;F;4;1;B;3;3;3
178505;2019-10-10;429;M;4;0;C;51;58;7
178603;2019-10-10;130;F;1;0;B;8;8;4
178648;2019-10-10;721;M;3;2;C;39;42;5
178712;2019-10-10;55;F;3;0;B;16;18;5
178765;2019-10-10;527;F;4;1;B;46;48;6
178850;2019-10-10;515;M;4;0;A;1;1;1
178917;2019-10-10;74;M;3;0;C;43;48;5
178995;2019-10-10;946;M;3;0;B;62;76;5
179065;2019-10-10;498;M;3;2;B;61;72;6
179163;2019-10-10;245;F;4;3;B;33;34;5
179251;2019-10-10;915;F;3;0;B;55;62;6
179324;2019-10-10;608;F;3;0;C;25;29;3
179348;2019-10-10;647;M;1;0;C;42;46;5
179428;2019-10-10;706;F;2;0;A;57;67;6
179524;2019-10-10;871;F;1;3;C;53;63;5
179545;2019-10-10;769;F;3;3;C;27;28;5
179614;2019-10-10;993;M;5;1;B;66;80;7
179704;2019-10-10;280;M;4;3;B;7;7;2
179747;2019-10-10;441;M;4;2;B;74;88;7
179802;2019-10-10;481;M;3;0;B;53;62;6
179891;2019-10-10;58;M;2;2;B;68;77;5
179971;2019-10-10;500;M;3;2;C;2;2;2
180049;2019-10-10;518;F;1;0;B;27;28;5
180109;2019-10-10;98;M;1;0;B;46;50;5
180125;2019-10-10;152;F;3;1;C;32;35;4
180208;2019-10-10;472;M;2;1;C;20;21;5
180253;2019-10-10;248;M;3;0;C;41;49;6
180304;2019-10-10;579;F;3;0;B;19;19;4
180373;2019-10-10;734;F;4;2;B;42;47;5
180432;2019-10-10;108;M;1;0;B;58;73;6
180440;2019-10-10;459;F;3;2;B;15;15;5
180499;2019-10-10;376;F;3;0;B;50;55;6
180562;2019-12-10;846;F;4;3;C;33;37;6
180625;2019-12-10;610;M;2;0;B;9;9;3
180634;2019-12-10;220;M;1;0;B;13;13;3
180717;2019-12-10;964;M;2;0;B;66;79;6
180740;2019-12-10;968;F;1;0;B;76;87;7
180823;2019-12-10;584;M;3;0;B;63;84;7
180851;2019-12-10;493;M;2;4;B;3;3;2
180943;2019-12-10;475;F;4;3;B;60;67;7
181003;2019-12-10;331;F;4;0;B;61;76;7
181040;2019-12-10;553;F;4;0;B;72;86;6
181102;2019-12-10;726;M;2;0;B;63;70;6
181170;2019-12-10;865;F;1;0;B;71;76;7
181202;2019-12-10;494;F;5;1;C;34;37;4
181256;2019-12-10;427;M;3;0;B;24;26;5
181353;2019-12-10;157;M;1;1;C;55;63;5
181412;2019-12-10;358;F;3;0;C;48;54;6
181451;2019-12-10;863;F;1;4;B;43;48;5
181547;2019-12-10;358;F;3;0;C;2;2;1
181629;2019-12-10;324;F;3;3;B;30;33;3
181648;2019-12-10;23;M;3;0;B;16;17;4
181665;2019-12-10;952;F;3;4;C;2;2;2
181692;2019-12-10;408;F;4;0;B;46;54;6
181726;2019-12-10;185;F;3;0;C;72;85;7
181745;2019-12-10;597;M;3;0;C;30;33;5
181829;2019-12-10;220;M;1;0;B;76;86;6
181925;2019-12-10;205;M;2;4;B;66;83;5
182024;2019-12-10;333;F;2;0;C;55;67;5
182095;2019-12-10;626;M;3;1;C;31;34;5
182125;2019-12-10;432;F;1;0;C;23;23;4
182217;2019-12-10;68;F;2;1;A;37;40;6
182239;2019-12-10;468;M;3;1;C;63;80;7
182277;2019-12-10;447;M;2;0;B;63;80;6
182327;2019-12-10;287;F;1;0;B;29;31;3
182366;2019-12-10;412;M;2;0;B;17;17;4
182458;2019-12-10;658;F;1;1;B;19;20;5
182547;2019-12-10;532;F;2;3;B;62;68;7
182605;2019-12-10;563;M;3;0;B;16;17;4
182624;2019-12-10;681;M;1;0;C;28;31;5
182702;2019-12-10;779;M;3;4;A;2;2;2
182728;2019-12-10;525;M;1;4;B;53;60;6
182756;2019-12-10;313;M;3;0;B;45;51;6
182812;2019-12-10;59;M;2;0;A;31;36;5
182890;2019-12-10;978;F;3;0;C;65;84;6
182983;2019-12-10;946;M;3;0;B;8;8;4
183004;2019-10-15;16;M;1;4;C;56;63;4
183085;2019-10-15;739;F;2;3;B;45;47;5
183151;2019-10-15;960;F;4;2;B;47;57;6
183218;2019-10-15;336;F;1;0;C;7;7;4
183232;2019-10-15;641;F;4;0;C;54;62;6
183235;2019-10-15;323;M;1;3;B;45;48;5
183243;2019-10-15;247;M;1;0;B;61;73;6
183247;2019-10-15;166;F;1;0;B;37;42;5
183305;2019-10-15;76;M;3;0;A;65;70;6
183316;2019-10-15;823;M;5;3;B;23;23;4
183336;2019-10-15;732;F;3;4;B;47;51;6
183376;2019-10-15;799;M;4;3;C;63;69;5
183399;2019-10-15;110;M;3;0;C;69;83;6
183440;2019-10-15;384;F;3;2;C;4;4;1
183526;2019-10-15;992;F;2;0;B;5;5;3
183573;2019-10-15;258;F;1;0;B;48;51;6
183614;2019-10-15;110;M;3;0;C;68;78;6
183658;2019-10-15;870;F;1;0;B;18;18;4
183691;2019-10-15;294;F;4;0;C;33;34;5
183724;2019-10-15;993;M;5;1;B;6;6;3
183725;2019-10-15;278;F;3;2;C;52;62;6
183763;2019-10-15;459;F;3;2;B;36;39;7
183789;2019-10-15;645;F;4;0;B;4;4;2
183818;2019-10-15;797;M;2;4;B;58;64;5
183841;2019-10-15;87;M;3;2;A;25;27;5
183896;2019-10-15;554;F;3;0;A;37;41;6
183953;2019-10-15;71;F;3;1;B;72;88;6
184034;2019-10-15;770;M;2;3;B;51;57;5
184080;2019-10-15;399;F;4;1;C;61;67;5
184087;2019-10-15;545;M;2;2;B;30;31;6
184088;2019-10-15;755;M;3;4;B;19;19;5
184136;2019-10-15;842;M;5;2;B;26;27;6
184139;2019-10-15;91;M;3;0;B;23;23;5
184189;2019-10-15;675;M;4;0;B;50;58;7
184212;2019-10-15;621;F;4;0;B;31;33;6
184295;2019-10-15;208;M;3;0;B;49;59;7
184356;2019-10-15;235;F;4;0;B;32;34;6
184409;2019-10-15;415;F;3;0;B;18;18;4
184419;2019-10-15;247;M;1;0;B;44;50;6
184446;2019-10-15;423;F;5;2;A;48;53;7
184541;2019-10-15;453;F;1;0;B;57;65;7
184629;2019-10-15;987;F;1;0;B;35;40;6
184699;2019-10-15;738;M;1;0;C;69;81;5
184735;2019-10-15;786;F;1;4;C;67;82;6
184798;2019-10-15;437;F;2;1;C;26;27;5
184845;2019-10-15;844;F;5;1;A;52;57;4
184855;2019-10-15;457;M;3;0;C;11;11;3
184886;2019-10-15;436;M;2;4;B;60;63;5
184926;2019-10-15;549;M;2;3;C;62;72;6
185023;2019-10-15;237;F;4;3;C;30;32;5
185099;2019-10-15;101;F;1;0;C;49;53;6
185179;2019-10-15;307;M;1;0;B;43;45;6
185240;2019-10-15;767;F;1;0;B;40;43;5
185287;2019-10-15;877;M;2;0;C;39;44;6
185292;2019-10-15;712;F;2;3;B;25;28;5
185348;2019-10-15;539;M;2;0;C;2;2;2
185372;2019-10-15;793;M;1;3;B;30;32;6
185465;2019-10-15;14;M;1;3;B;27;31;6
185486;2019-10-15;197;F;2;0;B;30;33;5
185569;2019-10-15;507;F;3;2;B;16;17;5
185604;2019-10-15;275;M;4;0;B;17;17;5
185638;2019-10-15;806;F;2;3;B;30;33;5
185695;2019-10-15;663;F;4;0;B;28;30;6
185720;2019-10-15;257;M;1;4;C;66;81;7
185741;2019-10-15;768;F;4;0;B;34;36;5
185777;2019-10-15;219;M;2;0;B;55;61;7
185865;2019-10-15;796;M;2;3;B;41;42;7
185906;2019-10-15;313;M;3;0;B;46;51;6
185941;2019-10-15;224;M;4;0;B;7;7;3
186018;2019-10-15;927;M;1;1;C;51;54;5
186024;2019-10-15;15;M;2;1;C;39;40;7
186111;2019-10-15;828;F;2;4;B;46;50;6
186207;2019-10-15;54;M;1;0;A;6;6;4
186290;2019-10-20;666;F;2;2;B;55;65;4
186298;2019-10-20;838;F;1;0;C;68;81;5
186327;2019-10-20;559;F;3;1;A;67;82;6
186342;2019-10-20;459;F;3;2;B;36;42;5
186424;2019-10-20;681;M;1;0;C;45;49;5
186518;2019-10-20;291;F;3;0;C;70;87;6
186595;2019-10-20;631;M;1;4;C;13;13;5
186614;2019-10-20;387;M;2;2;B;64;77;6
186713;2019-10-20;925;M;2;0;C;30;32;4
186750;2019-10-20;932;M;4;1;B;6;6;3
186813;2019-10-20;397;F;1;0;B;44;49;6
186890;2019-10-20;822;M;2;3;B;2;2;2
186903;2019-10-20;314;F;1;1;A;49;52;6
186975;2019-10-20;419;F;2;1;B;49;52;6
187061;2019-10-20;682;F;2;2;B;10;10;3
187078;2019-10-20;413;M;3;2;B;67;78;7
187122;2019-10-20;93;F;2;0;C;61;71;7
187186;2019-10-20;758;F;3;0;B;10;10;2
187217;2019-10-20;917;M;1;0;A;10;10;3
187297;2019-10-20;914;M;2;4;B;69;76;6
187388;2019-10-20;803;F;2;0;A;5;5;2
187416;2019-10-20;27;F;1;0;B;66;83;6
187475;2019-10-20;604;M;4;0;B;5;5;3
187487;2019-10-20;430;F;4;1;B;71;81;6
187546;2019-10-20;716;F;4;0;C;18;18;5
187591;2019-10-20;39;M;2;0;C;52;64;6
187621;2019-10-20;567;F;1;0;C;15;15;3
187692;2019-10-20;822;M;2;3;B;4;4;2
187742;2019-10-20;68;F;2;1;A;64;74;7
187747;2019-10-20;613;F;3;0;B;46;48;4
187841;2019-10-20;285;M;3;0;B;40;42;5
187885;2019-10-20;47;F;4;0;B;32;33;6
187974;2019-10-20;968;F;1;0;B;1;1;1
188028;2019-10-20;586;F;4;2;B;55;65;5
188114;2019-10-20;334;M;3;0;C;49;55;7
188200;2019-10-20;108;M;1;0;B;50;55;6
188233;2019-10-20;914;M;2;4;B;14;14;6
188271;2019-10-20;177;F;3;2;C;46;56;5
188299;2019-10-20;645;F;4;0;B;1;1;1
188362;2019-10-20;956;M;5;1;C;18;18;5
188452;2019-10-20;751;F;2;0;B;56;62;5
188483;2019-10-20;75;M;1;0;B;64;72;6
188515;2019-10-20;349;M;3;0;B;7;7;2
188564;2019-10-20;587;M;1;0;B;27;28;4
188619;2019-10-20;305;F;4;0;B;40;41;5
188633;2019-10-20;599;F;1;4;C;19;21;4
188685;2019-10-20;710;F;3;1;C;47;51;5
188763;2019-10-20;360;M;4;0;B;52;60;4
188773;2019-10-20;499;M;3;0;B;68;77;7
188820;2019-10-20;144;M;1;0;B;47;57;6
188842;2019-10-20;934;F;2;2;B;67;80;7
188888;2019-10-20;414;F;1;0;B;14;15;5
188934;2019-10-20;791;F;1;0;B;73;87;6
189018;2019-10-20;212;F;2;1;B;48;56;6
189054;2019-10-20;536;M;4;0;B;11;11;4
189147;2019-10-20;561;M;2;0;B;17;18;5
189216;2019-10-25;475;F;4;3;B;42;48;5
189309;2019-10-25;316;F;3;2;B;60;71;7
189374;2019-10-25;995;M;3;1;B;27;28;5
189384;2019-10-25;37;M;3;0;B;17;17;4
189457;2019-10-25;143;F;1;4;B;5;5;2
189488;2019-10-25;949;M;1;0;B;47;49;7
189494;2019-10-25;387;M;2;2;B;37;39;5
189511;2019-10-25;949;M;1;0;B;54;62;5
189553;2019-10-25;358;F;3;0;C;36;39;6
189586;2019-10-25;317;M;3;0;B;49;54;6
189621;2019-10-25;555;M;4;3;A;53;60;5
189692;2019-10-31;11;F;4;0;A;65;82;7
189713;2019-10-31;251;F;2;0;C;15;16;4
189808;2019-10-31;737;F;2;1;C;2;2;2
189815;2019-10-31;857;F;2;2;B;22;24;5
189840;2019-10-31;240;M;4;0;B;32;34;5
189859;2019-10-31;535;M;4;0;A;7;7;2
189889;2019-10-31;765;F;5;1;B;29;32;5
189923;2019-10-31;892;F;4;2;B;22;26;3
189947;2019-10-31;546;F;4;0;B;23;24;6
189962;2019-10-31;149;M;1;3;A;2;2;1
189999;2019-10-31;789;F;5;1;B;46;49;6
190020;2019-10-31;884;F;3;2;C;59;67;6
190094;2019-10-31;879;M;2;2;C;23;24;4
190172;2019-10-31;651;F;2;0;B;29;33;5
190256;2019-10-31;74;M;3;0;C;43;46;5
190296;2019-05-11;812;F;2;0;A;54;65;4
190330;2019-05-11;700;F;4;2;C;33;38;5
190375;2019-05-11;451;M;3;0;C;65;71;6
190418;2019-05-11;378;F;2;0;C;44;48;5
190507;2019-05-11;895;M;3;0;B;48;56;6
190535;2019-05-11;820;M;1;4;B;49;57;6
190617;2019-05-11;125;M;3;0;B;55;60;4
190622;2019-05-11;570;F;4;1;C;47;52;6
190650;2019-05-11;496;F;2;0;B;18;19;5
190745;2019-05-11;728;M;2;0;A;50;57;6
190750;2019-05-11;38;M;3;0;B;54;63;6
190756;2019-05-11;237;F;4;3;C;5;5;3
190844;2019-05-11;703;M;1;3;B;25;26;3
190883;2019-05-11;569;M;1;1;A;36;41;5
190918;2019-05-11;693;F;4;0;B;60;74;5
190963;2019-05-11;308;M;4;0;B;39;41;5
191061;2019-05-11;260;F;2;0;C;55;57;5
191145;2019-05-11;41;M;3;0;C;67;86;7
191165;2019-05-11;444;F;2;0;B;47;54;4
191170;2019-05-11;936;F;3;2;B;30;34;5
191254;2019-05-11;539;M;2;0;C;8;8;3
191333;2019-05-11;267;F;4;2;B;56;60;7
191388;2019-05-11;127;F;4;2;C;60;68;5
191436;2019-05-11;488;M;3;2;B;4;4;3
191497;2019-05-11;365;M;4;0;A;57;63;6
191551;2019-05-11;224;M;4;0;B;27;28;5
191614;2019-05-11;66;M;3;3;B;59;66;6
191655;2019-05-11;664;M;3;1;B;6;6;3
191708;2019-05-11;431;F;4;3;B;58;72;6
191747;2019-05-11;523;M;3;0;B;28;31;3
191790;2019-05-11;155;F;2;0;B;25;28;4
191848;2019-05-11;268;M;4;0;B;12;12;5
191918;2019-05-11;876;F;2;3;B;37;39;6
192017;2019-05-11;129;M;2;0;A;69;79;6
192106;2019-05-11;42;M;2;2;B;40;42;5
192155;2019-05-11;909;M;3;0;B;47;50;6
192185;2019-05-11;9;F;2;0;B;14;14;4
192229;2019-05-11;722;F;4;0;B;4;4;1
192301;2019-05-11;459;F;3;2;B;14;14;3
192386;2019-05-11;539;M;2;0;C;66;80;7
192437;2019-05-11;759;F;3;0;B;41;43;6
192524;2019-05-11;234;M;3;4;B;20;20;5
192582;2019-05-11;385;F;2;0;B;58;70;5
192610;2019-05-11;430;F;4;1;B;40;42;7
192678;2019-05-11;130;F;1;0;B;28;29;4
192777;2019-05-11;757;F;4;3;C;50;62;5
192781;2019-05-11;129;M;2;0;A;25;26;4
192799;2019-05-11;422;F;2;4;C;41;44;6
192873;2019-05-11;53;M;1;1;B;9;9;4
192918;2019-05-11;381;F;1;1;B;44;47;6
192954;2019-05-11;506;F;4;3;B;56;64;6
193051;2019-05-11;580;M;3;0;B;27;27;4
193067;2019-05-11;670;M;4;0;C;46;50;5
193130;2019-05-11;441;M;4;2;B;8;8;4
193172;2019-05-11;712;F;2;3;B;67;79;5
193226;2019-05-11;783;F;1;0;B;4;4;2
193290;2019-05-11;231;F;4;2;B;40;43;6
193325;2019-05-11;786;F;1;4;C;47;58;5
193423;2019-05-11;289;F;3;4;C;49;55;6
193521;2019-05-11;980;F;1;0;B;46;55;6
193617;2019-05-11;951;M;2;0;B;8;8;4
193652;2019-05-11;867;M;2;3;B;72;86;5
193680;2019-05-11;922;M;1;0;B;50;60;7
193705;2019-05-11;746;M;3;0;C;5;5;3
193801;2019-05-11;653;M;2;0;C;52;56;6
193823;2019-05-11;569;M;1;1;A;74;85;7
193914;2019-05-11;591;M;4;1;B;8;8;3
193993;2019-05-11;208;M;3;0;B;55;67;5
194066;2019-05-11;225;M;4;0;C;47;52;5
194134;2019-05-11;414;F;1;0;B;54;64;6
194161;2019-05-11;159;M;1;0;C;61;70;5
194201;2019-05-11;169;F;1;1;B;33;39;5
194225;2019-05-11;75;M;1;0;B;50;58;5
194255;2019-05-11;980;F;1;0;B;48;52;6
194262;2019-05-11;35;M;3;0;B;51;58;6
194346;2019-05-11;122;M;3;3;B;9;9;3
194350;2019-05-11;190;M;1;4;B;55;63;6
194390;2019-08-11;492;F;2;1;C;7;7;3
194462;2019-08-11;140;F;1;0;C;48;59;6
194477;2019-08-11;193;F;4;0;B;32;37;6
194504;2019-08-11;410;F;3;3;B;45;50;6
194548;2019-08-11;919;F;2;0;C;47;51;6
194609;2019-08-11;780;M;3;2;B;59;68;6
194691;2019-08-11;262;M;1;2;B;43;49;6
194698;2019-08-11;138;F;3;2;B;30;33;5
194772;2019-08-11;527;F;4;1;B;15;15;5
194837;2019-08-11;481;M;3;0;B;32;32;6
194918;2019-08-11;31;F;1;0;C;54;63;6
194986;2019-08-11;376;F;3;0;B;34;35;6
195070;2019-08-11;113;F;3;0;B;35;39;6
195169;2019-08-11;791;F;1;0;B;12;13;5
195210;2019-08-11;250;F;4;1;B;53;59;7
195272;2019-08-11;552;M;4;0;B;28;30;6
195362;2019-08-11;176;F;2;0;B;20;21;5
195408;2019-08-11;194;F;4;0;B;48;51;5
195409;2019-08-11;954;F;4;2;B;42;43;6
195501;2019-08-11;31;F;1;0;C;53;60;7
195536;2019-08-11;345;F;2;3;B;56;64;6
195548;2019-08-11;155;F;2;0;B;25;26;5
195616;2019-08-11;764;F;3;1;B;23;24;3
195676;2019-11-15;88;F;1;0;B;17;17;4
195688;2019-11-15;464;M;2;2;B;26;29;5
195724;2019-11-15;195;M;4;0;B;57;62;6
195750;2019-11-15;380;M;3;4;B;71;86;6
195794;2019-11-15;83;M;1;4;B;23;24;5
195883;2019-11-15;207;F;3;0;B;45;49;6
195958;2019-11-15;686;F;3;2;A;17;17;5
196008;2019-11-15;850;M;1;0;C;55;62;6
196091;2019-11-15;51;F;3;0;B;19;20;5
196162;2019-11-15;471;F;4;0;A;45;51;6
196184;2019-11-15;833;F;1;4;B;57;66;7
196247;2019-11-15;413;M;3;2;B;73;85;6
196273;2019-11-15;116;M;4;0;B;46;55;4
196293;2019-11-15;454;F;1;0;B;54;65;6
196389;2019-11-15;293;M;4;0;B;8;8;3
196443;2019-11-15;398;F;4;1;B;30;32;6
196536;2019-11-15;890;M;3;0;C;45;53;6
196577;2019-11-15;373;F;4;2;B;70;84;6
196612;2019-11-15;665;M;1;4;B;4;4;3
196699;2019-11-15;513;F;4;3;B;64;75;5
196709;2019-11-15;94;M;1;2;C;21;21;5
196755;2019-11-20;569;M;1;1;A;57;69;5
196850;2019-11-20;888;F;4;2;B;64;75;6
196859;2019-11-20;614;F;4;1;B;14;14;4
196874;2019-11-20;831;F;4;2;B;62;67;7
196900;2019-11-20;956;M;5;1;C;57;76;6
196993;2019-11-20;730;F;2;0;B;19;19;3
197049;2019-11-20;747;M;1;0;B;67;79;5
197099;2019-11-20;2;M;3;0;B;74;89;7
197151;2019-11-20;263;M;3;0;B;73;86;6
197160;2019-11-20;492;F;2;1;C;72;84;6
197170;2019-11-20;882;F;4;1;B;7;7;2
197268;2019-11-20;190;M;1;4;B;70;83;6
197316;2019-11-20;145;M;3;0;B;3;3;3
197349;2019-11-20;218;M;4;0;B;32;35;5
197398;2019-11-20;473;F;4;3;B;60;68;5
197402;2019-11-20;106;M;1;0;B;71;79;7
197428;2019-11-20;651;F;2;0;B;21;22;5
197506;2019-11-20;863;F;1;4;B;71;84;6
197583;2019-11-20;524;F;4;3;C;33;33;6
197667;2019-11-20;800;M;1;0;C;26;27;3
197709;2019-11-20;340;M;3;4;B;23;26;5
197795;2019-11-20;24;F;4;0;C;49;54;6
197834;2019-11-20;149;M;1;3;A;46;51;5
197908;2019-11-20;279;M;1;2;B;40;44;6
197936;2019-11-20;857;F;2;2;B;60;65;6
198024;2019-11-20;706;F;2;0;A;41;44;5
198101;2019-11-20;133;F;2;0;B;53;59;7
198180;2019-11-20;429;M;4;0;C;14;14;4
198260;2019-11-20;547;F;3;4;C;1;1;1
198325;2019-11-20;790;F;3;0;B;18;18;5
198404;2019-11-20;168;F;4;3;B;64;71;5
198407;2019-11-20;38;M;3;0;B;48;54;6
198457;2019-11-20;555;M;4;3;A;34;38;5
198554;2019-11-20;989;M;2;0;B;70;88;5
198615;2019-11-20;537;F;1;4;B;63;71;6
198646;2019-11-20;188;M;2;2;B;24;24;4
198724;2019-11-20;919;F;2;0;C;11;12;4
198732;2019-11-20;536;M;4;0;B;65;80;6
198822;2019-11-20;999;M;2;2;C;17;17;4
198863;2019-11-20;112;M;4;0;B;17;20;4
198954;2019-11-20;108;M;1;0;B;63;71;5
199020;2019-11-20;864;F;1;3;B;11;11;4
199107;2019-11-20;310;M;4;3;C;34;38;5
199129;2019-11-20;481;M;3;0;B;21;24;4
199227;2019-11-20;526;M;2;2;B;27;29;6
199286;2019-11-20;730;F;2;0;B;57;61;6
199321;2019-11-20;222;F;4;0;B;69;80;5
199376;2019-11-20;11;F;4;0;A;37;41;6
199464;2019-11-20;466;F;1;0;C;34;38;5
199508;2019-11-20;850;M;1;0;C;62;72;5
199551;2019-11-27;932;M;4;1;B;60;67;5
199572;2019-11-27;148;M;3;4;A;15;15;3
199652;2019-11-27;526;M;2;2;B;14;16;3
199717;2019-11-27;438;F;1;0;B;69;83;5
199811;2019-11-27;921;M;2;3;B;55;64;6
199827;2019-11-27;704;F;2;0;C;50;63;7
199883;2019-11-27;481;M;3;0;B;73;89;6
199969;2019-11-27;3;F;4;0;B;67;79;5
200040;2019-11-27;562;F;3;0;B;39;48;6
200093;2019-11-27;949;M;1;0;B;54;61;7
200173;2019-11-27;826;F;2;0;C;67;83;7
200185;2019-11-27;860;M;1;0;B;29;30;6
200203;2019-11-27;741;M;3;0;B;36;38;6
200233;2019-11-27;998;F;2;0;C;40;44;5
200320;2019-11-27;467;F;2;2;B;25;27;5
200345;2019-11-27;829;F;3;4;B;13;13;4
200386;2019-11-27;940;F;1;3;B;74;87;6
200485;2019-03-12;765;F;5;1;B;27;29;3
200544;2019-03-12;952;F;3;4;C;1;1;1
200619;2019-03-12;55;F;3;0;B;21;21;5
200666;2019-03-12;338;M;2;0;B;45;51;7
200697;2019-03-12;876;F;2;3;B;53;58;7
200730;2019-03-12;187;M;2;1;B;42;47;5
200819;2019-03-12;882;F;4;1;B;31;34;5
200891;2019-03-12;362;F;3;0;B;23;23;6
200939;2019-03-12;326;F;1;0;B;62;75;6
201028;2019-03-12;250;F;4;1;B;73;83;6
201063;2019-03-12;311;F;4;0;C;26;27;4
201084;2019-03-12;536;M;4;0;B;50;54;6
201123;2019-03-12;485;M;3;3;B;77;88;6
201189;2019-03-12;259;M;1;1;B;32;36;6
201267;2019-03-12;513;F;4;3;B;29;32;5
201296;2019-03-12;911;F;2;0;B;1;1;1
201350;2019-03-12;1000;F;4;1;B;38;39;5
201411;2019-03-12;440;F;4;0;C;28;32;5
201503;2019-03-12;553;F;4;0;B;13;13;6
201577;2019-03-12;488;M;3;2;B;12;12;4
201663;2019-03-12;525;M;1;4;B;11;11;4
201737;2019-03-12;226;F;4;0;B;36;40;5
201775;2019-03-12;125;M;3;0;B;12;13;3
201832;2019-03-12;542;M;3;1;B;74;80;5
201926;2019-03-12;235;F;4;0;B;70;82;7
202005;2019-03-12;304;F;2;3;B;64;73;6
202032;2019-03-12;498;M;3;2;B;10;10;3
202058;2019-03-12;381;F;1;1;B;45;51;5
202097;2019-03-12;995;M;3;1;B;49;57;6
202098;2019-03-12;552;M;4;0;B;42;45;5
202156;2019-03-12;979;F;3;0;A;56;62;7
202249;2019-03-12;997;M;5;2;C;9;9;3
202268;2019-03-12;598;F;4;0;B;1;1;1
202317;2019-03-12;523;M;3;0;B;65;82;4
202349;2019-03-12;993;M;5;1;B;69;75;7
202350;2019-03-12;283;M;4;1;B;30;30;6
202422;2019-03-12;391;F;2;0;A;68;84;6
202483;2019-03-12;649;F;3;0;B;20;20;5
202536;2019-03-12;512;M;4;0;B;59;72;5
202561;2019-03-12;500;M;3;2;C;70;84;6
202605;2019-03-12;712;F;2;3;B;44;48;4
202609;2019-03-12;795;F;4;2;B;18;20;4
202686;2019-03-12;675;M;4;0;B;31;37;4
202703;2019-03-12;219;M;2;0;B;6;6;1
202789;2019-03-12;388;F;4;3;B;55;62;6
202878;2019-03-12;856;F;5;1;B;30;32;6
202911;2019-03-12;880;M;3;2;B;61;76;7
203006;2019-03-12;101;F;1;0;C;34;37;5
203099;2019-03-12;202;M;1;0;B;42;47;6
203144;2019-03-12;588;F;1;4;C;58;62;6
203149;2019-03-12;724;M;1;0;B;37;38;6
203216;2019-03-12;57;M;2;0;B;39;41;5
203285;2019-03-12;413;M;3;2;B;71;80;6
203338;2019-03-12;22;M;1;0;B;64;73;6
203398;2019-03-12;897;M;2;1;C;55;58;6
203426;2019-03-12;831;F;4;2;B;66;82;6
203472;2019-03-12;978;F;3;0;C;4;4;3
203518;2019-03-12;279;M;1;2;B;28;29;3
203526;2019-03-12;537;F;1;4;B;21;21;3
203538;2019-03-12;413;M;3;2;B;12;12;3
203618;2019-03-12;80;F;2;1;C;54;68;5
203665;2019-05-12;138;F;3;2;B;71;84;6
203714;2019-05-12;61;M;1;2;B;51;58;7
203781;2019-05-12;768;F;4;0;B;57;67;5
203801;2019-05-12;472;M;2;1;C;16;16;5
203803;2019-05-12;337;M;3;0;B;14;14;4
203839;2019-05-12;769;F;3;3;C;19;19;5
203862;2019-05-12;140;F;1;0;C;41;46;5
203872;2019-05-12;15;M;2;1;C;68;79;4
203951;2019-05-12;14;M;1;3;B;17;18;5
204017;2019-05-12;201;M;3;0;B;54;66;5
204106;2019-05-12;770;M;2;3;B;68;83;7
204159;2019-05-12;4;M;4;0;B;45;54;6
204174;2019-05-12;209;F;4;0;B;44;46;7
204197;2019-05-12;644;M;1;0;C;54;58;7
204229;2019-05-12;620;M;2;0;B;35;39;5
204238;2019-05-12;468;M;3;1;C;5;5;4
204276;2019-05-12;160;F;3;4;B;58;66;4
204283;2019-05-12;589;F;3;2;C;51;59;5
204348;2019-05-12;342;M;3;0;B;24;25;4
204411;2019-05-12;701;M;3;0;B;9;9;3
204445;2019-05-12;842;M;5;2;B;50;57;5
204543;2019-05-12;711;M;4;2;B;27;28;4
204615;2019-05-12;43;M;2;0;B;58;70;6
204713;2019-05-12;425;F;3;0;B;40;47;5
204777;2019-05-12;571;F;2;0;B;33;36;5
204810;2019-05-12;946;M;3;0;B;76;89;5
204826;2019-05-12;451;M;3;0;C;26;26;4
204884;2019-05-12;76;M;3;0;A;70;82;5
204921;2019-05-12;89;F;3;3;C;54;63;7
204961;2019-05-12;425;F;3;0;B;41;43;5
204969;2019-05-12;794;M;1;2;B;7;7;5
204985;2019-05-12;188;M;2;2;B;50;57;6
205030;2019-05-12;749;F;4;1;B;27;29;6
205112;2019-05-12;695;M;2;0;A;23;24;5
205117;2019-05-12;762;F;2;0;B;37;43;4
205189;2019-05-12;580;M;3;0;B;64;77;6
205197;2019-05-12;470;M;3;1;B;27;29;4
205291;2019-05-12;345;F;2;3;B;25;25;4
205318;2019-05-12;43;M;2;0;B;60;82;5
205348;2019-05-12;703;M;1;3;B;51;57;6
205440;2019-05-12;484;M;3;2;C;71;89;7
205481;2019-05-12;406;M;2;4;C;72;79;5
205524;2019-05-12;359;F;1;0;B;14;15;6
205573;2019-05-12;635;F;4;0;B;3;3;3
205648;2019-05-12;262;M;1;2;B;23;23;4
205652;2019-05-12;174;M;4;3;C;68;78;6
205694;2019-05-12;234;M;3;4;B;2;2;1
205729;2019-05-12;39;M;2;0;C;25;25;5
205828;2019-05-12;246;M;2;2;B;71;86;5
205885;2019-05-12;28;F;1;2;B;74;87;7
205965;2019-05-12;105;F;4;0;C;46;56;5
206042;2019-05-12;458;F;3;4;C;42;47;6
206056;2019-05-12;651;F;2;0;B;20;22;6
206109;2019-06-12;151;F;1;0;B;66;77;7
206191;2019-06-12;94;M;1;2;C;72;84;5
206236;2019-06-12;181;F;2;2;B;29;33;6
206270;2019-06-12;407;F;3;3;A;25;26;5
206360;2019-06-12;922;M;1;0;B;61;72;7
206454;2019-06-12;645;F;4;0;B;62;82;6
206494;2019-06-12;619;M;4;1;B;14;15;3
206568;2019-06-12;876;F;2;3;B;14;14;4
206657;2019-06-12;70;F;4;0;B;25;27;6
206692;2019-06-12;313;M;3;0;B;53;56;6
206700;2019-06-12;438;F;1;0;B;70;82;5
206707;2019-06-12;57;M;2;0;B;53;62;7
206786;2019-06-12;735;F;4;0;B;42;48;5
206796;2019-06-12;42;M;2;2;B;58;68;6
206836;2019-06-12;717;F;3;0;B;22;23;4
206865;2019-06-12;371;F;4;0;B;38;44;6
206910;2019-06-12;153;M;4;1;B;72;83;6
206927;2019-06-12;96;F;1;1;C;15;15;4
206967;2019-06-12;435;F;2;0;C;21;21;5
206989;2019-06-12;151;F;1;0;B;6;6;3
207013;2019-06-12;547;F;3;4;C;36;39;6
207080;2019-06-12;276;F;3;0;B;22;23;5
207154;2019-06-12;239;M;4;2;C;65;82;5
207200;2019-06-12;519;M;2;4;B;61;67;7
207222;2019-06-12;32;F;1;0;B;18;18;4
207304;2019-06-12;922;M;1;0;B;11;11;3
207314;2019-06-12;903;M;1;0;B;15;16;3
207334;2019-06-12;274;M;1;1;B;27;28;4
207347;2019-06-12;276;F;3;0;B;24;27;5
207376;2019-06-12;15;M;2;1;C;61;70;6
207418;2019-06-12;619;M;4;1;B;55;61;7
207465;2019-06-12;669;F;4;0;B;64;82;6
207509;2019-06-12;129;M;2;0;A;6;6;2
207559;2019-06-12;967;F;1;0;B;53;60;6
207655;2019-06-12;293;M;4;0;B;67;81;5
207748;2019-06-12;64;F;4;0;B;57;69;5
207793;2019-06-12;70;F;4;0;B;49;52;5
207840;2019-06-12;247;M;1;0;B;35;35;6
207923;2019-06-12;821;F;2;3;B;5;5;3
207926;2019-06-12;897;M;2;1;C;31;33;5
208021;2019-06-12;8;F;3;0;B;46;59;5
208045;2019-06-12;25;M;4;1;C;65;78;6
208049;2019-06-12;863;F;1;4;B;11;11;4
208123;2019-06-12;130;F;1;0;B;39;47;5
208188;2019-06-12;616;F;1;2;C;71;87;7
208279;2019-06-12;755;M;3;4;B;70;86;6
208303;2019-06-12;63;F;3;0;B;67;77;6
208373;2019-06-12;798;M;5;2;B;25;27;5
208404;2019-06-12;790;F;3;0;B;64;69;6
208456;2019-06-12;350;F;5;1;B;73;89;6
208498;2019-06-12;8;F;3;0;B;56;62;6
208543;2019-12-12;833;F;1;4;B;49;56;6
208544;2019-12-12;992;F;2;0;B;35;38;5
208582;2019-12-12;322;M;2;0;B;72;86;7
208666;2019-12-12;438;F;1;0;B;26;27;5
208740;2019-12-12;191;M;3;0;B;49;50;6
208742;2019-12-12;36;F;3;0;C;58;62;6
208760;2019-12-12;766;F;1;0;B;52;55;5
208822;2019-12-12;153;M;4;1;B;68;82;6
208898;2019-12-12;987;F;1;0;B;30;30;6
208901;2019-12-12;956;M;5;1;C;64;71;6
208950;2019-12-12;351;F;2;2;B;66;80;5
208975;2019-12-12;293;M;4;0;B;42;44;6
208996;2019-12-12;193;F;4;0;B;39;41;5
209002;2019-12-12;933;M;2;2;B;17;18;5
209043;2019-12-12;536;M;4;0;B;46;51;5
209082;2019-12-12;449;F;2;3;B;14;15;4
209088;2019-12-12;630;M;1;2;C;52;59;6
209149;2019-12-12;496;F;2;0;B;60;72;7
209224;2019-12-12;508;F;3;0;B;60;69;6
209263;2019-12-12;162;F;1;1;B;54;62;6
209330;2019-12-12;552;M;4;0;B;22;22;4
209383;2019-12-12;837;F;2;0;C;1;1;1
209388;2019-12-12;885;F;3;1;A;26;30;5
209414;2019-12-12;640;M;4;0;C;62;73;7
209434;2019-12-12;958;M;2;3;B;15;17;3
209498;2019-12-12;257;M;1;4;C;51;58;5
209539;2019-12-12;345;F;2;3;B;10;10;4
209580;2019-12-12;421;M;3;3;C;62;74;5
209666;2019-12-12;693;F;4;0;B;46;55;6
209760;2019-12-12;282;M;2;0;B;70;83;7
209786;2019-12-12;676;M;2;3;B;12;13;3
209836;2019-12-12;326;F;1;0;B;3;3;3
209899;2019-12-12;254;F;5;2;B;52;58;4
209928;2019-12-12;735;F;4;0;B;11;11;3
209946;2019-12-12;345;F;2;3;B;63;70;5
209990;2019-12-12;634;F;2;0;C;31;34;4
210057;2019-12-12;791;F;1;0;B;73;89;7
210083;2019-12-12;757;F;4;3;C;54;60;5
210174;2019-12-12;63;F;3;0;B;39;43;5
210195;2019-12-12;285;M;3;0;B;33;36;6
210215;2019-12-12;51;F;3;0;B;61;69;6
210267;2019-12-12;250;F;4;1;B;9;10;4
210326;2019-12-12;222;F;4;0;B;12;12;4
210401;2019-12-12;460;F;1;3;B;45;52;5
210463;2019-12-16;594;F;3;1;C;36;39;5
210510;2019-12-16;57;M;2;0;B;23;26;4
210552;2019-12-16;454;F;1;0;B;44;51;5
210640;2019-12-16;79;F;2;0;C;38;44;6
210651;2019-12-16;735;F;4;0;B;51;57;5
210667;2019-12-16;55;F;3;0;B;2;2;1
210759;2019-12-16;931;M;2;0;A;8;8;3
210782;2019-12-16;501;M;1;0;B;53;64;7
210789;2019-12-16;132;M;2;0;A;74;83;7
210863;2019-12-16;954;F;4;2;B;56;70;7
210930;2019-12-16;900;F;3;0;B;36;38;5
210965;2019-12-16;218;M;4;0;B;31;33;6
210989;2019-12-16;156;F;2;0;B;72;89;6
211055;2019-12-16;673;F;5;1;B;63;77;5
211126;2019-12-16;532;F;2;3;B;20;20;4
211168;2019-12-16;56;F;2;3;B;62;69;6
211177;2019-12-16;639;M;2;0;C;62;71;6
211273;2019-12-16;142;F;1;0;B;42;44;5
211318;2019-12-16;523;M;3;0;B;9;9;4
211368;2019-12-16;928;F;5;1;B;2;2;2
211450;2019-12-16;867;M;2;3;B;30;37;5
211478;2019-12-16;752;M;3;0;C;41;43;6
211542;2019-12-16;916;F;3;4;C;12;12;5
211591;2019-12-16;637;F;1;0;B;80;86;6
211596;2019-12-16;915;F;3;0;B;66;85;6
211612;2019-12-16;929;M;4;0;B;35;37;6
211708;2019-12-16;444;F;2;0;B;43;45;5
211787;2019-12-16;985;M;1;0;B;65;74;6
211860;2019-12-16;995;M;3;1;B;43;44;5
211866;2019-12-16;410;F;3;3;B;56;62;7
211926;2019-12-16;127;F;4;2;C;74;82;7
211965;2019-12-16;166;F;1;0;B;39;44;5
211978;2019-12-16;985;M;1;0;B;24;24;4
211986;2019-12-16;893;F;1;0;B;50;57;5
212043;2019-12-16;112;M;4;0;B;47;51;7
212069;2019-12-16;125;M;3;0;B;56;62;6
212146;2019-12-16;33;F;2;0;B;46;50;4
212178;2019-12-16;792;F;2;0;B;41;44;6
212181;2019-12-16;814;M;4;0;B;67;73;6
212197;2019-12-16;706;F;2;0;A;8;8;3
212228;2019-12-16;114;F;3;3;B;3;4;1
212265;2019-12-16;514;M;4;0;C;66;81;7
212299;2019-12-16;439;F;3;0;B;67;84;6
212340;2019-12-16;342;M;3;0;B;74;85;7
212371;2019-12-16;829;F;3;4;B;30;31;4
212412;2019-12-16;418;M;2;2;A;6;6;2
212459;2019-12-16;932;M;4;1;B;69;79;6
212526;2019-12-16;997;M;5;2;C;24;24;5
212606;2019-12-16;38;M;3;0;B;13;14;4
212678;2019-12-16;809;F;3;3;B;52;62;6
212692;2019-12-16;705;M;1;0;B;27;30;5
212759;2019-12-16;816;M;4;0;C;56;66;6
212765;2019-12-16;712;F;2;3;B;27;31;4
212793;2019-12-16;517;F;3;1;B;57;62;5
212845;2019-12-16;345;F;2;3;B;38;40;5
212939;2019-12-16;958;M;2;3;B;64;71;5
213006;2019-12-16;869;F;3;0;B;34;36;5
213064;2019-12-16;4;M;4;0;B;54;63;5
213066;2019-12-16;68;F;2;1;A;2;2;2
213132;2019-12-16;485;M;3;3;B;55;59;5
213165;2019-12-16;957;M;2;3;B;52;62;6
213184;2019-12-16;444;F;2;0;B;41;44;6
213231;2019-12-16;333;F;2;0;C;11;11;4
213311;2019-12-16;666;F;2;2;B;7;7;2
213331;2019-12-16;398;F;4;1;B;59;64;6
213424;2019-12-16;32;F;1;0;B;24;27;5
213451;2019-12-16;587;M;1;0;B;32;36;6
213497;2019-12-16;437;F;2;1;C;48;59;6
213563;2019-12-16;467;F;2;2;B;38;43;5
213632;2019-12-16;301;F;3;0;C;11;11;4
213690;2019-12-16;54;M;1;0;A;41;43;4
213734;2019-12-16;390;F;2;0;B;48;53;6
213736;2019-12-16;318;M;1;2;B;27;28;4
213815;2019-12-16;721;M;3;2;C;59;65;6
213839;2019-12-16;153;M;4;1;B;34;36;5
213879;2019-12-16;495;F;2;3;A;35;39;5
213952;2019-12-16;236;M;2;2;C;55;57;7
214013;2019-12-16;961;F;1;0;C;12;12;4
214081;2019-12-16;860;M;1;0;B;67;78;6
214170;2019-12-16;14;M;1;3;B;22;23;5
214217;2019-12-16;601;M;4;0;A;19;19;4
214240;2019-12-16;322;M;2;0;B;36;40;6
214328;2019-12-18;726;M;2;0;B;36;38;5
214331;2019-12-18;928;F;5;1;B;76;89;6
214379;2019-12-18;213;M;2;4;B;66;78;6
214457;2019-12-18;281;F;2;0;B;55;64;6
214550;2019-12-18;863;F;1;4;B;15;15;4
214613;2019-12-18;45;M;2;0;A;70;81;5
214621;2019-12-18;883;M;1;0;B;11;11;4
214637;2019-12-18;805;F;3;0;C;62;69;7
214657;2019-12-18;390;F;2;0;B;29;32;6
214705;2019-12-18;679;F;3;3;B;56;64;4
214748;2019-12-18;802;M;1;1;B;16;18;3
214797;2019-12-18;118;M;2;4;A;39;41;5
214861;2019-12-18;1;M;1;0;C;47;50;5
214864;2019-12-18;660;F;3;0;C;9;9;6
214914;2019-12-18;111;M;2;4;C;67;76;6
214943;2019-12-18;538;M;3;0;B;39;42;5
215010;2019-12-18;680;F;3;0;C;55;57;6
215083;2019-12-18;934;F;2;2;B;25;26;6
215133;2019-12-18;872;M;3;4;A;37;38;5
215170;2019-12-18;348;F;3;0;A;37;41;6
215196;2019-12-18;877;M;2;0;C;4;4;2
215288;2019-12-18;203;F;3;0;A;30;34;5
215321;2019-12-18;579;F;3;0;B;64;83;6
215369;2019-12-18;118;M;2;4;A;59;69;6
215459;2019-12-18;934;F;2;2;B;43;50;5
215538;2019-12-18;768;F;4;0;B;54;61;7
215612;2019-12-18;889;F;3;4;B;35;36;5
215694;2019-12-18;302;F;4;3;C;53;67;6
215742;2019-12-18;741;M;3;0;B;44;53;5
215829;2019-12-18;126;M;1;0;C;24;24;6
215830;2019-12-18;41;M;3;0;C;16;17;3
215890;2019-12-18;254;F;5;2;B;58;67;5
215936;2019-12-18;337;M;3;0;B;33;38;6
215982;2019-12-18;67;M;1;0;B;19;19;4
216045;2019-12-18;359;F;1;0;B;23;24;5
216099;2019-12-18;894;F;4;3;C;38;40;4
216145;2019-12-18;675;M;4;0;B;25;27;5
216203;2019-12-18;7;M;1;3;B;8;8;4
216270;2019-12-18;150;M;1;4;B;2;2;2
216348;2019-12-18;687;M;2;3;C;17;17;5
216385;2019-12-18;937;M;3;4;C;52;59;5
216474;2019-12-18;717;F;3;0;B;11;11;6
216489;2019-12-18;636;M;2;2;B;22;22;6
216512;2019-12-18;15;M;2;1;C;16;16;4
216566;2019-12-18;464;M;2;2;B;35;42;6
216603;2019-12-18;649;F;3;0;B;7;7;4
216667;2019-12-18;947;F;3;1;B;75;87;6
216759;2019-12-18;41;M;3;0;C;4;4;1
216831;2019-12-18;513;F;4;3;B;4;4;3
216888;2019-12-18;73;M;1;0;A;31;35;5
216951;2019-12-18;3;F;4;0;B;10;10;3
216957;2019-12-18;351;F;2;2;B;51;56;6
217042;2019-12-18;310;M;4;3;C;62;69;5
217117;2019-12-18;31;F;1;0;C;65;74;6
217152;2019-12-18;82;F;1;1;C;53;61;6
217235;2019-12-18;229;M;2;2;C;34;36;4
217311;2019-12-18;728;M;2;0;A;67;78;6
217390;2019-12-18;390;F;2;0;B;25;28;5
217435;2019-12-18;880;M;3;2;B;61;66;6
217460;2019-12-18;400;F;4;1;C;36;37;4
217501;2019-12-18;769;F;3;3;C;22;22;4
217521;2019-12-18;860;M;1;0;B;71;89;6
217554;2019-12-18;638;M;3;1;B;71;82;6
217650;2019-12-18;83;M;1;4;B;67;82;6
217736;2019-12-18;547;F;3;4;C;59;68;6
217810;2019-12-18;987;F;1;0;B;24;25;4
217886;2019-12-18;1;M;1;0;C;56;71;7
217984;2019-12-18;590;M;4;3;B;70;80;6
218076;2019-12-18;123;F;3;2;B;55;66;6
218083;2019-12-18;953;M;1;1;B;38;40;6
218085;2019-12-18;776;F;2;0;B;77;89;6
218097;2019-12-18;918;F;2;4;C;4;4;2
218127;2019-12-18;249;F;4;0;B;34;37;5
218184;2019-12-18;358;F;3;0;C;67;78;6
218216;2019-12-18;66;M;3;3;B;28;29;4
218246;2019-12-18;439;F;3;0;B;23;24;4
218330;2019-12-18;1000;F;4;1;B;28;30;5
218352;2019-12-24;444;F;2;0;B;13;13;4
218404;2019-12-24;618;M;4;3;B;48;52;5
218432;2019-12-24;39;M;2;0;C;60;69;6
218461;2019-12-24;183;M;4;1;B;28;29;4
218551;2019-12-24;247;M;1;0;B;37;38;6
218614;2019-12-24;15;M;2;1;C;52;57;6
218666;2019-12-24;170;F;4;2;B;44;48;7
218674;2019-12-24;336;F;1;0;C;58;69;6
218767;2019-12-24;447;M;2;0;B;70;82;6
218829;2019-12-24;29;M;2;0;B;34;38;5
218903;2019-12-24;963;M;3;0;B;34;39;5
218918;2019-12-24;753;F;1;3;C;50;57;5
219005;2019-12-24;876;F;2;3;B;9;9;3
219011;2019-12-24;670;M;4;0;C;41;41;6
219031;2019-12-24;849;F;5;1;B;63;82;6
219043;2019-12-24;309;M;1;0;B;3;3;2
219132;2019-12-24;901;F;4;1;B;31;32;6
219178;2019-12-24;104;F;3;2;B;71;82;6
219202;2019-12-24;697;M;3;0;C;77;86;7
219264;2019-12-24;111;M;2;4;C;22;24;5
219352;2019-12-24;822;M;2;3;B;55;65;5
219426;2019-12-24;191;M;3;0;B;4;4;2
219438;2019-12-24;56;F;2;3;B;37;41;5
219455;2019-12-24;115;M;4;0;B;32;36;6
219525;2019-12-24;309;M;1;0;B;57;66;5
219619;2019-12-24;507;F;3;2;B;64;77;6
219714;2019-12-24;154;M;2;3;B;73;79;6
219750;2019-12-24;909;M;3;0;B;66;73;6
219812;2019-12-24;418;M;2;2;A;11;11;4
219842;2019-12-24;37;M;3;0;B;17;17;3
219852;2019-12-24;540;F;2;0;C;24;27;3
219907;2019-12-24;499;M;3;0;B;26;26;5
220003;2019-12-24;614;F;4;1;B;50;52;6
220083;2019-12-24;335;F;3;0;C;27;29;6
220122;2019-12-24;517;F;3;1;B;74;79;7
220206;2019-12-24;893;F;1;0;B;55;65;5
220209;2019-12-24;8;F;3;0;B;50;56;6
220284;2019-12-24;858;F;4;2;C;41;45;6
220305;2019-12-24;715;F;3;4;B;27;30;5
220375;2019-12-24;295;F;1;3;B;47;51;5
220438;2019-12-24;631;M;1;4;C;46;50;5
220513;2019-12-30;627;M;3;1;B;56;62;6
220576;2019-12-30;599;F;1;4;C;20;20;4
220620;2019-12-30;288;M;2;0;B;54;61;6
220688;2019-12-30;110;M;3;0;C;42;46;5
220742;2019-12-30;87;M;3;2;A;49;52;6
220752;2019-12-30;894;F;4;3;C;48;53;6
220808;2019-12-30;280;M;4;3;B;49;56;6
220875;2019-12-30;110;M;3;0;C;74;80;5
220931;2019-12-30;914;M;2;4;B;16;16;5
220941;2019-12-30;49;M;2;0;C;61;74;6
220977;2019-12-30;437;F;2;1;C;62;74;6
221057;2019-12-30;51;F;3;0;B;8;8;4
221143;2019-12-30;580;M;3;0;B;74;85;6
221242;2019-12-30;280;M;4;3;B;4;4;1
221292;2019-12-30;378;F;2;0;C;43;47;6
221384;2019-12-30;44;F;4;0;C;61;70;6
221456;2019-12-30;226;F;4;0;B;39;42;4
221513;2019-12-30;935;F;2;0;B;4;4;3
221603;2019-12-30;68;F;2;1;A;6;6;3
221653;2019-12-30;57;M;2;0;B;74;86;6
221725;2019-12-30;650;F;2;0;C;64;73;7
221794;2019-12-30;702;M;1;0;B;43;46;5
221885;2019-12-30;691;M;4;0;B;61;69;6
221949;2019-12-30;271;F;4;0;B;18;20;4
222018;2019-12-30;337;M;3;0;B;62;66;6
222064;2019-12-30;584;M;3;0;B;56;62;5
222089;2019-12-30;647;M;1;0;C;55;64;5
222099;2019-12-30;79;F;2;0;C;28;28;5
222128;2019-12-30;761;F;1;4;B;22;22;4
222197;2019-12-30;500;M;3;2;C;69;83;6
222286;2019-12-30;444;F;2;0;B;63;71;5
222379;2019-12-30;279;M;1;2;B;4;4;2
222399;2019-12-30;977;M;1;0;C;65;76;6
222410;2019-12-30;236;M;2;2;C;9;9;4
222463;2019-12-30;164;M;2;3;A;44;48;6
222524;2019-12-30;949;M;1;0;B;53;58;6
222546;2019-12-30;432;F;1;0;C;54;60;6
222596;2019-12-30;703;M;1;3;B;64;76;5
222616;2019-12-30;647;M;1;0;C;41;46;6
222684;2019-12-30;924;F;2;2;B;65;82;6
222689;2019-12-30;615;M;1;4;C;31;35;7
222777;2019-12-30;365;M;4;0;A;60;70;6
222866;2019-12-30;934;F;2;2;B;16;16;3
222896;2019-12-30;41;M;3;0;C;57;65;6
222966;2019-12-30;383;M;1;3;C;24;25;3
222986;2019-12-30;76;M;3;0;A;32;33;6
223006;2019-12-30;28;F;1;2;B;71;81;5
223098;2019-12-30;750;M;2;2;C;26;27;4
223110;2019-12-30;199;M;3;3;B;58;68;5
223196;2019-12-30;686;F;3;2;A;70;84;7
223257;2019-12-30;309;M;1;0;B;40;45;5
223328;2019-12-30;213;M;2;4;B;15;16;5
223378;2019-12-30;700;F;4;2;C;23;23;5
223383;2019-12-30;465;F;3;0;B;67;81;5
223430;2019-12-30;550;M;4;0;B;64;74;6
223493;2019-12-30;259;M;1;1;B;43;49;4
223588;2019-12-30;204;F;3;3;B;15;16;4
223685;2019-12-30;670;M;4;0;C;63;73;6
223703;2019-12-30;271;F;4;0;B;8;8;2
223749;2019-12-30;630;M;1;2;C;58;65;6
223841;2019-12-30;703;M;1;3;B;27;28;6
223939;2019-12-30;493;M;2;4;B;67;75;5
224016;2019-12-30;847;M;4;2;A;7;7;3
224041;2020-01-01;268;M;4;0;B;69;88;4
224066;2020-01-01;97;F;4;1;B;27;28;4
224076;2020-01-01;4;M;4;0;B;6;6;3
224133;2020-01-01;942;M;1;0;B;64;72;6
224157;2020-01-01;139;F;3;3;B;20;20;5
224227;2020-01-01;428;F;2;0;A;65;77;6
224283;2020-01-01;620;M;2;0;B;75;88;7
224321;2020-01-01;149;M;1;3;A;40;48;5
224391;2020-01-01;228;F;4;0;C;70;86;5
224414;2020-01-01;81;F;2;0;B;6;6;1
224480;2020-01-01;4;M;4;0;B;59;72;6
224565;2020-01-01;375;M;4;0;B;59;76;7
224605;2020-01-01;510;F;4;0;B;56;68;6
224674;2020-01-01;483;M;1;0;C;50;51;6
224719;2020-01-01;746;M;3;0;C;7;7;4
224749;2020-01-01;704;F;2;0;C;62;71;7
224810;2020-01-01;974;M;4;1;B;38;42;6
224897;2020-01-01;408;F;4;0;B;71;82;6
224909;2020-01-01;938;M;1;4;B;60;67;6
224968;2020-01-01;763;F;4;0;B;35;37;6
225021;2020-01-01;521;F;1;0;A;73;80;6
225078;2020-01-01;584;M;3;0;B;74;87;6
225142;2020-01-01;243;F;1;4;C;5;5;2
225163;2020-01-01;502;M;4;0;C;68;80;6
225182;2020-01-01;464;M;2;2;B;69;79;7
225225;2020-01-01;232;M;3;1;B;59;63;6
225282;2020-01-01;109;M;2;1;B;64;71;5
225364;2020-01-01;448;F;2;0;A;53;56;6
225452;2020-01-01;45;M;2;0;A;23;26;4
225502;2020-01-01;565;F;1;2;B;28;29;6
225558;2020-01-01;968;F;1;0;B;31;33;5
225649;2020-01-01;651;F;2;0;B;30;32;5
225652;2020-01-01;684;F;3;0;C;39;42;5
225741;2020-01-01;758;F;3;0;B;66;76;6
225810;2020-01-01;336;F;1;0;C;24;28;5
225875;2020-01-01;146;F;2;0;B;5;5;2
225952;2020-01-01;545;M;2;2;B;8;9;4
225980;2020-01-01;935;F;2;0;B;70;84;6
226018;2020-01-01;469;M;4;2;C;75;85;6
226082;2020-01-01;355;M;3;4;B;53;62;6
226160;2020-01-01;419;F;2;1;B;42;49;5
226201;2020-01-01;168;F;4;3;B;51;56;5
226286;2020-01-01;316;F;3;2;B;9;9;5
226334;2020-01-01;258;F;1;0;B;42;44;5
226422;2020-01-01;851;F;2;0;B;12;13;4
226498;2020-01-01;278;F;3;2;C;50;58;5
226541;2020-01-01;456;M;1;4;B;49;51;6
226617;2020-01-01;962;M;3;4;B;66;80;6
226680;2020-01-01;890;M;3;0;C;5;5;2
226713;2020-01-01;835;F;1;0;A;49;54;6
226745;2020-01-01;756;F;1;4;B;30;32;5
226831;2020-01-01;298;F;4;0;C;59;72;5
226910;2020-02-01;625;F;4;0;C;47;53;7
226986;2020-02-01;583;F;2;0;B;64;78;5
227055;2020-02-01;791;F;1;0;B;23;24;6
227078;2020-02-01;720;M;2;3;B;49;54;5
227148;2020-02-01;849;F;5;1;B;5;5;4
227151;2020-02-01;786;F;1;4;C;1;1;1
227197;2020-02-01;476;M;3;0;C;20;21;6
227252;2020-02-01;944;F;3;1;B;6;6;3
227301;2020-02-01;699;F;1;0;C;60;69;6
227320;2020-02-01;551;M;1;0;C;68;81;6
227351;2020-02-01;562;F;3;0;B;71;88;7
227431;2020-02-01;318;M;1;2;B;43;47;5
227440;2020-02-01;782;M;3;3;B;64;77;6
227488;2020-02-01;139;F;3;3;B;11;12;3
227567;2020-02-01;200;F;3;0;B;44;49;6
227652;2020-02-01;496;F;2;0;B;42;46;5
227655;2020-02-01;231;F;4;2;B;69;83;7
227702;2020-02-01;432;F;1;0;C;51;57;6
227730;2020-02-01;928;F;5;1;B;8;8;2
227798;2020-02-01;54;M;1;0;A;44;48;6
227825;2020-02-01;726;M;2;0;B;63;76;6
227891;2020-02-01;805;F;3;0;C;31;32;6
227961;2020-02-01;68;F;2;1;A;35;39;4
227972;2020-02-01;134;F;3;0;B;42;47;5
228013;2020-09-01;655;M;2;0;B;39;47;6
228062;2020-09-01;355;M;3;4;B;50;58;5
228098;2020-09-01;821;F;2;3;B;72;85;7
228192;2020-09-01;244;M;4;0;B;58;61;6
228196;2020-09-01;551;M;1;0;C;1;1;1
228229;2020-09-01;197;F;2;0;B;58;63;5
228234;2020-09-01;587;M;1;0;B;5;5;3
228327;2020-09-01;353;M;1;2;B;75;89;6
228411;2020-09-01;136;F;2;1;B;67;79;7
228443;2020-09-01;10;M;1;0;B;43;45;6
228475;2020-09-01;932;M;4;1;B;73;87;6
228538;2020-09-01;330;F;1;0;B;27;28;4
228560;2020-09-01;191;M;3;0;B;16;17;5
228642;2020-09-01;477;F;4;0;B;25;27;5
228688;2020-09-01;334;M;3;0;C;66;75;6
228744;2020-09-01;309;M;1;0;B;36;39;6
228805;2020-09-01;992;F;2;0;B;75;87;5
228903;2020-09-01;390;F;2;0;B;35;36;6
228987;2020-09-01;79;F;2;0;C;47;51;6
229075;2020-09-01;401;M;1;4;C;51;62;5
229161;2020-09-01;400;F;4;1;C;61;71;5
229193;2020-12-01;217;F;3;0;B;2;2;2
229198;2020-12-01;406;M;2;4;C;27;29;5
229253;2020-12-01;728;M;2;0;A;61;71;5
229345;2020-12-01;118;M;2;4;A;52;64;6
229419;2020-12-01;701;M;3;0;B;39;40;6
229430;2020-12-01;587;M;1;0;B;15;17;5
229445;2020-12-01;351;F;2;2;B;36;40;5
229464;2020-12-01;506;F;4;3;B;61;64;5
229510;2020-12-01;833;F;1;4;B;53;60;6
229531;2020-12-01;327;M;4;2;A;19;19;5
229591;2020-12-01;960;F;4;2;B;58;69;5
229674;2020-12-01;739;F;2;3;B;46;49;4
229713;2020-12-01;890;M;3;0;C;69;76;5
229735;2020-01-15;875;F;1;0;B;34;39;5
229807;2020-01-15;746;M;3;0;C;40;46;5
229848;2020-01-15;418;M;2;2;A;25;27;5
229921;2020-01-15;822;M;2;3;B;28;30;6
230004;2020-01-15;384;F;3;2;C;54;63;5
230014;2020-01-15;917;M;1;0;A;21;22;7
230093;2020-01-15;968;F;1;0;B;51;58;6
230110;2020-01-15;655;M;2;0;B;44;52;6
230150;2020-01-15;801;M;1;4;B;34;36;5
230216;2020-01-15;508;F;3;0;B;69;83;5
230238;2020-01-15;913;M;3;4;C;64;74;7
230293;2020-01-15;291;F;3;0;C;24;24;4
230326;2020-01-15;471;F;4;0;A;2;2;1
230397;2020-01-15;735;F;4;0;B;14;14;5
230421;2020-01-15;352;M;4;2;B;67;78;6
230440;2020-01-15;940;F;1;3;B;24;24;5
230495;2020-01-15;43;M;2;0;B;50;58;4
230517;2020-01-15;162;F;1;1;B;16;16;4
230607;2020-01-15;691;M;4;0;B;44;51;6
230700;2020-01-15;67;M;1;0;B;38;40;4
230769;2020-01-15;419;F;2;1;B;48;53;6
230800;2020-01-15;569;M;1;1;A;53;56;6
230808;2020-01-15;847;M;4;2;A;32;32;4
230832;2020-01-15;151;F;1;0;B;11;11;4
230873;2020-01-15;114;F;3;3;B;21;22;6
230941;2020-01-15;279;M;1;2;B;68;86;7
230996;2020-01-15;33;F;2;0;B;2;2;2
231025;2020-01-15;339;F;4;0;C;3;3;2
231067;2020-01-15;431;F;4;3;B;54;57;6
231117;2020-01-15;428;F;2;0;A;61;65;5
231211;2020-01-15;971;F;1;2;A;56;63;5
231250;2020-01-15;378;F;2;0;C;30;31;7
231332;2020-01-15;112;M;4;0;B;16;16;2
231396;2020-01-15;888;F;4;2;B;60;66;5
231425;2020-01-15;9;F;2;0;B;11;11;5
231496;2020-01-15;446;M;1;4;B;40;46;4
231516;2020-01-15;468;M;3;1;C;38;41;5
231574;2020-01-15;1000;F;4;1;B;47;54;6
231584;2020-01-15;170;F;4;2;B;13;13;4
231624;2020-01-15;796;M;2;3;B;47;57;5
231697;2020-01-15;526;M;2;2;B;76;88;7
231790;2020-01-15;867;M;2;3;B;22;22;5
231827;2020-01-15;4;M;4;0;B;54;62;5
231912;2020-01-15;484;M;3;2;C;31;33;4
231984;2020-01-15;576;M;3;0;B;18;20;5
232024;2020-01-15;967;F;1;0;B;34;35;6
232092;2020-01-15;87;M;3;2;A;41;45;5
232124;2020-01-15;174;M;4;3;C;22;22;4
232209;2020-01-15;570;F;4;1;C;70;86;6
232218;2020-01-15;696;M;2;0;B;28;31;6
232239;2020-01-15;389;F;3;0;C;13;13;4
232316;2020-01-15;356;M;2;4;A;20;23;5
232366;2020-01-15;705;M;1;0;B;26;26;5
232377;2020-01-15;283;M;4;1;B;2;2;1
232396;2020-01-15;669;F;4;0;B;39;42;6
232425;2020-01-15;372;M;1;4;B;41;45;5
232457;2020-01-15;549;M;2;3;C;15;15;4
232503;2020-01-15;648;M;1;0;B;65;82;5
232571;2020-01-15;725;M;4;0;C;66;82;6
232639;2020-01-15;881;F;5;1;C;51;62;6
232647;2020-01-15;829;F;3;4;B;5;6;2
232740;2020-01-18;374;F;3;0;B;72;78;5
232798;2020-01-18;552;M;4;0;B;71;84;6
232803;2020-01-18;856;F;5;1;B;64;72;6
232880;2020-01-18;667;F;4;0;C;57;61;6
232895;2020-01-18;635;F;4;0;B;43;48;6
232948;2020-01-18;249;F;4;0;B;32;36;4
233032;2020-01-18;575;M;1;4;B;21;23;5
233079;2020-01-18;141;M;3;4;B;61;74;5
233097;2020-01-18;175;M;1;0;B;36;41;5
233117;2020-01-18;597;M;3;0;C;36;40;6
233197;2020-01-18;413;M;3;2;B;40;43;5
233284;2020-01-18;381;F;1;1;B;61;74;5
233362;2020-01-18;815;F;2;4;B;56;67;5
233433;2020-01-18;453;F;1;0;B;35;38;6
233518;2020-01-18;98;M;1;0;B;37;42;5
233566;2020-01-18;986;M;4;0;B;20;21;2
233665;2020-01-18;368;M;4;0;C;58;70;6
233741;2020-01-18;520;M;1;0;B;50;57;6
233828;2020-01-18;496;F;2;0;B;41;47;6
233897;2020-01-18;821;F;2;3;B;29;30;6
233962;2020-01-18;217;F;3;0;B;26;29;6
234051;2020-01-18;79;F;2;0;C;66;80;7
234142;2020-01-18;688;M;1;1;A;32;35;5
234185;2020-01-18;183;M;4;1;B;13;13;5
234266;2020-01-18;690;F;1;3;B;54;61;6
234359;2020-01-18;532;F;2;3;B;46;48;5
234403;2020-01-18;759;F;3;0;B;53;61;6
234454;2020-01-18;698;F;2;0;B;32;35;6
234457;2020-01-18;185;F;3;0;C;58;66;4
234542;2020-01-18;945;F;2;3;B;53;60;5
234579;2020-01-18;735;F;4;0;B;50;54;5
234581;2020-01-18;658;F;1;1;B;38;40;5
234628;2020-01-18;982;M;4;3;B;33;37;6
234700;2020-01-18;943;F;1;0;C;73;79;6
234791;2020-01-18;569;M;1;1;A;3;3;3
234814;2020-01-18;493;M;2;4;B;51;54;7
234820;2020-01-18;50;M;4;0;B;70;86;7
234825;2020-01-18;351;F;2;2;B;57;64;6
234878;2020-01-18;155;F;2;0;B;63;70;5
234966;2020-01-18;724;M;1;0;B;47;56;6
234969;2020-01-18;827;M;4;0;B;43;48;6
235022;2020-01-18;290;F;1;0;B;62;69;6
235051;2020-01-18;930;F;4;1;B;49;60;6
235076;2020-01-18;148;M;3;4;A;24;26;5
235168;2020-01-18;237;F;4;3;C;63;74;5
235198;2020-01-18;340;M;3;4;B;23;25;4
235235;2020-01-18;5;F;4;3;C;36;39;6
235303;2020-01-18;548;F;4;0;C;72;86;6
235332;2020-01-18;43;M;2;0;B;40;44;6
235428;2020-01-18;40;M;2;1;B;75;89;6
235514;2020-01-18;549;M;2;3;C;42;48;5
235590;2020-01-18;594;F;3;1;C;27;28;5
235666;2020-01-18;988;F;2;0;C;76;82;6
235681;2020-01-18;967;F;1;0;B;60;73;6
235741;2020-01-18;905;M;1;0;B;65;73;7
235755;2020-01-18;316;F;3;2;B;32;33;6
235757;2020-01-18;450;M;1;0;B;60;75;5
235827;2020-01-18;9;F;2;0;B;55;63;6
235867;2020-01-18;667;F;4;0;C;9;10;3
235888;2020-01-18;180;M;3;4;B;51;61;5
235919;2020-01-18;706;F;2;0;A;48;54;6
236011;2020-01-18;537;F;1;4;B;70;89;6
236091;2020-01-18;6;F;2;0;B;2;3;2
236115;2020-01-18;987;F;1;0;B;16;16;5
236162;2020-01-18;386;M;4;2;A;71;86;5
236255;2020-01-18;895;M;3;0;B;18;19;4
236315;2020-01-18;556;F;4;0;B;9;9;5
236362;2020-01-18;500;M;3;2;C;32;34;6
236409;2020-01-18;205;M;2;4;B;6;6;3
236500;2020-01-18;921;M;2;3;B;18;21;4
236501;2020-01-18;521;F;1;0;A;23;24;5
236585;2020-01-18;884;F;3;2;C;29;32;5
236607;2020-01-18;801;M;1;4;B;9;9;4
236648;2020-01-18;368;M;4;0;C;54;61;6
236689;2020-01-18;248;M;3;0;C;34;36;5
236696;2020-01-18;878;F;4;3;C;56;67;6
236716;2020-01-18;406;M;2;4;C;62;68;6
236797;2020-01-18;772;F;2;0;B;69;79;7
236876;2020-01-18;891;F;3;2;B;70;85;6
236935;2020-01-18;657;M;2;3;B;52;61;6
236972;2020-01-18;917;M;1;0;A;9;10;5
236983;2020-01-18;957;M;2;3;B;13;14;4
237063;2020-01-18;218;M;4;0;B;61;70;6
237142;2020-01-18;406;M;2;4;C;71;85;6
237201;2020-01-18;300;F;1;3;C;65;83;6
237207;2020-01-18;368;M;4;0;C;48;57;6
237272;2020-01-18;638;M;3;1;B;36;38;5
237334;2020-01-24;390;F;2;0;B;70;82;6
237397;2020-01-24;615;M;1;4;C;58;67;6
237450;2020-01-24;725;M;4;0;C;35;36;5
237532;2020-01-24;349;M;3;0;B;68;74;6
237549;2020-01-24;245;F;4;3;B;56;68;6
237645;2020-01-24;200;F;3;0;B;54;59;5
237720;2020-01-24;122;M;3;3;B;36;39;6
237774;2020-01-24;344;M;3;0;B;9;9;4
237829;2020-01-24;605;M;4;2;B;22;22;5
237907;2020-01-24;996;F;1;4;B;71;88;6
237983;2020-01-24;190;M;1;4;B;4;4;2
238015;2020-01-24;18;M;4;0;C;18;18;5
238071;2020-01-24;415;F;3;0;B;27;27;4
238111;2020-01-24;662;F;1;1;B;57;59;6
238206;2020-01-24;83;M;1;4;B;39;45;4
238227;2020-01-24;947;F;3;1;B;3;3;2
238290;2020-01-24;835;F;1;0;A;59;68;6
238341;2020-01-24;556;F;4;0;B;9;9;3
238346;2020-01-24;412;M;2;0;B;66;75;6
238386;2020-01-24;518;F;1;0;B;68;83;6
238389;2020-01-24;682;F;2;2;B;52;64;7
238456;2020-01-24;956;M;5;1;C;61;73;6
238493;2020-01-24;737;F;2;1;C;50;56;6
238578;2020-01-24;519;M;2;4;B;63;73;7
238601;2020-01-24;162;F;1;1;B;29;33;4
238632;2020-01-24;282;M;2;0;B;16;17;5
238679;2020-01-24;450;M;1;0;B;69;83;6
238716;2020-01-24;948;M;4;0;C;23;23;3
238724;2020-01-24;223;F;3;0;B;69;73;7
238803;2020-01-24;880;M;3;2;B;22;23;4
238873;2020-01-24;683;F;3;0;B;69;78;6
238930;2020-01-24;995;M;3;1;B;9;9;4
239021;2020-01-24;985;M;1;0;B;65;72;6
239054;2020-01-24;884;F;3;2;C;39;45;5
239083;2020-01-24;772;F;2;0;B;43;47;6
239103;2020-01-24;118;M;2;4;A;33;38;7
239180;2020-01-24;493;M;2;4;B;66;78;5
239214;2020-01-24;340;M;3;4;B;32;41;6
239240;2020-01-24;237;F;4;3;C;36;45;6
239267;2020-01-24;320;M;3;4;B;71;81;5
239319;2020-01-24;486;M;4;0;B;70;81;5
239357;2020-01-24;258;F;1;0;B;60;69;7
239435;2020-01-24;293;M;4;0;B;36;39;5
239518;2020-01-24;794;M;1;2;B;51;56;7
239537;2020-01-24;706;F;2;0;A;45;50;6
239615;2020-01-24;228;F;4;0;C;36;43;4
239668;2020-01-24;667;F;4;0;C;71;87;6
239696;2020-01-24;409;F;3;4;B;37;41;6
239731;2020-01-24;304;F;2;3;B;13;13;3
239732;2020-01-24;433;M;3;3;B;39;46;6
239756;2020-01-24;220;M;1;0;B;10;10;3
239781;2020-01-24;319;M;1;4;B;62;80;6
239821;2020-01-24;931;M;2;0;A;29;35;4
239904;2020-01-24;359;F;1;0;B;59;73;6
239956;2020-01-31;448;F;2;0;A;62;73;5
240055;2020-01-31;283;M;4;1;B;74;83;6
240102;2020-01-31;425;F;3;0;B;48;57;5
240104;2020-01-31;832;F;1;0;B;3;3;1
240176;2020-01-31;960;F;4;2;B;59;68;6
240227;2020-01-31;177;F;3;2;C;38;39;6
240305;2020-01-31;879;M;2;2;C;38;42;4
240366;2020-01-31;25;M;4;1;C;60;68;5
240384;2020-01-31;569;M;1;1;A;73;88;6
240447;2020-01-31;512;M;4;0;B;26;27;4
240490;2020-01-31;510;F;4;0;B;44;49;6
240588;2020-01-31;187;M;2;1;B;57;65;5
240589;2020-01-31;707;M;4;0;B;55;61;7
240683;2020-01-31;221;F;1;0;B;8;9;4
240700;2020-01-31;113;F;3;0;B;39;44;4
240775;2020-01-31;743;M;1;3;C;45;46;5
240792;2020-01-31;189;F;3;4;C;9;9;4
240813;2020-01-31;66;M;3;3;B;15;16;4
240834;2020-01-31;910;M;2;2;B;39;42;4
240914;2020-01-31;996;F;1;4;B;19;19;5
240941;2020-01-31;798;M;5;2;B;11;11;4
241034;2020-01-31;659;F;2;2;B;31;32;5
241082;2020-01-31;89;F;3;3;C;17;17;3
241135;2020-02-02;982;M;4;3;B;55;58;7
241145;2020-02-02;37;M;3;0;B;37;43;5
241232;2020-02-02;523;M;3;0;B;72;83;5
241275;2020-02-02;365;M;4;0;A;57;65;5
241337;2020-02-02;813;F;4;0;C;51;54;5
241432;2020-02-02;183;M;4;1;B;46;53;6
241440;2020-02-02;187;M;2;1;B;68;82;7
241461;2020-02-02;314;F;1;1;A;18;18;4
241521;2020-02-02;778;F;2;2;A;27;29;5
241615;2020-02-02;254;F;5;2;B;31;33;4
241639;2020-02-02;802;M;1;1;B;55;60;5
241709;2020-02-02;259;M;1;1;B;46;52;5
241754;2020-02-02;232;M;3;1;B;45;47;5
241796;2020-02-02;701;M;3;0;B;12;13;4
241812;2020-02-02;525;M;1;4;B;45;55;6
241826;2020-02-02;199;M;3;3;B;28;32;6
241828;2020-02-02;485;M;3;3;B;24;24;6
241834;2020-02-02;473;F;4;3;B;27;29;6
241930;2020-02-02;909;M;3;0;B;40;47;6
241980;2020-02-02;297;M;4;0;B;40;44;4
242042;2020-02-02;374;F;3;0;B;18;18;6
242105;2020-02-02;433;M;3;3;B;55;64;6
242129;2020-02-02;865;F;1;0;B;22;22;5
242205;2020-02-02;598;F;4;0;B;24;27;5
242293;2020-02-02;364;F;4;2;C;40;46;5
242315;2020-02-02;363;F;1;0;B;70;84;7
242317;2020-02-02;680;F;3;0;C;73;83;6
242341;2020-02-02;777;F;1;0;B;55;64;6
242421;2020-02-02;323;M;1;3;B;66;77;6
242471;2020-02-02;793;M;1;3;B;63;76;5
242549;2020-02-02;485;M;3;3;B;52;61;6
242606;2020-02-02;963;M;3;0;B;57;67;6
242614;2020-02-02;161;M;5;2;B;32;33;4
242617;2020-02-02;580;M;3;0;B;46;50;6
242657;2020-02-02;418;M;2;2;A;31;33;6
242722;2020-02-02;901;F;4;1;B;31;35;4
242734;2020-02-02;200;F;3;0;B;25;26;4
242832;2020-02-02;72;F;2;0;A;54;60;6
242870;2020-02-02;104;F;3;2;B;23;26;4
242944;2020-02-02;487;F;3;0;C;11;11;4
243041;2020-02-02;180;M;3;4;B;59;69;7
243123;2020-02-02;359;F;1;0;B;47;50;5
243164;2020-02-02;881;F;5;1;C;64;75;6
243262;2020-02-02;168;F;4;3;B;31;32;6
243306;2020-02-02;131;F;2;0;C;56;69;7
243336;2020-02-02;596;M;2;0;B;58;66;6
243352;2020-02-02;420;M;3;0;B;20;22;3
243362;2020-02-02;354;F;2;0;B;74;80;6
243417;2020-02-02;729;M;3;0;B;48;55;6
243436;2020-02-02;299;F;3;1;C;49;57;6
243440;2020-02-02;933;M;2;2;B;73;79;6
243513;2020-02-02;537;F;1;4;B;53;59;5
243545;2020-02-02;364;F;4;2;C;58;68;6
243620;2020-02-02;326;F;1;0;B;15;15;4
243718;2020-02-02;868;M;4;0;B;75;84;6
243786;2020-02-02;213;M;2;4;B;35;38;5
243808;2020-02-02;779;M;3;4;A;33;36;6
243868;2020-02-02;287;F;1;0;B;54;62;6
243905;2020-02-02;380;M;3;4;B;62;83;5
243963;2020-02-02;444;F;2;0;B;1;1;1
243969;2020-02-02;672;F;4;0;B;45;51;5
244066;2020-02-02;546;F;4;0;B;36;41;5
244109;2020-02-02;464;M;2;2;B;48;55;6
244155;2020-02-02;527;F;4;1;B;45;49;4
244159;2020-02-02;206;F;3;1;C;47;54;6
244180;2020-02-02;119;F;3;2;B;37;43;6
244183;2020-02-02;905;M;1;0;B;61;70;5
244185;2020-02-02;55;F;3;0;B;55;62;5
244230;2020-05-02;338;M;2;0;B;61;69;5
244317;2020-05-02;771;F;4;0;B;20;20;4
244329;2020-05-02;455;F;2;0;C;42;46;7
244399;2020-05-02;374;F;3;0;B;52;61;6
244498;2020-05-02;636;M;2;2;B;35;37;6
244580;2020-05-02;174;M;4;3;C;22;23;6
244603;2020-05-02;185;F;3;0;C;51;57;7
244621;2020-05-02;854;F;5;1;C;69;78;6
244670;2020-05-02;626;M;3;1;C;5;5;2
244681;2020-05-02;41;M;3;0;C;46;53;6
244729;2020-05-02;528;M;2;2;C;57;68;6
244817;2020-05-02;269;F;3;3;B;45;47;4
244827;2020-05-02;281;F;2;0;B;8;9;3
244865;2020-05-02;918;F;2;4;C;39;44;5
244896;2020-05-02;323;M;1;3;B;66;72;6
244960;2020-05-02;800;M;1;0;C;3;3;1
244992;2020-05-02;569;M;1;1;A;17;18;4
245078;2020-05-02;343;F;1;0;B;6;6;2
245146;2020-05-02;272;M;4;3;C;2;2;2
245190;2020-05-02;829;F;3;4;B;61;71;7
245274;2020-05-02;969;M;1;3;B;73;84;7
245320;2020-05-02;608;F;3;0;C;73;82;6
245338;2020-05-02;581;F;4;2;C;5;5;4
245429;2020-05-02;33;F;2;0;B;20;20;5
245474;2020-05-02;355;M;3;4;B;66;70;5
245491;2020-05-02;385;F;2;0;B;62;71;6
245509;2020-05-02;565;F;1;2;B;26;26;5
245570;2020-05-02;56;F;2;3;B;13;14;6
245628;2020-05-02;713;F;1;3;C;49;54;5
245644;2020-05-02;281;F;2;0;B;1;1;1
245685;2020-05-02;562;F;3;0;B;25;26;3
245716;2020-05-02;176;F;2;0;B;71;86;6
245743;2020-05-02;875;F;1;0;B;42;51;6
245751;2020-10-02;239;M;4;2;C;40;45;6
245812;2020-10-02;512;M;4;0;B;12;12;5
245857;2020-10-02;679;F;3;3;B;52;59;6
245869;2020-10-02;908;M;3;2;C;12;12;4
245871;2020-10-02;300;F;1;3;C;38;43;5
245928;2020-10-02;288;M;2;0;B;68;84;7
245961;2020-10-02;566;F;4;0;B;46;50;6
246004;2020-10-02;40;M;2;1;B;35;38;5
246037;2020-10-02;996;F;1;4;B;56;70;5
246105;2020-10-02;389;F;3;0;C;56;63;6
246161;2020-10-02;294;F;4;0;C;5;5;3
246181;2020-10-02;179;F;2;0;B;39;41;7
246248;2020-10-02;763;F;4;0;B;36;38;6
246289;2020-10-02;335;F;3;0;C;47;53;6
246326;2020-10-02;339;F;4;0;C;35;37;5
246356;2020-10-02;843;F;5;1;C;45;50;6
246421;2020-10-02;526;M;2;2;B;38;41;5
246463;2020-10-02;561;M;2;0;B;4;4;3
246532;2020-10-02;932;M;4;1;B;69;83;7
246550;2020-10-02;428;F;2;0;A;69;87;6
246567;2020-10-02;636;M;2;2;B;39;40;5
246607;2020-10-02;285;M;3;0;B;41;43;6
246613;2020-10-02;677;M;4;0;B;52;56;6
246669;2020-10-02;919;F;2;0;C;40;42;6
246740;2020-10-02;581;F;4;2;C;63;74;7
246800;2020-10-02;387;M;2;2;B;68;80;6
246860;2020-10-02;240;M;4;0;B;63;75;6
246952;2020-10-02;147;M;1;0;A;69;75;5
246989;2020-10-02;688;M;1;1;A;4;4;2
246993;2020-10-02;694;M;4;0;C;46;49;6
247077;2020-10-02;651;F;2;0;B;58;65;6
247109;2020-10-02;984;F;4;3;B;63;70;6
247176;2020-10-02;398;F;4;1;B;37;43;5
247241;2020-10-02;341;M;2;0;C;39;39;4
247266;2020-10-02;300;F;1;3;C;37;40;6
247312;2020-10-02;579;F;3;0;B;52;58;5
247391;2020-10-02;833;F;1;4;B;59;71;6
247415;2020-10-02;375;M;4;0;B;52;61;6
247435;2020-10-02;514;M;4;0;C;21;22;6
247442;2020-10-02;169;F;1;1;B;54;62;4
247531;2020-10-02;427;M;3;0;B;53;54;5
247546;2020-10-02;991;F;2;2;C;50;55;5
247616;2020-10-02;618;M;4;3;B;40;44;5
247686;2020-10-02;999;M;2;2;C;41;46;6
247704;2020-10-02;829;F;3;4;B;72;84;6
247770;2020-10-02;244;M;4;0;B;66;79;6
247806;2020-10-02;697;M;3;0;C;40;49;6
247821;2020-10-02;604;M;4;0;B;24;27;5
247838;2020-10-02;365;M;4;0;A;70;82;6
247880;2020-10-02;804;F;4;3;B;66;81;6
247886;2020-10-02;643;F;4;0;C;33;35;6
247893;2020-10-02;999;M;2;2;C;44;50;5
247907;2020-10-02;280;M;4;3;B;68;83;6
247920;2020-10-02;517;F;3;1;B;37;44;6
247992;2020-10-02;844;F;5;1;A;12;15;4
248009;2020-10-02;423;F;5;2;A;66;73;6
248083;2020-10-02;753;F;1;3;C;38;39;7
248127;2020-10-02;909;M;3;0;B;63;77;6
248222;2020-10-02;339;F;4;0;C;50;55;5
248239;2020-10-02;3;F;4;0;B;29;31;6
248288;2020-10-02;203;F;3;0;A;32;35;6
248304;2020-10-02;876;F;2;3;B;58;67;6
248349;2020-10-02;852;M;2;3;B;52;55;6
248357;2020-10-02;162;F;1;1;B;59;69;6
248424;2020-10-02;447;M;2;0;B;13;13;5
248444;2020-10-02;326;F;1;0;B;16;16;3
248471;2020-10-02;961;F;1;0;C;60;71;6
248518;2020-02-16;823;M;5;3;B;35;37;5
248552;2020-02-16;949;M;1;0;B;41;43;6
248628;2020-02-16;635;F;4;0;B;66;80;6
248700;2020-02-16;195;M;4;0;B;57;65;4
248758;2020-02-16;380;M;3;4;B;9;9;4
248816;2020-02-16;930;F;4;1;B;46;54;7
248895;2020-02-16;640;M;4;0;C;27;28;6
248923;2020-02-16;645;F;4;0;B;43;46;7
248969;2020-02-16;763;F;4;0;B;50;53;6
248997;2020-02-16;634;F;2;0;C;44;48;5
249051;2020-02-16;849;F;5;1;B;53;63;7
249082;2020-02-16;114;F;3;3;B;24;25;6
249136;2020-02-16;546;F;4;0;B;31;32;6
249158;2020-02-16;97;F;4;1;B;41;45;6
249208;2020-02-16;119;F;3;2;B;69;80;6
249213;2020-02-16;644;M;1;0;C;44;51;6
249304;2020-02-16;38;M;3;0;B;60;69;6
249309;2020-02-16;613;F;3;0;B;55;63;6
249331;2020-02-16;88;F;1;0;B;35;39;7
249428;2020-02-16;259;M;1;1;B;18;19;4
249513;2020-02-16;813;F;4;0;C;26;29;4
249549;2020-02-16;987;F;1;0;B;51;64;6
249566;2020-02-16;680;F;3;0;C;29;31;5
249593;2020-02-20;612;F;3;4;B;46;54;6
249596;2020-02-20;222;F;4;0;B;25;27;6
249601;2020-02-20;533;F;4;0;A;12;12;3
249640;2020-02-20;977;M;1;0;C;55;64;7
249684;2020-02-20;263;M;3;0;B;28;29;5
249775;2020-02-20;911;F;2;0;B;15;15;5
249872;2020-02-20;891;F;3;2;B;69;81;6
249884;2020-02-20;566;F;4;0;B;63;70;7
249980;2020-02-20;507;F;3;2;B;1;1;1
250044;2020-02-20;767;F;1;0;B;38;50;6
250067;2020-02-20;113;F;3;0;B;55;61;6
250082;2020-02-20;858;F;4;2;C;68;79;6
250155;2020-02-20;745;F;1;2;B;37;39;6
250214;2020-02-20;755;M;3;4;B;24;24;4
250292;2020-02-20;920;F;5;3;B;15;15;6
250374;2020-02-20;9;F;2;0;B;74;80;5
250411;2020-02-20;332;F;3;4;C;60;71;5
250418;2020-02-20;106;M;1;0;B;48;51;6
250490;2020-02-20;210;M;2;2;C;35;37;6
250565;2020-02-20;584;M;3;0;B;31;31;5
250567;2020-02-20;734;F;4;2;B;22;23;4
250606;2020-02-20;920;F;5;3;B;31;35;6
250620;2020-02-20;110;M;3;0;C;69;82;6
250701;2020-02-20;514;M;4;0;C;45;49;6
250772;2020-02-20;507;F;3;2;B;58;69;7
250808;2020-02-20;493;M;2;4;B;41;45;6
250828;2020-02-20;800;M;1;0;C;14;14;3
250848;2020-02-20;290;F;1;0;B;35;36;6
250886;2020-02-20;918;F;2;4;C;28;28;5
250910;2020-02-25;573;F;1;0;C;7;7;3
251003;2020-02-25;419;F;2;1;B;8;8;3
251048;2020-02-25;874;F;3;3;B;61;71;5
251114;2020-02-25;389;F;3;0;C;70;84;6
251144;2020-02-25;123;F;3;2;B;33;34;6
251163;2020-02-25;118;M;2;4;A;43;48;5
251257;2020-02-25;228;F;4;0;C;32;36;5
251314;2020-02-25;636;M;2;2;B;7;7;2
251342;2020-02-25;470;M;3;1;B;67;79;6
251390;2020-02-25;527;F;4;1;B;32;33;5
251470;2020-02-25;952;F;3;4;C;10;10;4
251537;2020-02-25;672;F;4;0;B;39;42;6
251553;2020-02-25;666;F;2;2;B;63;68;7
251577;2020-02-25;215;M;2;4;B;29;29;5
251634;2020-02-25;84;F;3;0;C;8;9;4
251676;2020-02-25;739;F;2;3;B;26;29;5
251719;2020-02-25;928;F;5;1;B;11;11;2
251727;2020-02-25;322;M;2;0;B;57;68;6
251813;2020-02-25;837;F;2;0;C;62;82;5
251833;2020-02-25;72;F;2;0;A;73;87;6
251922;2020-02-25;95;M;1;0;B;13;13;5
251935;2020-02-25;870;F;1;0;B;34;38;6
252014;2020-02-25;514;M;4;0;C;68;85;6
252049;2020-02-25;41;M;3;0;C;25;25;4
252120;2020-02-25;992;F;2;0;B;9;9;4
252132;2020-02-25;860;M;1;0;B;71;85;7
252174;2020-02-25;916;F;3;4;C;37;40;5
252198;2020-02-25;84;F;3;0;C;70;81;7
252202;2020-02-25;65;M;4;0;B;5;5;3
252244;2020-02-25;360;M;4;0;B;29;30;5
252283;2020-02-25;688;M;1;1;A;47;49;5
252367;2020-02-25;719;M;1;0;B;45;52;6
252457;2020-02-25;143;F;1;4;B;74;88;7
252479;2020-02-25;331;F;4;0;B;14;15;3
252490;2020-02-25;67;M;1;0;B;30;32;4
252582;2020-02-25;49;M;2;0;C;31;35;6
252642;2020-02-25;762;F;2;0;B;33;35;7
252651;2020-02-25;380;M;3;4;B;57;64;6
252702;2020-02-25;468;M;3;1;C;73;84;7
252742;2020-02-25;919;F;2;0;C;19;22;5
252782;2020-02-25;553;F;4;0;B;31;33;5
252839;2020-02-25;93;F;2;0;C;65;77;7
252845;2020-02-25;840;F;3;3;C;4;4;3
252893;2020-02-25;288;M;2;0;B;50;54;6
252988;2020-02-25;506;F;4;3;B;69;81;6
252993;2020-02-25;723;M;4;0;B;6;7;3
253030;2020-02-25;466;F;1;0;C;65;78;7
253111;2020-02-25;119;F;3;2;B;9;9;5
253161;2020-02-25;245;F;4;3;B;62;79;6
253170;2020-02-25;139;F;3;3;B;37;40;6
253209;2020-02-25;345;F;2;3;B;37;43;4
253236;2020-02-25;269;F;3;3;B;35;41;5
253289;2020-02-25;491;M;2;1;A;38;42;5
253319;2020-02-25;145;M;3;0;B;52;54;6
253401;2020-02-25;305;F;4;0;B;60;73;7
253454;2020-02-25;357;M;2;2;C;73;84;6
253489;2020-02-25;411;F;2;0;B;21;23;4
253545;2020-02-25;623;F;3;0;C;58;69;5
253570;2020-02-25;929;M;4;0;B;16;16;4
253667;2020-02-25;128;F;2;0;B;2;2;1
253759;2020-02-25;419;F;2;1;B;52;64;6
253799;2020-02-25;116;M;4;0;B;61;73;5
253831;2020-02-25;655;M;2;0;B;2;2;2
253912;2020-02-25;440;F;4;0;C;65;75;6
253999;2020-02-25;333;F;2;0;C;64;73;6
254051;2020-02-25;737;F;2;1;C;22;23;5
254099;2020-02-25;517;F;3;1;B;44;51;5
254188;2020-02-25;498;M;3;2;B;28;33;6
254218;2020-02-25;280;M;4;3;B;19;21;4
254257;2020-02-25;55;F;3;0;B;26;27;5
254327;2020-02-25;425;F;3;0;B;9;9;5
254417;2020-02-25;876;F;2;3;B;30;33;6
254488;2020-02-25;732;F;3;4;B;20;20;4
254548;2020-02-25;799;M;4;3;C;50;58;5
254637;2020-02-25;182;F;1;4;B;12;14;5
254685;2020-02-25;560;M;2;0;B;39;43;5
254745;2020-02-25;230;M;1;4;A;60;70;5
254833;2020-02-25;886;F;5;1;B;39;43;5
254917;2020-02-25;534;M;4;1;C;67;75;6
254925;2020-02-25;192;F;4;0;B;55;59;6
254943;2020-02-25;191;M;3;0;B;55;60;7
254985;2020-02-25;390;F;2;0;B;6;6;3
255045;2020-02-25;54;M;1;0;A;11;11;4
255079;2020-02-25;306;F;3;0;B;59;75;5
255123;2020-02-25;90;F;2;2;B;8;9;3
255143;2020-02-25;693;F;4;0;B;36;37;7
255173;2020-02-25;341;M;2;0;C;16;17;4
255192;2020-02-25;203;F;3;0;A;17;19;5
255271;2020-02-28;646;F;1;0;B;16;17;6
255277;2020-02-28;946;M;3;0;B;52;61;5
255328;2020-02-28;486;M;4;0;B;31;34;5
255341;2020-02-28;957;M;2;3;B;57;66;6
255357;2020-02-28;361;F;1;0;C;66;83;6
255406;2020-02-28;214;F;4;0;B;14;14;4
255451;2020-02-28;294;F;4;0;C;41;45;6
255550;2020-02-28;128;F;2;0;B;49;56;5
255590;2020-02-28;151;F;1;0;B;15;15;3
255682;2020-02-28;99;F;1;4;C;63;73;6
255690;2020-02-28;957;M;2;3;B;4;4;3
255719;2020-02-28;894;F;4;3;C;29;30;6
255794;2020-02-28;910;M;2;2;B;62;71;7
255830;2020-02-28;750;M;2;2;C;67;81;7
255892;2020-02-28;25;M;4;1;C;12;13;3
255984;2020-02-28;122;M;3;3;B;65;75;6
256024;2020-02-28;955;F;3;2;C;34;37;6
256096;2020-02-28;169;F;1;1;B;54;64;6
256155;2020-02-28;419;F;2;1;B;1;1;1
256183;2020-02-28;836;F;2;0;B;46;48;5
256243;2020-02-28;670;M;4;0;C;40;43;4
256330;2020-02-28;406;M;2;4;C;37;41;6
256376;2020-02-28;813;F;4;0;C;39;44;5
256440;2020-02-28;587;M;1;0;B;41;48;5
256525;2020-02-28;472;M;2;1;C;9;11;2
256618;2020-02-28;177;F;3;2;C;7;7;3
256702;2020-02-28;200;F;3;0;B;27;32;6
256713;2020-02-28;863;F;1;4;B;10;10;3
256727;2020-02-28;140;F;1;0;C;8;9;3
256761;2020-02-28;46;F;4;1;B;51;54;6
256787;2020-02-28;53;M;1;1;B;15;15;3
256873;2020-02-28;219;M;2;0;B;30;30;5
256899;2020-02-28;744;M;4;0;A;60;73;7
256966;2020-02-28;211;M;2;1;B;8;8;4
257027;2020-02-28;625;F;4;0;C;50;61;5
257101;2020-02-28;831;F;4;2;B;25;25;5
257111;2020-02-28;656;M;2;0;C;69;77;6
257181;2020-02-28;987;F;1;0;B;40;41;6
257188;2020-02-28;570;F;4;1;C;37;39;6
257225;2020-02-28;877;M;2;0;C;75;89;6
257233;2020-02-28;461;M;3;4;C;69;82;7
257299;2020-02-28;167;M;1;1;A;23;25;3
257356;2020-02-28;520;M;1;0;B;58;69;6
257373;2020-02-28;287;F;1;0;B;24;25;4
257420;2020-02-28;973;F;4;0;B;15;16;6
257458;2020-02-28;450;M;1;0;B;59;66;6
257533;2020-02-28;665;M;1;4;B;75;89;6
257573;2020-02-28;65;M;4;0;B;38;46;5
257625;2020-02-28;447;M;2;0;B;4;4;2
257689;2020-02-28;476;M;3;0;C;33;34;5
257694;2020-02-28;918;F;2;4;C;23;24;6
257707;2020-02-28;308;M;4;0;B;72;88;6
257726;2020-02-28;459;F;3;2;B;48;58;5
257737;2020-02-28;182;F;1;4;B;44;46;6
257791;2020-02-28;692;F;4;0;B;37;39;5
257884;2020-02-28;724;M;1;0;B;66;72;7
257887;2020-02-28;193;F;4;0;B;36;41;5
257888;2020-02-28;944;F;3;1;B;73;82;5
257934;2020-02-28;804;F;4;3;B;34;36;6
257993;2020-02-28;384;F;3;2;C;59;65;7
258059;2020-02-28;970;M;2;4;B;67;76;6
258090;2020-02-28;311;F;4;0;C;66;76;6
258105;2020-02-28;357;M;2;2;C;3;3;2
258203;2020-02-28;139;F;3;3;B;18;18;5
258277;2020-02-28;722;F;4;0;B;47;53;5
258316;2020-02-28;129;M;2;0;A;58;68;7
258373;2020-02-28;441;M;4;2;B;32;34;6
258421;2020-02-28;822;M;2;3;B;46;55;5
258484;2020-02-28;486;M;4;0;B;32;34;6
258518;2020-02-28;320;M;3;4;B;36;40;4
258532;2020-02-28;868;M;4;0;B;44;47;4
258592;2020-02-28;584;M;3;0;B;50;57;5
258624;2020-02-28;445;M;2;0;B;60;70;6
258648;2020-02-28;485;M;3;3;B;33;38;5
258663;2020-02-28;940;F;1;3;B;3;3;2
258666;2020-02-28;802;M;1;1;B;57;70;6
258685;2020-02-28;446;M;1;4;B;52;56;6
258739;2020-02-28;738;M;1;0;C;61;74;5
258764;2020-02-28;166;F;1;0;B;23;24;5
258786;2020-02-28;843;F;5;1;C;44;53;5
258826;2020-02-28;154;M;2;3;B;43;49;5
258885;2020-02-28;277;F;1;3;B;32;34;5
258915;2020-02-28;579;F;3;0;B;11;11;3
258952;2020-02-28;512;M;4;0;B;60;69;6
259040;2020-02-28;831;F;4;2;B;55;64;5
259064;2020-02-03;362;F;3;0;B;59;69;5
259128;2020-02-03;780;M;3;2;B;34;35;5
259169;2020-02-03;710;F;3;1;C;60;69;6
259170;2020-02-03;841;M;1;0;B;10;10;2
259197;2020-02-03;670;M;4;0;C;57;62;7
259212;2020-02-03;386;M;4;2;A;71;82;7
259256;2020-02-03;936;F;3;2;B;73;83;7
259313;2020-02-03;911;F;2;0;B;25;27;5
259341;2020-02-03;283;M;4;1;B;42;47;7
259355;2020-02-03;543;M;2;2;B;32;35;5
259388;2020-02-03;735;F;4;0;B;68;82;6
259417;2020-02-03;732;F;3;4;B;36;39;6
259474;2020-02-03;819;M;4;0;B;39;43;6
259569;2020-04-03;473;F;4;3;B;39;46;6
259650;2020-04-03;537;F;1;4;B;52;62;6
259716;2020-04-03;488;M;3;2;B;30;30;5
259786;2020-04-03;829;F;3;4;B;10;10;4
259885;2020-04-03;378;F;2;0;C;29;30;6
259923;2020-04-03;380;M;3;4;B;45;50;6
259929;2020-04-03;770;M;2;3;B;29;31;6
259932;2020-04-03;854;F;5;1;C;58;64;7
259993;2020-04-03;230;M;1;4;A;1;1;1
260056;2020-04-03;138;F;3;2;B;50;53;6
260084;2020-04-03;898;F;4;0;C;60;67;6
260090;2020-04-03;685;F;4;0;B;40;40;6
260133;2020-04-03;625;F;4;0;C;40;41;7
260219;2020-04-03;497;M;3;0;B;8;8;4
260302;2020-04-03;889;F;3;4;B;26;26;5
260330;2020-04-03;133;F;2;0;B;4;4;1
260365;2020-04-03;428;F;2;0;A;50;59;6
260417;2020-04-03;796;M;2;3;B;62;68;7
260471;2020-04-03;676;M;2;3;B;12;12;4
260491;2020-04-03;710;F;3;1;C;49;52;5
260555;2020-04-03;856;F;5;1;B;1;1;1
260573;2020-04-03;712;F;2;3;B;33;34;6
260621;2020-04-03;365;M;4;0;A;11;11;3
260668;2020-04-03;266;F;3;3;B;52;58;6
260745;2020-04-03;477;F;4;0;B;35;36;6
260757;2020-04-03;911;F;2;0;B;25;26;5
260800;2020-04-03;606;M;1;0;B;73;86;4
260843;2020-04-03;760;F;2;0;A;53;64;5
260894;2020-04-03;308;M;4;0;B;62;65;6
260965;2020-04-03;154;M;2;3;B;9;9;5
260999;2020-04-03;635;F;4;0;B;31;32;4
261024;2020-04-03;268;M;4;0;B;51;62;4
261066;2020-04-03;219;M;2;0;B;32;35;6
261080;2020-04-03;360;M;4;0;B;76;87;6
261171;2020-04-03;666;F;2;2;B;19;19;6
261185;2020-04-03;131;F;2;0;C;29;31;5
261219;2020-04-03;610;M;2;0;B;22;25;6
261245;2020-04-03;556;F;4;0;B;1;1;1
261279;2020-04-03;641;F;4;0;C;3;4;2
261283;2020-04-03;826;F;2;0;C;23;24;6
261299;2020-04-03;481;M;3;0;B;22;24;5
261365;2020-04-03;574;F;2;2;B;36;40;6
261457;2020-04-03;571;F;2;0;B;60;67;6
261544;2020-04-03;611;M;4;0;B;59;67;5
261546;2020-04-03;918;F;2;4;C;48;53;6
261548;2020-04-03;247;M;1;0;B;9;9;3
261554;2020-04-03;358;F;3;0;C;62;72;7
261593;2020-04-03;281;F;2;0;B;6;6;3
261596;2020-04-03;268;M;4;0;B;72;78;7
261636;2020-04-03;557;F;2;0;A;69;83;5
261659;2020-04-03;732;F;3;4;B;59;72;6
261728;2020-04-03;936;F;3;2;B;39;43;5
261783;2020-04-03;344;M;3;0;B;52;60;6
261858;2020-04-03;411;F;2;0;B;43;50;4
261891;2020-04-03;135;M;3;0;B;12;13;3
261931;2020-04-03;65;M;4;0;B;75;89;6
261979;2020-04-03;167;M;1;1;A;30;30;6
262071;2020-04-03;495;F;2;3;A;46;50;5
262116;2020-04-03;538;M;3;0;B;23;26;4
262159;2020-04-03;303;M;3;4;B;27;29;6
262221;2020-04-03;638;M;3;1;B;46;55;5
262292;2020-04-03;278;F;3;2;C;47;53;5
262334;2020-04-03;930;F;4;1;B;56;66;6
262342;2020-04-03;234;M;3;4;B;60;68;7
262418;2020-04-03;605;M;4;2;B;34;35;5
262430;2020-04-03;799;M;4;3;C;37;37;5
262483;2020-04-03;445;M;2;0;B;25;27;3
262492;2020-04-03;751;F;2;0;B;30;31;5
262515;2020-04-03;92;M;4;1;B;13;13;6
262565;2020-04-03;371;F;4;0;B;4;4;4
262657;2020-04-03;955;F;3;2;C;42;46;4
262743;2020-04-03;783;F;1;0;B;63;72;6
262787;2020-07-03;505;F;1;0;C;68;78;5
262883;2020-07-03;954;F;4;2;B;55;62;6
262959;2020-07-03;145;M;3;0;B;62;74;7
262995;2020-07-03;21;M;3;0;B;50;57;5
263008;2020-07-03;280;M;4;3;B;70;82;6
263070;2020-07-03;140;F;1;0;C;40;45;6
263163;2020-07-03;950;M;3;0;C;62;79;5
263194;2020-07-03;228;F;4;0;C;40;41;5
263241;2020-07-03;409;F;3;4;B;52;57;5
263308;2020-07-03;961;F;1;0;C;20;21;4
263374;2020-07-03;905;M;1;0;B;13;14;5
263427;2020-07-03;155;F;2;0;B;50;53;5
263459;2020-07-03;775;F;2;3;B;22;25;5
263478;2020-07-03;133;F;2;0;B;2;2;2
263545;2020-07-03;471;F;4;0;A;60;71;5
263643;2020-07-03;538;M;3;0;B;55;69;6
263689;2020-07-03;252;M;2;2;B;52;58;5
263736;2020-07-03;924;F;2;2;B;70;89;7
263759;2020-07-03;449;F;2;3;B;57;70;7
263760;2020-07-03;245;F;4;3;B;38;40;5
263841;2020-07-03;197;F;2;0;B;24;24;4
263929;2020-07-03;387;M;2;2;B;45;47;5
263962;2020-07-03;567;F;1;0;C;11;11;4
264043;2020-07-03;790;F;3;0;B;56;66;6
264141;2020-07-03;518;F;1;0;B;61;68;7
264180;2020-07-03;730;F;2;0;B;56;65;6
264218;2020-07-03;767;F;1;0;B;67;76;6
264310;2020-07-03;210;M;2;2;C;62;76;7
264329;2020-07-03;393;F;4;0;B;15;15;3
264403;2020-07-03;172;M;2;0;B;13;13;3
264469;2020-07-03;223;F;3;0;B;42;45;5
264481;2020-07-03;230;M;1;4;A;35;36;6
264504;2020-07-03;502;M;4;0;C;64;71;6
264600;2020-07-03;345;F;2;3;B;57;68;5
264681;2020-07-03;599;F;1;4;C;30;36;4
264739;2020-07-03;834;M;3;3;B;11;11;4
264802;2020-07-03;119;F;3;2;B;70;80;6
264870;2020-07-03;495;F;2;3;A;60;66;6
264894;2020-07-03;642;M;2;3;B;60;73;6
264939;2020-07-03;228;F;4;0;C;8;8;4
265034;2020-07-03;138;F;3;2;B;15;15;5
265113;2020-07-03;508;F;3;0;B;74;89;6
265128;2020-07-03;380;M;3;4;B;29;31;5
265202;2020-07-03;413;M;3;2;B;38;40;6
265230;2020-07-03;743;M;1;3;C;75;84;6
265260;2020-07-03;633;F;3;0;C;53;62;5
265288;2020-07-03;785;M;1;4;C;18;18;5
265350;2020-07-03;234;M;3;4;B;6;6;2
265417;2020-07-03;938;M;1;4;B;47;53;6
265502;2020-07-03;698;F;2;0;B;66;83;7
265569;2020-07-03;340;M;3;4;B;1;1;1
265608;2020-07-03;641;F;4;0;C;76;89;6
265671;2020-07-03;659;F;2;2;B;40;44;6
265739;2020-07-03;108;M;1;0;B;14;15;5
265814;2020-07-03;92;M;4;1;B;21;22;6
265891;2020-07-03;155;F;2;0;B;66;77;6
265937;2020-07-03;936;F;3;2;B;3;3;2
265999;2020-07-03;527;F;4;1;B;28;31;4
266061;2020-07-03;390;F;2;0;B;29;32;5
266089;2020-07-03;247;M;1;0;B;63;75;4
266154;2020-07-03;369;F;3;4;C;8;9;4
266159;2020-07-03;196;M;2;0;B;26;30;5
266212;2020-07-03;192;F;4;0;B;19;21;6
266238;2020-07-03;62;F;2;0;B;69;86;6
266244;2020-07-03;260;F;2;0;C;40;43;5
266302;2020-07-03;629;M;3;0;C;71;81;6
266352;2020-07-03;795;F;4;2;B;69;81;7
266368;2020-07-03;614;F;4;1;B;27;31;4
266425;2020-07-03;343;F;1;0;B;61;75;6
266436;2020-07-03;136;F;2;1;B;56;63;7
266456;2020-07-03;709;F;3;0;B;5;5;1
266500;2020-07-03;517;F;3;1;B;42;46;6
266543;2020-07-03;999;M;2;2;C;31;32;4
266559;2020-07-03;225;M;4;0;C;4;4;3
266637;2020-07-03;413;M;3;2;B;34;36;5
266716;2020-07-03;29;M;2;0;B;72;82;5
266763;2020-07-03;570;F;4;1;C;74;87;6
266815;2020-07-03;203;F;3;0;A;34;35;4
266876;2020-07-03;802;M;1;1;B;26;26;4
266931;2020-07-03;779;M;3;4;A;14;15;4
266959;2020-11-03;640;M;4;0;C;8;9;3
266985;2020-11-03;897;M;2;1;C;14;14;6
267035;2020-11-03;351;F;2;2;B;66;81;6
267108;2020-11-03;879;M;2;2;C;69;78;5
267177;2020-11-03;516;M;1;0;C;37;37;5
267224;2020-11-03;651;F;2;0;B;10;10;4
267257;2020-11-03;19;F;2;2;C;7;7;2
267326;2020-11-03;885;F;3;1;A;19;19;4
267339;2020-11-03;726;M;2;0;B;48;57;6
267419;2020-11-03;272;M;4;3;C;75;89;5
267496;2020-11-03;440;F;4;0;C;3;3;1
267570;2020-11-03;389;F;3;0;C;3;3;2
267590;2020-11-03;636;M;2;2;B;57;74;7
267647;2020-11-03;367;F;1;0;A;21;21;4
267655;2020-11-03;646;F;1;0;B;41;43;5
267657;2020-11-03;457;M;3;0;C;49;54;5
267725;2020-11-03;732;F;3;4;B;49;58;5
267813;2020-11-03;893;F;1;0;B;5;5;3
267869;2020-11-03;98;M;1;0;B;21;21;4
267945;2020-11-03;404;M;4;0;B;4;4;2
268000;2020-11-03;576;M;3;0;B;1;1;1
268092;2020-11-03;655;M;2;0;B;33;36;4
268151;2020-11-03;970;M;2;4;B;66;76;7
268161;2020-11-03;569;M;1;1;A;62;66;6
268191;2020-11-03;665;M;1;4;B;46;48;5
268285;2020-11-03;154;M;2;3;B;8;8;3
268336;2020-11-03;510;F;4;0;B;70;81;6
268392;2020-11-03;453;F;1;0;B;2;2;1
268444;2020-11-03;510;F;4;0;B;4;4;3
268501;2020-11-03;288;M;2;0;B;55;66;6
268559;2020-11-03;770;M;2;3;B;53;62;7
268589;2020-11-03;833;F;1;4;B;61;71;6
268668;2020-11-03;498;M;3;2;B;36;40;6
268705;2020-11-03;450;M;1;0;B;61;76;6
268746;2020-11-03;874;F;3;3;B;59;70;6
268788;2020-11-03;164;M;2;3;A;50;58;6
268795;2020-11-03;190;M;1;4;B;62;74;6
268843;2020-11-03;10;M;1;0;B;50;53;6
268922;2020-11-03;45;M;2;0;A;9;10;3
269003;2020-11-03;36;F;3;0;C;49;58;6
269095;2020-11-03;754;F;3;4;B;27;30;5
269141;2020-11-03;281;F;2;0;B;60;68;7
269215;2020-11-03;373;F;4;2;B;51;62;6
269314;2020-11-03;322;M;2;0;B;15;15;4
269387;2020-11-03;605;M;4;2;B;41;45;4
269477;2020-11-03;189;F;3;4;C;32;35;5
269511;2020-11-03;711;M;4;2;B;19;21;6
269599;2020-11-03;683;F;3;0;B;5;5;3
269622;2020-11-03;745;F;1;2;B;6;6;4
269665;2020-11-03;837;F;2;0;C;63;77;6
269712;2020-11-03;308;M;4;0;B;55;63;5
269718;2020-11-03;530;F;1;0;A;16;16;5
269814;2020-11-03;266;F;3;3;B;52;58;5
269900;2020-11-03;130;F;1;0;B;26;27;4
269984;2020-11-03;546;F;4;0;B;71;78;6
270067;2020-11-03;254;F;5;2;B;49;56;6
270153;2020-11-03;31;F;1;0;C;47;53;6
270232;2020-11-03;308;M;4;0;B;6;6;3
270294;2020-11-03;36;F;3;0;C;52;55;6
270383;2020-11-03;850;M;1;0;C;39;42;5
270396;2020-11-03;355;M;3;4;B;53;67;6
270486;2020-11-03;573;F;1;0;C;61;73;5
270582;2020-11-03;919;F;2;0;C;72;81;5
270648;2020-11-03;983;F;4;0;C;45;50;7
270745;2020-11-03;562;F;3;0;B;70;79;6
270836;2020-11-03;387;M;2;2;B;14;15;3
270929;2020-11-03;298;F;4;0;C;12;13;5
270941;2020-11-03;736;M;1;0;C;65;78;6
271001;2020-11-03;936;F;3;2;B;71;88;6
271074;2020-11-03;204;F;3;3;B;23;26;4
271107;2020-11-03;733;M;4;0;B;14;15;4
271160;2020-11-03;506;F;4;3;B;57;70;5
271242;2020-11-03;268;M;4;0;B;36;46;5
271261;2020-11-03;175;M;1;0;B;39;45;6
271316;2020-11-03;572;M;1;0;C;64;75;6
271367;2020-11-03;772;F;2;0;B;69;79;5
271463;2020-11-03;869;F;3;0;B;30;31;5
271539;2020-11-03;542;M;3;1;B;18;20;6
271604;2020-11-03;31;F;1;0;C;51;61;7
271612;2020-11-03;25;M;4;1;C;64;75;7
271661;2020-11-03;446;M;1;4;B;69;85;6
271726;2020-11-03;134;F;3;0;B;69;79;6
271744;2020-11-03;448;F;2;0;A;67;85;6
271813;2020-11-03;949;M;1;0;B;56;65;5
271911;2020-11-03;847;M;4;2;A;75;88;5
271931;2020-11-03;737;F;2;1;C;44;49;6
272011;2020-11-03;889;F;3;4;B;36;41;5
272025;2020-11-03;773;M;4;0;B;65;77;6
272048;2020-11-03;29;M;2;0;B;47;49;5
272103;2020-11-03;501;M;1;0;B;4;4;2
272117;2020-11-03;51;F;3;0;B;28;30;4
272144;2020-03-18;990;F;1;4;B;15;15;4
272179;2020-03-18;607;F;2;0;B;73;87;7
272230;2020-03-18;858;F;4;2;C;53;58;5
272305;2020-03-18;391;F;2;0;A;36;42;5
272309;2020-03-18;263;M;3;0;B;14;14;6
272389;2020-03-18;892;F;4;2;B;31;33;6
272400;2020-03-18;32;F;1;0;B;9;9;3
272442;2020-03-18;28;F;1;2;B;2;2;1
272450;2020-03-18;687;M;2;3;C;46;53;5
272524;2020-03-18;85;M;1;0;B;57;63;5
272613;2020-03-18;339;F;4;0;C;79;86;6
272633;2020-03-18;784;F;1;3;B;73;88;7
272637;2020-03-18;28;F;1;2;B;62;72;6
272709;2020-03-18;867;M;2;3;B;51;55;6
272724;2020-03-18;73;M;1;0;A;55;59;7
272752;2020-03-18;507;F;3;2;B;21;21;4
272764;2020-03-18;57;M;2;0;B;68;84;7
272792;2020-03-18;873;F;3;0;B;49;54;7
272828;2020-03-18;501;M;1;0;B;6;6;3
272873;2020-03-18;981;F;4;1;C;49;52;6
272884;2020-03-18;588;F;1;4;C;64;76;5
272939;2020-03-18;463;M;3;3;B;15;17;3
273024;2020-03-18;969;M;1;3;B;52;55;6
273093;2020-03-18;363;F;1;0;B;27;30;5
273117;2020-03-18;857;F;2;2;B;37;40;5
273153;2020-03-18;924;F;2;2;B;57;67;5
273187;2020-03-18;970;M;2;4;B;3;3;2
273212;2020-03-18;446;M;1;4;B;32;35;5
273302;2020-03-18;485;M;3;3;B;47;54;6
273305;2020-03-18;831;F;4;2;B;31;32;6
273358;2020-03-18;956;M;5;1;C;63;78;6
273431;2020-03-18;436;M;2;4;B;48;54;5
273476;2020-03-18;716;F;4;0;C;51;57;6
273479;2020-03-18;899;F;4;0;C;10;10;4
273496;2020-03-18;213;M;2;4;B;49;60;5
273557;2020-03-18;612;F;3;4;B;30;32;4
273620;2020-03-18;88;F;1;0;B;62;77;6
273652;2020-03-18;748;M;4;0;B;54;63;6
273703;2020-03-18;404;M;4;0;B;49;57;6
273751;2020-03-18;63;F;3;0;B;58;70;5
273800;2020-03-18;319;M;1;4;B;63;72;7
273835;2020-03-18;48;M;4;1;B;25;25;5
273893;2020-03-18;403;M;3;2;B;65;75;6
273951;2020-03-18;289;F;3;4;C;64;76;6
274047;2020-03-18;255;M;4;0;B;15;16;4
274116;2020-03-18;526;M;2;2;B;8;9;3
274149;2020-03-18;245;F;4;3;B;63;72;6
274176;2020-03-18;320;M;3;4;B;49;60;6
274197;2020-03-18;518;F;1;0;B;29;34;5
274229;2020-03-18;71;F;3;1;B;75;88;6
274307;2020-03-18;915;F;3;0;B;65;71;6
274380;2020-03-18;734;F;4;2;B;38;38;5
274445;2020-03-18;502;M;4;0;C;21;21;5
274518;2020-03-18;768;F;4;0;B;38;41;6
274540;2020-03-18;534;M;4;1;C;23;24;5
274629;2020-03-18;203;F;3;0;A;54;60;6
274654;2020-03-18;359;F;1;0;B;54;59;6
274727;2020-03-18;975;F;3;0;B;38;42;5
274765;2020-03-18;173;F;1;0;B;51;56;6
274860;2020-03-18;380;M;3;4;B;40;44;5
274879;2020-03-18;826;F;2;0;C;47;51;4
274919;2020-03-18;361;F;1;0;C;23;26;5
275016;2020-03-18;354;F;2;0;B;50;57;5
275113;2020-03-18;339;F;4;0;C;37;40;5
275117;2020-03-18;732;F;3;4;B;50;56;6
275172;2020-03-18;797;M;2;4;B;70;84;6
275179;2020-03-18;123;F;3;2;B;48;56;6
275203;2020-03-18;308;M;4;0;B;59;68;6
275288;2020-03-18;858;F;4;2;C;57;68;6
275347;2020-03-18;154;M;2;3;B;33;35;4
275446;2020-03-18;620;M;2;0;B;25;26;5
275462;2020-03-18;472;M;2;1;C;33;37;4
275553;2020-03-18;730;F;2;0;B;42;50;5
275565;2020-03-18;151;F;1;0;B;50;59;5
275658;2020-03-18;441;M;4;2;B;40;42;5
275708;2020-03-23;466;F;1;0;C;30;34;5
275802;2020-03-23;599;F;1;4;C;49;57;6
275833;2020-03-23;105;F;4;0;C;6;6;3
275910;2020-03-23;114;F;3;3;B;24;24;4
275954;2020-03-23;243;F;1;4;C;29;34;4
275961;2020-03-23;599;F;1;4;C;56;69;6
276005;2020-03-23;983;F;4;0;C;50;57;5
276090;2020-03-23;311;F;4;0;C;54;60;5
276105;2020-03-23;633;F;3;0;C;12;12;3
276152;2020-03-23;472;M;2;1;C;37;42;5
276236;2020-03-23;77;F;4;1;B;71;85;6
276264;2020-03-23;366;M;3;4;B;64;77;6
276357;2020-03-23;198;M;4;0;B;71;82;6
276417;2020-03-23;992;F;2;0;B;32;34;6
276499;2020-03-23;593;M;4;1;B;13;13;3
276582;2020-03-23;588;F;1;4;C;9;9;3
276664;2020-03-23;264;F;4;1;B;66;77;6
276675;2020-03-23;826;F;2;0;C;76;87;6
276765;2020-03-23;166;F;1;0;B;34;34;5
276766;2020-03-23;78;M;1;0;B;16;18;3
276778;2020-03-23;538;M;3;0;B;61;73;6
276800;2020-03-23;128;F;2;0;B;16;16;5
276814;2020-03-23;253;F;4;1;B;18;18;4
276848;2020-03-23;841;M;1;0;B;22;22;5
276925;2020-03-23;804;F;4;3;B;45;47;6
276972;2020-03-23;142;F;1;0;B;65;76;6
276981;2020-03-23;288;M;2;0;B;43;48;6
277028;2020-03-23;157;M;1;1;C;32;34;4
277069;2020-03-23;656;M;2;0;C;63;77;7
277129;2020-03-23;339;F;4;0;C;5;5;3
277135;2020-03-23;850;M;1;0;C;34;36;7
277174;2020-03-23;365;M;4;0;A;13;14;4
277243;2020-03-23;990;F;1;4;B;26;29;6
277289;2020-03-23;36;F;3;0;C;16;16;4
277305;2020-03-23;502;M;4;0;C;53;63;7
277386;2020-03-23;496;F;2;0;B;32;35;3
277445;2020-03-23;381;F;1;1;B;73;85;7
277456;2020-03-23;915;F;3;0;B;52;60;6
277509;2020-03-23;964;M;2;0;B;8;8;3
277550;2020-03-23;405;F;4;0;B;11;11;5
277647;2020-03-23;669;F;4;0;B;61;67;5
277690;2020-03-23;683;F;3;0;B;41;45;7
277708;2020-03-23;305;F;4;0;B;73;88;6
277801;2020-03-23;474;M;2;0;B;1;1;1
277806;2020-03-23;688;M;1;1;A;68;89;6
277844;2020-03-23;74;M;3;0;C;35;40;5
277935;2020-03-23;859;M;1;0;B;74;81;6
278002;2020-03-23;869;F;3;0;B;27;29;6
278071;2020-03-23;875;F;1;0;B;10;10;6
278146;2020-03-23;328;M;2;0;B;26;26;5
278195;2020-03-23;842;M;5;2;B;23;24;5
278247;2020-03-23;378;F;2;0;C;38;48;5
278323;2020-03-23;712;F;2;3;B;66;81;6
278355;2020-03-23;750;M;2;2;C;76;88;7
278435;2020-03-23;810;M;1;0;B;48;50;7
278484;2020-03-23;847;M;4;2;A;70;75;7
278536;2020-03-23;952;F;3;4;C;26;27;5
278622;2020-03-23;793;M;1;3;B;48;51;6
278647;2020-03-23;12;M;1;1;A;54;61;6
278692;2020-03-23;479;F;1;0;B;76;89;6
278700;2020-03-23;203;F;3;0;A;64;72;7
278790;2020-03-23;574;F;2;2;B;66;82;5
278870;2020-03-23;343;F;1;0;B;32;33;5
278926;2020-03-23;981;F;4;1;C;4;4;2
278989;2020-03-23;249;F;4;0;B;28;30;5
279044;2020-03-23;430;F;4;1;B;70;86;6
279062;2020-03-23;868;M;4;0;B;30;31;6
279116;2020-03-23;911;F;2;0;B;71;81;6
279201;2020-03-23;957;M;2;3;B;6;7;3
279220;2020-03-23;246;M;2;2;B;71;86;6
279246;2020-03-23;566;F;4;0;B;34;36;5
279248;2020-03-23;175;M;1;0;B;70;84;6
279286;2020-03-23;588;F;1;4;C;41;45;6
279301;2020-03-23;422;F;2;4;C;45;53;5
279355;2020-03-23;415;F;3;0;B;49;54;5
279375;2020-03-23;506;F;4;3;B;71;74;7
279409;2020-03-23;483;M;1;0;C;68;78;5
279412;2020-03-23;58;M;2;2;B;67;82;6
279447;2020-03-23;571;F;2;0;B;14;14;3
279504;2020-03-23;649;F;3;0;B;59;74;6
279597;2020-03-23;288;M;2;0;B;71;86;7
279648;2020-03-23;111;M;2;4;C;4;4;2
279689;2020-03-23;750;M;2;2;C;64;83;5
279765;2020-03-23;132;M;2;0;A;27;28;4
279797;2020-03-23;12;M;1;1;A;5;5;3
279836;2020-03-23;987;F;1;0;B;11;11;3
279916;2020-03-30;726;M;2;0;B;30;32;5
279960;2020-03-30;570;F;4;1;C;60;65;6
279997;2020-03-30;479;F;1;0;B;13;13;4
280078;2020-03-30;554;F;3;0;A;50;58;6
280127;2020-03-30;153;M;4;1;B;36;39;5
280220;2020-03-30;236;M;2;2;C;46;54;5
280235;2020-03-30;489;F;4;3;B;9;9;4
280317;2020-03-30;432;F;1;0;C;8;8;2
280322;2020-03-30;815;F;2;4;B;7;7;4
280379;2020-03-30;240;M;4;0;B;34;37;5
280414;2020-03-30;208;M;3;0;B;13;13;4
280455;2020-03-30;486;M;4;0;B;67;85;5
280476;2020-03-30;997;M;5;2;C;18;19;4
280485;2020-03-30;857;F;2;2;B;43;45;6
280533;2020-03-30;821;F;2;3;B;9;9;3
280623;2020-03-30;80;F;2;1;C;44;50;6
280645;2020-03-30;602;M;3;0;B;22;23;3
280705;2020-03-30;264;F;4;1;B;69;87;5
280766;2020-03-30;592;F;2;0;C;3;3;1
280864;2020-03-30;637;F;1;0;B;26;26;2
280922;2020-03-30;151;F;1;0;B;63;71;6
280957;2020-03-30;623;F;3;0;C;46;54;6
281026;2020-03-30;364;F;4;2;C;41;44;5
281033;2020-03-30;881;F;5;1;C;14;15;5
281092;2020-03-30;533;F;4;0;A;52;59;6
281149;2020-03-30;87;M;3;2;A;32;35;6
281220;2020-03-30;281;F;2;0;B;22;23;4
281248;2020-03-30;243;F;1;4;C;2;2;1
281281;2020-03-30;690;F;1;3;B;10;11;4
281319;2020-03-30;865;F;1;0;B;67;84;6
281401;2020-03-30;30;M;4;0;B;7;8;4
281500;2020-03-30;316;F;3;2;B;32;34;4
281587;2020-03-30;774;F;2;0;B;10;12;4
281666;2020-03-30;153;M;4;1;B;31;33;5
281683;2020-03-30;504;M;3;0;B;20;20;5
281748;2020-03-30;708;F;2;2;B;10;10;3
281777;2020-03-30;30;M;4;0;B;15;16;4
281820;2020-03-30;680;F;3;0;C;23;24;5
281848;2020-03-30;655;M;2;0;B;71;76;7
281858;2020-03-30;788;F;4;2;B;22;23;6
281864;2020-03-30;769;F;3;3;C;34;35;5
281909;2020-03-30;633;F;3;0;C;4;4;2
282000;2020-03-30;847;M;4;2;A;68;78;7
282036;2020-03-30;256;F;4;0;B;44;52;5
282116;2020-03-30;183;M;4;1;B;31;32;4
282132;2020-03-30;358;F;3;0;C;38;43;5
282171;2020-03-30;308;M;4;0;B;42;44;6
282243;2020-03-30;1000;F;4;1;B;15;18;2
282280;2020-03-30;453;F;1;0;B;7;7;4
282299;2020-03-30;801;M;1;4;B;25;26;5
282346;2020-03-30;218;M;4;0;B;68;80;6
282439;2020-03-30;2;M;3;0;B;29;30;4
282483;2020-03-30;178;M;3;0;A;59;64;5
282519;2020-03-30;851;F;2;0;B;53;60;5
282573;2020-03-30;159;M;1;0;C;37;45;4
282591;2020-03-30;771;F;4;0;B;10;10;4
282607;2020-03-30;925;M;2;0;C;57;73;6
282644;2020-03-30;235;F;4;0;B;61;69;6
282698;2020-03-30;188;M;2;2;B;4;4;4
282726;2020-03-30;620;M;2;0;B;46;55;5
282758;2020-03-30;751;F;2;0;B;48;53;5
282829;2020-03-30;749;F;4;1;B;41;49;5
282910;2020-03-30;317;M;3;0;B;40;41;6
282953;2020-03-30;183;M;4;1;B;40;44;5
282993;2020-03-30;964;M;2;0;B;8;8;4
283070;2020-03-30;673;F;5;1;B;45;55;5
283111;2020-03-30;6;F;2;0;B;75;89;7
283191;2020-01-04;262;M;1;2;B;39;45;6
283205;2020-01-04;128;F;2;0;B;5;5;2
283285;2020-01-04;282;M;2;0;B;55;62;7
283312;2020-01-04;601;M;4;0;A;23;25;6
283349;2020-01-04;393;F;4;0;B;26;27;5
283447;2020-01-04;648;M;1;0;B;13;14;4
283513;2020-01-04;906;M;2;0;A;74;83;6
283567;2020-01-04;351;F;2;2;B;19;20;5
283575;2020-01-04;151;F;1;0;B;14;14;4
283631;2020-01-04;392;M;2;2;C;23;25;5
283720;2020-01-04;73;M;1;0;A;73;84;7
283743;2020-01-04;554;F;3;0;A;50;57;4
283774;2020-01-04;663;F;4;0;B;73;87;6
283852;2020-01-04;601;M;4;0;A;56;62;6
283906;2020-01-04;812;F;2;0;A;7;7;2
283984;2020-01-04;917;M;1;0;A;35;37;5
284042;2020-01-04;376;F;3;0;B;71;88;6
284136;2020-01-04;499;M;3;0;B;61;68;6
284182;2020-01-04;806;F;2;3;B;8;8;4
284187;2020-01-04;301;F;3;0;C;18;19;3
284225;2020-01-04;972;M;4;0;C;38;44;6
284308;2020-01-04;599;F;1;4;C;69;87;5
284369;2020-01-04;877;M;2;0;C;35;42;5
284425;2020-01-04;433;M;3;3;B;37;40;6
284507;2020-01-04;915;F;3;0;B;61;69;6
284579;2020-01-04;553;F;4;0;B;29;33;4
284666;2020-01-04;612;F;3;4;B;69;82;6
284705;2020-01-04;523;M;3;0;B;20;22;4
284782;2020-01-04;264;F;4;1;B;24;24;5
284872;2020-01-04;229;M;2;2;C;51;57;5
284953;2020-01-04;108;M;1;0;B;66;84;6
285051;2020-01-04;558;F;5;2;C;72;85;7
285096;2020-01-04;440;F;4;0;C;3;3;2
285129;2020-01-04;913;M;3;4;C;12;12;5
285138;2020-01-04;498;M;3;2;B;30;31;6
285231;2020-01-04;306;F;3;0;B;77;89;6
285307;2020-01-04;755;M;3;4;B;56;59;7
285332;2020-01-04;656;M;2;0;C;55;63;6
285347;2020-01-04;193;F;4;0;B;47;49;5
285437;2020-01-04;738;M;1;0;C;55;65;5
285510;2020-01-04;8;F;3;0;B;68;79;6
285557;2020-01-04;221;F;1;0;B;10;10;6
285639;2020-01-04;35;M;3;0;B;22;22;2
285659;2020-01-04;573;F;1;0;C;63;71;5
285742;2020-01-04;978;F;3;0;C;22;22;4
285754;2020-01-04;399;F;4;1;C;10;12;5
285782;2020-01-04;31;F;1;0;C;38;42;6
285818;2020-01-04;982;M;4;3;B;19;20;4
285887;2020-01-04;51;F;3;0;B;62;72;6
285889;2020-01-04;856;F;5;1;B;51;59;6
285976;2020-01-04;338;M;2;0;B;36;37;5
286008;2020-01-04;178;M;3;0;A;67;77;6
286106;2020-01-04;773;M;4;0;B;28;30;3
286192;2020-01-04;903;M;1;0;B;30;31;5
286290;2020-01-04;125;M;3;0;B;5;5;3
286308;2020-01-04;514;M;4;0;C;33;38;6
286397;2020-01-04;774;F;2;0;B;32;34;5
286400;2020-01-04;463;M;3;3;B;75;89;7
286495;2020-01-04;324;F;3;3;B;22;23;6
286510;2020-01-04;201;M;3;0;B;65;76;6
286522;2020-01-04;930;F;4;1;B;41;48;6
286558;2020-01-04;759;F;3;0;B;55;64;7
286577;2020-01-04;924;F;2;2;B;65;78;5
286642;2020-01-04;649;F;3;0;B;4;4;2
286646;2020-01-04;437;F;2;1;C;48;54;5
286696;2020-01-04;584;M;3;0;B;59;69;6
286708;2020-01-04;782;M;3;3;B;36;45;5
286766;2020-01-04;761;F;1;4;B;39;42;5
286793;2020-01-04;822;M;2;3;B;52;56;6
286872;2020-03-04;504;M;3;0;B;18;19;4
286895;2020-03-04;555;M;4;3;A;66;81;6
286923;2020-03-04;389;F;3;0;C;56;64;7
287016;2020-03-04;196;M;2;0;B;38;41;5
287035;2020-03-04;953;M;1;1;B;38;40;4
287049;2020-03-04;948;M;4;0;C;17;17;4
287116;2020-03-04;551;M;1;0;C;5;5;4
287204;2020-03-04;624;M;4;0;B;13;13;4
287260;2020-03-04;349;M;3;0;B;59;63;7
287261;2020-03-04;873;F;3;0;B;58;68;6
287306;2020-03-04;214;F;4;0;B;42;47;6
287396;2020-03-04;996;F;1;4;B;24;27;5
287467;2020-03-04;310;M;4;3;C;49;49;5
287539;2020-03-04;341;M;2;0;C;41;48;4
287559;2020-03-04;678;F;3;0;C;5;5;2
287587;2020-03-04;81;F;2;0;B;30;35;6
287594;2020-03-04;706;F;2;0;A;69;80;6
287606;2020-03-04;871;F;1;3;C;7;7;4
287625;2020-03-04;574;F;2;2;B;26;29;6
287710;2020-03-04;559;F;3;1;A;33;36;5
287781;2020-03-04;709;F;3;0;B;30;33;4
287790;2020-03-04;686;F;3;2;A;32;32;5
287883;2020-03-04;300;F;1;3;C;51;57;6
287912;2020-03-04;78;M;1;0;B;43;46;6
287925;2020-03-04;846;F;4;3;C;2;2;2
287981;2020-03-04;353;M;1;2;B;27;28;5
287989;2020-03-04;610;M;2;0;B;17;17;5
287992;2020-03-04;289;F;3;4;C;58;69;6
287993;2020-03-04;952;F;3;4;C;42;47;6
288003;2020-03-04;274;M;1;1;B;67;79;6
288010;2020-03-04;7;M;1;3;B;74;80;7
288016;2020-03-04;162;F;1;1;B;44;53;5
288024;2020-03-04;130;F;1;0;B;13;14;4
288050;2020-03-04;454;F;1;0;B;21;21;5
288059;2020-03-04;558;F;5;2;C;54;61;5
288106;2020-03-04;122;M;3;3;B;61;69;6
288186;2020-03-04;608;F;3;0;C;35;38;5
288187;2020-03-04;32;F;1;0;B;39;43;6
288198;2020-03-04;289;F;3;4;C;34;36;5
288247;2020-03-04;709;F;3;0;B;41;44;4
288304;2020-03-04;427;M;3;0;B;18;19;5
288390;2020-03-04;488;M;3;2;B;13;13;4
288489;2020-03-04;299;F;3;1;C;9;9;3
288549;2020-03-04;247;M;1;0;B;53;59;6
288584;2020-03-04;259;M;1;1;B;26;26;4
288655;2020-03-04;11;F;4;0;A;32;34;4
288728;2020-03-04;606;M;1;0;B;27;28;4
288759;2020-03-04;75;M;1;0;B;70;81;6
288800;2020-03-04;208;M;3;0;B;36;38;5
288830;2020-03-04;715;F;3;4;B;31;32;5
288855;2020-03-04;156;F;2;0;B;76;88;5
288911;2020-03-04;94;M;1;2;C;9;9;5
288919;2020-03-04;37;M;3;0;B;50;51;7
288962;2020-03-04;509;F;2;3;C;33;34;5
289039;2020-03-04;1;M;1;0;C;29;30;4
289132;2020-03-04;356;M;2;4;A;48;57;5
289195;2020-03-04;604;M;4;0;B;53;57;6
289250;2020-03-04;265;M;2;3;B;15;15;7
289318;2020-03-04;995;M;3;1;B;15;16;5
289378;2020-03-04;338;M;2;0;B;58;64;5
289419;2020-03-04;736;M;1;0;C;5;5;4
289448;2020-03-04;201;M;3;0;B;71;80;6
289494;2020-03-04;328;M;2;0;B;68;81;5
289516;2020-03-04;276;F;3;0;B;53;61;6
289608;2020-03-04;268;M;4;0;B;31;33;5
289705;2020-03-04;340;M;3;4;B;51;62;5
289758;2020-03-04;91;M;3;0;B;12;12;3
289814;2020-03-04;579;F;3;0;B;77;87;6
289831;2020-03-04;292;F;2;0;C;63;79;6
289844;2020-03-04;44;F;4;0;C;66;79;7
289855;2020-03-04;388;F;4;3;B;11;11;5
289861;2020-03-04;557;F;2;0;A;38;42;4
289890;2020-03-04;398;F;4;1;B;71;85;6
289923;2020-03-04;879;M;2;2;C;16;16;5
289997;2020-03-04;190;M;1;4;B;67;82;7
290085;2020-03-04;403;M;3;2;B;46;50;6
290182;2020-03-04;339;F;4;0;C;46;52;5
290214;2020-03-04;153;M;4;1;B;73;85;7
290219;2020-03-04;225;M;4;0;C;36;37;6
290298;2020-03-04;792;F;2;0;B;60;74;5
290388;2020-03-04;748;M;4;0;B;71;88;7
290406;2020-03-04;197;F;2;0;B;31;36;4
290452;2020-03-04;486;M;4;0;B;57;65;7
290493;2020-03-04;482;M;4;2;B;34;36;5
290586;2020-03-04;2;M;3;0;B;33;37;6
290589;2020-03-04;568;F;4;1;A;57;61;6
290686;2020-03-04;46;F;4;1;B;25;27;5
290691;2020-03-04;780;M;3;2;B;54;56;6
290765;2020-03-04;455;F;2;0;C;6;6;4
290831;2020-03-04;376;F;3;0;B;57;65;5
290832;2020-03-04;882;F;4;1;B;64;76;4
290915;2020-03-04;628;M;3;0;B;69;89;6
290967;2020-03-04;40;M;2;1;B;8;8;2
290995;2020-03-04;283;M;4;1;B;65;78;7
291060;2020-03-04;283;M;4;1;B;16;17;2
291148;2020-03-04;132;M;2;0;A;22;23;4
291198;2020-08-04;427;M;3;0;B;32;34;5
291202;2020-08-04;382;F;3;0;C;25;27;4
291284;2020-08-04;46;F;4;1;B;47;54;6
291383;2020-08-04;115;M;4;0;B;60;77;6
291389;2020-08-04;369;F;3;4;C;59;70;6
291435;2020-08-04;816;M;4;0;C;67;78;4
291461;2020-08-04;953;M;1;1;B;7;7;4
291548;2020-08-04;803;F;2;0;A;10;10;4
291604;2020-08-04;411;F;2;0;B;71;83;7
291630;2020-08-04;876;F;2;3;B;57;63;6
291646;2020-08-04;141;M;3;4;B;54;65;5
291737;2020-08-04;484;M;3;2;C;10;10;4
291763;2020-08-04;777;F;1;0;B;11;11;3
291852;2020-08-04;522;M;1;2;A;66;72;7
291941;2020-08-04;987;F;1;0;B;10;10;3
291974;2020-08-04;952;F;3;4;C;65;73;6
292060;2020-08-04;333;F;2;0;C;37;40;6
292088;2020-08-04;483;M;1;0;C;67;80;5
292163;2020-09-04;978;F;3;0;C;28;30;5
292169;2020-09-04;683;F;3;0;B;48;55;6
292253;2020-09-04;560;M;2;0;B;30;31;5
292280;2020-09-04;587;M;1;0;B;4;4;3
292365;2020-09-04;591;M;4;1;B;25;26;5
292460;2020-09-04;793;M;1;3;B;63;74;5
292514;2020-09-04;209;F;4;0;B;4;4;3
292527;2020-09-04;103;M;3;4;B;54;63;6
292564;2020-09-04;242;F;4;0;B;23;25;5
292613;2020-09-04;126;M;1;0;C;48;62;5
292622;2020-09-04;981;F;4;1;C;67;76;6
292718;2020-09-04;829;F;3;4;B;12;12;3
292754;2020-09-04;443;F;4;0;C;40;44;6
292795;2020-09-04;896;M;3;0;B;12;12;5
292823;2020-09-04;779;M;3;4;A;5;5;3
292827;2020-09-04;864;F;1;3;B;26;26;4
292829;2020-09-04;166;F;1;0;B;29;31;6
292885;2020-09-04;431;F;4;3;B;37;37;4
292946;2020-09-04;988;F;2;0;C;13;13;4
293013;2020-09-04;548;F;4;0;C;17;19;4
293094;2020-09-04;625;F;4;0;C;33;35;6
293123;2020-09-04;83;M;1;4;B;21;23;5
293136;2020-09-04;909;M;3;0;B;68;78;6
293220;2020-09-04;624;M;4;0;B;21;24;5
293275;2020-09-04;525;M;1;4;B;6;6;4
293361;2020-09-04;699;F;1;0;C;78;86;6
293383;2020-09-04;351;F;2;2;B;63;69;6
293454;2020-09-04;475;F;4;3;B;9;10;4
293510;2020-09-04;148;M;3;4;A;66;72;7
293573;2020-09-04;337;M;3;0;B;12;12;5
293584;2020-09-04;931;M;2;0;A;58;74;7
293682;2020-09-04;595;M;1;0;B;13;14;4
293704;2020-09-04;715;F;3;4;B;74;89;6
293714;2020-09-04;454;F;1;0;B;33;34;6
293785;2020-09-04;828;F;2;4;B;66;75;7
293882;2020-09-04;193;F;4;0;B;50;57;7
293893;2020-09-04;407;F;3;3;A;68;80;6
293944;2020-09-04;41;M;3;0;C;25;29;5
294039;2020-09-04;171;F;3;1;B;40;44;5
294085;2020-09-04;30;M;4;0;B;52;57;7
294154;2020-09-04;678;F;3;0;C;37;40;6
294248;2020-09-04;71;F;3;1;B;50;55;6
294267;2020-09-04;187;M;2;1;B;27;30;5
294327;2020-09-04;26;F;4;1;A;71;89;6
294337;2020-09-04;170;F;4;2;B;39;42;5
294391;2020-09-04;333;F;2;0;C;70;83;6
294471;2020-09-04;165;F;4;0;C;71;82;6
294492;2020-09-04;52;F;1;0;A;49;56;6
294555;2020-09-04;749;F;4;1;B;73;88;6
294653;2020-09-04;386;M;4;2;A;42;45;5
294690;2020-09-04;975;F;3;0;B;41;44;5
294736;2020-09-04;4;M;4;0;B;52;57;6
294829;2020-09-04;517;F;3;1;B;77;87;6
294887;2020-09-04;382;F;3;0;C;47;55;6
294899;2020-09-04;821;F;2;3;B;57;69;7
294922;2020-09-04;874;F;3;3;B;1;1;1
294970;2020-09-04;143;F;1;4;B;30;34;5
295040;2020-09-04;476;M;3;0;C;44;49;6
295125;2020-09-04;57;M;2;0;B;66;83;6
295161;2020-09-04;215;M;2;4;B;28;29;5
295172;2020-04-14;894;F;4;3;C;36;37;5
295256;2020-04-14;815;F;2;4;B;33;38;6
295271;2020-04-14;105;F;4;0;C;53;63;6
295343;2020-04-14;597;M;3;0;C;57;64;7
295415;2020-04-14;217;F;3;0;B;44;47;6
295461;2020-04-14;326;F;1;0;B;70;78;6
295508;2020-04-14;524;F;4;3;C;52;65;6
295570;2020-04-14;566;F;4;0;B;37;39;5
295619;2020-04-14;624;M;4;0;B;62;78;6
295704;2020-04-14;888;F;4;2;B;69;81;6
295803;2020-04-14;207;F;3;0;B;71;86;7
295820;2020-04-14;232;M;3;1;B;77;88;7
295887;2020-04-14;511;F;1;0;B;29;30;3
295928;2020-04-14;695;M;2;0;A;57;74;6
296007;2020-04-14;383;M;1;3;C;33;34;5
296088;2020-04-14;417;M;4;1;B;63;84;5
296174;2020-04-14;569;M;1;1;A;35;38;5
296245;2020-04-14;194;F;4;0;B;17;17;4
296330;2020-04-14;25;M;4;1;C;13;13;4
296391;2020-04-14;564;M;3;2;B;14;14;3
296419;2020-04-14;929;M;4;0;B;67;77;5
296467;2020-04-14;658;F;1;1;B;51;58;5
296546;2020-04-14;457;M;3;0;C;77;88;6
296572;2020-04-14;973;F;4;0;B;22;24;5
296645;2020-04-14;188;M;2;2;B;46;51;6
296738;2020-04-14;393;F;4;0;B;66;80;7
296803;2020-04-14;796;M;2;3;B;4;4;4
296864;2020-04-14;707;M;4;0;B;44;47;6
296905;2020-04-14;634;F;2;0;C;70;78;5
296960;2020-04-14;321;M;2;0;B;67;81;6
297021;2020-04-14;793;M;1;3;B;68;74;6
297116;2020-04-14;936;F;3;2;B;24;25;4
297133;2020-04-14;867;M;2;3;B;47;54;4
297204;2020-04-14;326;F;1;0;B;26;28;5
297300;2020-04-14;516;M;1;0;C;74;84;7
297305;2020-04-14;880;M;3;2;B;65;78;6
297367;2020-04-14;951;M;2;0;B;71;88;5
297466;2020-04-14;446;M;1;4;B;52;60;6
297562;2020-04-14;573;F;1;0;C;60;71;6
297585;2020-04-14;537;F;1;4;B;21;24;4
297640;2020-04-14;466;F;1;0;C;70;77;7
297736;2020-04-14;80;F;2;1;C;31;34;6
297808;2020-04-14;788;F;4;2;B;25;26;5
297822;2020-04-14;140;F;1;0;C;10;10;3
297860;2020-04-14;836;F;2;0;B;51;60;6
297915;2020-04-14;924;F;2;2;B;35;38;4
297986;2020-04-14;74;M;3;0;C;68;72;6
298033;2020-04-14;615;M;1;4;C;22;22;6
298047;2020-04-14;617;F;4;3;C;73;82;6
298052;2020-04-14;107;F;2;0;C;40;44;6
298064;2020-04-14;628;M;3;0;B;27;28;5
298101;2020-04-14;847;M;4;2;A;45;49;7
298149;2020-04-14;242;F;4;0;B;41;42;4
298162;2020-04-14;528;M;2;2;C;63;78;5
298195;2020-04-14;778;F;2;2;A;68;83;6
298278;2020-04-14;489;F;4;3;B;1;1;1
298368;2020-04-14;681;M;1;0;C;40;40;6
298384;2020-04-14;603;M;3;0;B;39;40;6
298457;2020-04-14;778;F;2;2;A;28;30;5
298493;2020-04-14;524;F;4;3;C;72;81;6
298538;2020-04-14;676;M;2;3;B;34;36;6
298636;2020-04-14;13;M;2;1;B;33;35;6
298715;2020-04-14;877;M;2;0;C;62;72;6
298770;2020-04-14;152;F;3;1;C;15;16;4
298856;2020-04-14;580;M;3;0;B;28;28;5
298915;2020-04-14;238;M;2;1;B;34;36;5
298963;2020-04-14;355;M;3;4;B;76;88;7
299062;2020-04-14;470;M;3;1;B;40;44;6
299117;2020-04-14;718;F;3;2;B;24;26;4
299198;2020-04-14;562;F;3;0;B;28;30;4
299264;2020-04-14;957;M;2;3;B;23;23;5
299284;2020-04-14;913;M;3;4;C;65;75;6
299304;2020-04-14;613;F;3;0;B;1;1;1
299361;2020-04-14;696;M;2;0;B;34;34;6
299376;2020-04-14;304;F;2;3;B;74;88;7
299393;2020-04-14;978;F;3;0;C;26;29;4
299457;2020-04-19;217;F;3;0;B;39;39;3
299554;2020-04-19;644;M;1;0;C;57;69;6
299613;2020-04-19;749;F;4;1;B;11;11;3
299667;2020-04-19;439;F;3;0;B;65;78;6
299743;2020-04-19;115;M;4;0;B;39;41;6
299788;2020-04-19;997;M;5;2;C;55;69;6
299833;2020-04-19;352;M;4;2;B;9;9;4
299842;2020-04-19;739;F;2;3;B;62;70;7
299859;2020-04-19;207;F;3;0;B;55;64;6
299902;2020-04-19;373;F;4;2;B;50;58;6
299915;2020-04-19;761;F;1;4;B;61;64;5
300007;2020-04-19;879;M;2;2;C;18;18;7
300010;2020-04-19;234;M;3;4;B;27;29;4
300094;2020-04-19;964;M;2;0;B;49;55;7
300182;2020-04-19;662;F;1;1;B;15;15;5
300278;2020-04-19;1;M;1;0;C;77;88;5
300279;2020-04-19;229;M;2;2;C;9;9;2
300374;2020-04-19;745;F;1;2;B;18;19;5
300425;2020-04-19;614;F;4;1;B;28;29;5
300462;2020-04-19;329;F;3;0;B;26;27;5
300491;2020-04-19;138;F;3;2;B;7;7;2
300569;2020-04-19;316;F;3;2;B;17;18;3
300643;2020-04-19;676;M;2;3;B;7;7;3
300685;2020-04-19;228;F;4;0;C;68;75;6
300705;2020-04-19;759;F;3;0;B;4;4;1
300789;2020-04-19;809;F;3;3;B;73;80;6
300849;2020-04-19;302;F;4;3;C;18;18;5
300928;2020-04-19;544;F;2;0;B;41;43;5
300950;2020-04-19;165;F;4;0;C;66;73;6
301030;2020-04-19;316;F;3;2;B;33;35;4
301094;2020-04-19;610;M;2;0;B;34;40;5
301167;2020-04-19;192;F;4;0;B;55;62;6
301231;2020-04-19;915;F;3;0;B;29;32;6
301290;2020-04-19;690;F;1;3;B;24;24;4
301325;2020-04-19;358;F;3;0;C;24;24;5
301387;2020-04-19;425;F;3;0;B;36;36;6
301419;2020-04-19;67;M;1;0;B;37;37;6
301504;2020-04-19;575;M;1;4;B;2;2;2
301550;2020-04-19;432;F;1;0;C;6;6;4
301580;2020-04-19;465;F;3;0;B;42;50;4
301608;2020-04-19;787;F;3;0;A;71;83;6
301636;2020-04-19;531;F;3;1;B;28;34;5
301680;2020-04-19;326;F;1;0;B;8;8;3
301713;2020-04-19;346;F;2;4;C;2;2;1
301790;2020-04-19;196;M;2;0;B;66;81;7
301824;2020-04-19;592;F;2;0;C;56;60;6
301891;2020-04-19;197;F;2;0;B;33;34;6
301971;2020-04-19;489;F;4;3;B;28;29;5
302029;2020-04-19;491;M;2;1;A;23;27;5
302086;2020-04-19;190;M;1;4;B;9;9;3
302146;2020-04-19;473;F;4;3;B;60;76;5
302187;2020-04-19;500;M;3;2;C;22;24;5
302277;2020-04-19;165;F;4;0;C;51;54;5
302350;2020-04-19;812;F;2;0;A;57;67;6
302420;2020-04-19;805;F;3;0;C;75;85;6
302472;2020-04-19;842;M;5;2;B;59;72;5
302515;2020-04-19;420;M;3;0;B;45;48;6
302535;2020-04-19;214;F;4;0;B;68;76;7
302608;2020-04-19;347;F;4;0;B;33;34;5
302695;2020-04-19;176;F;2;0;B;26;28;4
302758;2020-04-19;79;F;2;0;C;12;12;3
302785;2020-04-19;824;F;1;0;B;22;22;5
302791;2020-04-19;729;M;3;0;B;75;82;7
302848;2020-04-19;3;F;4;0;B;64;74;6
302930;2020-04-19;540;F;2;0;C;22;23;6
303025;2020-04-19;7;M;1;3;B;71;79;7
303058;2020-04-19;832;F;1;0;B;51;63;6
303074;2020-04-19;258;F;1;0;B;67;71;6
303171;2020-04-19;40;M;2;1;B;29;30;5
303265;2020-04-19;581;F;4;2;C;67;74;6
303295;2020-04-19;903;M;1;0;B;12;14;4
303307;2020-04-19;209;F;4;0;B;66;80;5
303373;2020-04-19;777;F;1;0;B;70;77;6
303457;2020-04-19;733;M;4;0;B;38;44;6
303502;2020-04-19;893;F;1;0;B;34;40;6
303601;2020-04-24;549;M;2;3;C;46;50;5
303699;2020-04-24;503;F;2;1;B;43;49;5
303745;2020-04-24;204;F;3;3;B;26;28;6
303783;2020-04-24;455;F;2;0;C;51;56;5
303835;2020-04-24;617;F;4;3;C;36;42;6
303894;2020-04-24;929;M;4;0;B;29;32;5
303923;2020-04-24;567;F;1;0;C;62;72;5
303945;2020-04-24;730;F;2;0;B;59;73;6
304012;2020-04-24;380;M;3;4;B;47;52;4
304095;2020-04-24;902;F;2;1;B;25;26;6
304140;2020-04-24;921;M;2;3;B;45;51;5
304206;2020-04-24;427;M;3;0;B;68;87;7
304225;2020-04-24;941;M;2;3;B;55;68;5
304239;2020-04-24;397;F;1;0;B;68;76;5
304272;2020-04-24;255;M;4;0;B;4;4;2
304303;2020-04-24;687;M;2;3;C;37;38;6
304399;2020-04-24;693;F;4;0;B;54;60;6
304478;2020-04-24;480;F;2;0;C;65;74;7
304541;2020-04-24;287;F;1;0;B;60;74;5
304603;2020-04-24;70;F;4;0;B;68;81;7
304615;2020-04-24;235;F;4;0;B;57;67;6
304623;2020-04-24;167;M;1;1;A;33;35;5
304707;2020-04-24;959;M;5;1;B;48;54;5
304713;2020-04-24;524;F;4;3;C;72;85;6
304756;2020-04-24;869;F;3;0;B;3;3;3
304852;2020-04-24;516;M;1;0;C;59;66;5
304892;2020-04-24;19;F;2;2;C;71;87;7
304941;2020-04-24;699;F;1;0;C;22;23;5
305011;2020-04-24;108;M;1;0;B;74;87;5
305046;2020-04-24;786;F;1;4;C;18;21;4
305105;2020-04-24;327;M;4;2;A;28;30;5
305142;2020-04-24;147;M;1;0;A;9;9;4
305206;2020-04-24;974;M;4;1;B;35;38;5
305258;2020-04-24;76;M;3;0;A;29;31;6
305349;2020-04-24;809;F;3;3;B;74;88;6
305381;2020-04-24;713;F;1;3;C;16;18;4
305417;2020-04-24;767;F;1;0;B;19;22;4
305497;2020-04-24;348;F;3;0;A;70;83;6
305564;2020-04-24;878;F;4;3;C;25;28;6
305595;2020-04-24;341;M;2;0;C;59;60;7
305597;2020-04-24;646;F;1;0;B;44;48;5
305605;2020-04-24;639;M;2;0;C;46;52;5
305694;2020-04-24;749;F;4;1;B;46;50;7
305766;2020-04-24;304;F;2;3;B;37;41;5
305795;2020-04-28;153;M;4;1;B;76;85;6
305874;2020-04-28;869;F;3;0;B;26;30;6
305937;2020-04-28;114;F;3;3;B;41;45;5
305953;2020-04-28;611;M;4;0;B;61;69;5
306039;2020-04-28;798;M;5;2;B;58;74;5
306128;2020-04-28;824;F;1;0;B;41;48;6
306131;2020-04-28;846;F;4;3;C;6;6;4
306193;2020-04-28;245;F;4;3;B;23;25;5
306229;2020-04-28;415;F;3;0;B;29;33;5
306262;2020-04-28;422;F;2;4;C;65;71;6
306289;2020-04-28;458;F;3;4;C;25;26;4
306373;2020-04-28;408;F;4;0;B;27;28;3
306389;2020-04-28;386;M;4;2;A;33;38;5
306391;2020-04-28;552;M;4;0;B;34;38;5
306406;2020-04-28;139;F;3;3;B;49;57;5
306458;2020-04-28;933;M;2;2;B;29;30;5
306526;2020-04-28;642;M;2;3;B;23;26;5
306541;2020-04-28;130;F;1;0;B;63;78;5
306601;2020-04-28;993;M;5;1;B;58;68;5
306651;2020-04-28;195;M;4;0;B;60;66;7
306707;2020-04-28;798;M;5;2;B;7;7;3
306772;2020-04-28;307;M;1;0;B;57;71;5
306804;2020-04-28;81;F;2;0;B;61;74;6
306855;2020-04-28;469;M;4;2;C;69;79;7
306905;2020-04-28;304;F;2;3;B;51;56;6
306971;2020-04-28;474;M;2;0;B;74;89;6
307044;2020-04-28;638;M;3;1;B;11;12;3
307081;2020-04-28;779;M;3;4;A;68;78;6
307096;2020-04-28;155;F;2;0;B;25;26;4
307124;2020-04-28;299;F;3;1;C;68;79;7
307223;2020-04-28;723;M;4;0;B;43;51;4
307280;2020-04-28;13;M;2;1;B;37;40;4
307351;2020-04-28;239;M;4;2;C;46;60;5
307403;2020-04-28;355;M;3;4;B;74;88;7
307417;2020-04-28;90;F;2;2;B;27;31;4
307487;2020-04-28;53;M;1;1;B;46;56;5
307532;2020-04-28;371;F;4;0;B;2;2;2
307628;2020-04-28;868;M;4;0;B;30;30;7
307667;2020-04-28;231;F;4;2;B;29;29;6
307703;2020-04-28;23;M;3;0;B;61;74;6
307750;2020-04-28;203;F;3;0;A;51;58;5
307840;2020-04-28;962;M;3;4;B;36;40;4
307923;2020-04-28;845;F;3;3;C;5;6;3
307929;2020-04-28;278;F;3;2;C;32;36;4
307963;2020-04-28;367;F;1;0;A;34;37;5
307971;2020-04-28;16;M;1;4;C;29;31;4
307993;2020-04-28;555;M;4;3;A;75;87;6
308060;2020-04-28;629;M;3;0;C;4;4;4
308150;2020-04-28;174;M;4;3;C;3;3;3
308175;2020-04-28;984;F;4;3;B;71;82;7
308245;2020-04-28;486;M;4;0;B;62;67;5
308270;2020-04-28;609;F;4;0;C;41;45;6
308284;2020-04-28;805;F;3;0;C;31;31;6
308357;2020-04-28;302;F;4;3;C;6;6;2
308449;2020-04-28;43;M;2;0;B;32;33;6
308492;2020-04-28;826;F;2;0;C;37;37;5
308506;2020-04-28;924;F;2;2;B;68;82;5
308543;2020-04-28;775;F;2;3;B;14;15;4
308619;2020-04-28;84;F;3;0;C;74;83;5
308641;2020-04-28;627;M;3;1;B;66;79;7
308695;2020-04-28;796;M;2;3;B;11;12;4
308780;2020-04-28;584;M;3;0;B;70;79;6
308817;2020-04-28;222;F;4;0;B;7;7;3
308890;2020-04-28;151;F;1;0;B;30;33;6
308936;2020-04-28;783;F;1;0;B;22;23;4
308955;2020-04-28;237;F;4;3;C;7;7;3
308964;2020-04-28;754;F;3;4;B;70;88;5
309006;2020-04-28;236;M;2;2;C;37;41;6
309036;2020-04-28;540;F;2;0;C;39;44;6
309075;2020-04-28;853;M;5;2;A;47;48;5
309117;2020-04-28;369;F;3;4;C;45;48;5
309202;2020-04-28;99;F;1;4;C;58;67;5
309260;2020-04-28;570;F;4;1;C;25;26;6
309350;2020-04-28;614;F;4;1;B;8;8;4
309440;2020-04-28;248;M;3;0;C;67;77;6
309453;2020-04-28;952;F;3;4;C;52;56;7
309498;2020-04-28;857;F;2;2;B;8;9;2
309506;2020-04-28;329;F;3;0;B;33;34;5
309587;2020-04-28;433;M;3;3;B;24;24;6
309652;2020-04-28;149;M;1;3;A;23;24;5
309683;2020-04-28;911;F;2;0;B;71;78;6
309782;2020-04-28;774;F;2;0;B;17;17;5
309784;2020-04-28;149;M;1;3;A;74;86;6
309818;2020-04-28;161;M;5;2;B;37;41;6
309860;2020-04-28;975;F;3;0;B;49;54;6
309885;2020-04-28;46;F;4;1;B;29;32;5
309887;2020-04-28;958;M;2;3;B;8;8;4
309914;2020-04-28;899;F;4;0;C;64;85;6
309995;2020-04-28;421;M;3;3;C;37;40;6
310047;2020-04-28;218;M;4;0;B;32;33;5
310094;2020-04-28;102;F;1;2;C;55;64;6
310098;2020-04-28;300;F;1;3;C;23;24;5
310106;2020-04-28;916;F;3;4;C;63;73;5
310144;2020-04-29;199;M;3;3;B;46;51;6
310169;2020-04-29;763;F;4;0;B;36;38;6
310229;2020-04-29;825;M;1;2;C;43;46;7
310297;2020-04-29;207;F;3;0;B;75;84;6
310298;2020-04-29;851;F;2;0;B;22;25;4
310351;2020-04-29;585;F;2;4;B;66;76;7
310368;2020-04-29;638;M;3;1;B;49;55;6
310422;2020-04-29;789;F;5;1;B;38;41;5
310490;2020-04-29;358;F;3;0;C;43;46;6
310546;2020-04-29;367;F;1;0;A;22;23;4
310594;2020-04-29;555;M;4;3;A;35;41;6
310620;2020-04-29;5;F;4;3;C;40;49;5
310627;2020-04-29;620;M;2;0;B;64;74;6
310681;2020-04-29;59;M;2;0;A;6;6;3
310769;2020-04-29;617;F;4;3;C;61;73;7
310814;2020-02-05;372;M;1;4;B;7;8;3
310864;2020-02-05;836;F;2;0;B;41;43;6
310935;2020-02-05;877;M;2;0;C;51;62;4
310984;2020-02-05;413;M;3;2;B;14;15;3
311078;2020-02-05;563;M;3;0;B;23;24;6
311123;2020-02-05;17;M;4;0;B;49;53;6
311153;2020-02-05;801;M;1;4;B;50;61;4
311235;2020-02-05;900;F;3;0;B;34;37;7
311241;2020-02-05;787;F;3;0;A;38;47;5
311339;2020-02-05;134;F;3;0;B;52;60;5
311353;2020-02-05;267;F;4;2;B;9;9;2
311383;2020-02-05;572;M;1;0;C;40;45;5
311442;2020-02-05;180;M;3;4;B;24;25;5
311468;2020-02-05;563;M;3;0;B;51;61;6
311469;2020-02-05;100;F;2;3;C;53;69;7
311512;2020-02-05;120;F;4;3;A;25;25;6
311520;2020-02-05;194;F;4;0;B;57;67;6
311545;2020-02-05;642;M;2;3;B;71;85;7
311594;2020-02-05;846;F;4;3;C;70;88;6
311598;2020-02-05;972;M;4;0;C;33;40;5
311650;2020-02-05;318;M;1;2;B;21;24;5
311684;2020-02-05;944;F;3;1;B;58;68;5
311702;2020-02-05;612;F;3;4;B;60;70;6
311770;2020-02-05;319;M;1;4;B;33;38;4
311814;2020-02-05;876;F;2;3;B;72;86;6
311873;2020-02-05;248;M;3;0;C;21;24;5
311910;2020-02-05;315;F;3;0;B;14;16;5
311923;2020-02-05;192;F;4;0;B;16;17;4
311945;2020-02-05;858;F;4;2;C;51;55;7
311964;2020-02-05;354;F;2;0;B;3;3;1
312026;2020-02-05;433;M;3;3;B;42;48;5
312050;2020-02-05;717;F;3;0;B;46;49;5
312083;2020-02-05;651;F;2;0;B;34;36;6
312150;2020-02-05;1000;F;4;1;B;6;6;3
312166;2020-02-05;98;M;1;0;B;24;25;4
312183;2020-02-05;42;M;2;2;B;24;25;5
312237;2020-02-05;426;F;3;0;C;27;31;5
312276;2020-02-05;976;M;4;2;B;43;44;6
312368;2020-02-05;409;F;3;4;B;64;79;5
312466;2020-02-05;89;F;3;3;C;72;83;6
312502;2020-04-05;813;F;4;0;C;54;63;5
312563;2020-04-05;469;M;4;2;C;12;12;4
312660;2020-04-05;295;F;1;3;B;1;1;1
312665;2020-04-05;991;F;2;2;C;32;33;5
312699;2020-04-05;367;F;1;0;A;58;67;6
312701;2020-04-05;756;F;1;4;B;57;63;5
312775;2020-04-05;614;F;4;1;B;11;12;3
312799;2020-04-05;658;F;1;1;B;58;68;5
312832;2020-04-05;272;M;4;3;C;24;25;6
312842;2020-04-05;465;F;3;0;B;72;84;6
312883;2020-04-05;527;F;4;1;B;6;6;2
312967;2020-04-05;723;M;4;0;B;52;60;5
313058;2020-08-05;754;F;3;4;B;41;49;4
313104;2020-08-05;108;M;1;0;B;42;47;5
313201;2020-08-05;695;M;2;0;A;74;87;6
313300;2020-08-05;856;F;5;1;B;70;86;6
313350;2020-08-05;932;M;4;1;B;17;18;5
313413;2020-08-05;73;M;1;0;A;26;27;4
313466;2020-08-05;7;M;1;3;B;69;89;7
313536;2020-08-05;761;F;1;4;B;46;61;6
313572;2020-08-05;159;M;1;0;C;30;31;4
313662;2020-08-05;648;M;1;0;B;10;12;4
313760;2020-08-05;919;F;2;0;C;69;79;6
313851;2020-08-05;597;M;3;0;C;46;49;7
313888;2020-08-05;730;F;2;0;B;75;84;6
313954;2020-08-05;793;M;1;3;B;18;19;4
314035;2020-08-05;497;M;3;0;B;39;45;6
314103;2020-08-05;315;F;3;0;B;62;70;5
314157;2020-08-05;556;F;4;0;B;59;72;6
314224;2020-08-05;476;M;3;0;C;16;16;5
314299;2020-08-05;562;F;3;0;B;59;68;6
314386;2020-08-05;853;M;5;2;A;15;16;5
314417;2020-08-05;509;F;2;3;C;57;63;6
314436;2020-08-05;761;F;1;4;B;30;34;5
314476;2020-08-05;431;F;4;3;B;11;11;3
314478;2020-08-05;658;F;1;1;B;47;53;5
314481;2020-08-05;629;M;3;0;C;13;14;5
314502;2020-08-05;527;F;4;1;B;31;34;6
314581;2020-08-05;300;F;1;3;C;15;16;3
314583;2020-08-05;299;F;3;1;C;70;82;5
314657;2020-08-05;404;M;4;0;B;39;45;4
314755;2020-08-05;359;F;1;0;B;41;51;5
314772;2020-08-05;696;M;2;0;B;55;66;5
314773;2020-08-05;926;M;1;0;B;26;28;5
314866;2020-08-05;509;F;2;3;C;21;21;5
314945;2020-08-05;804;F;4;3;B;23;23;6
314981;2020-08-05;436;M;2;4;B;41;43;6
315060;2020-08-05;625;F;4;0;C;70;76;5
315144;2020-08-05;940;F;1;3;B;39;45;5
315173;2020-08-05;687;M;2;3;C;1;1;1
315256;2020-08-05;776;F;2;0;B;74;78;6
315350;2020-08-05;210;M;2;2;C;18;18;4
315395;2020-08-05;386;M;4;2;A;6;6;3
315470;2020-08-05;176;F;2;0;B;40;44;5
315509;2020-08-05;947;F;3;1;B;51;61;7
315552;2020-08-05;233;M;3;0;B;51;57;6
315629;2020-08-05;36;F;3;0;C;37;41;4
315662;2020-08-05;439;F;3;0;B;65;73;6
315686;2020-08-05;651;F;2;0;B;9;9;5
315777;2020-08-05;951;M;2;0;B;68;83;7
315804;2020-08-05;60;F;2;3;B;44;46;4
315808;2020-10-05;836;F;2;0;B;33;36;5
315862;2020-10-05;571;F;2;0;B;48;54;5
315921;2020-10-05;80;F;2;1;C;5;5;3
315970;2020-10-05;418;M;2;2;A;37;40;4
316013;2020-10-05;838;F;1;0;C;60;63;6
316100;2020-10-05;797;M;2;4;B;8;9;3
316170;2020-10-05;537;F;1;4;B;68;87;6
316255;2020-10-05;847;M;4;2;A;35;37;5
316270;2020-10-05;422;F;2;4;C;55;66;4
316272;2020-10-05;652;F;4;0;B;20;22;5
316274;2020-10-05;596;M;2;0;B;65;73;6
316343;2020-10-05;540;F;2;0;C;58;68;7
316441;2020-10-05;299;F;3;1;C;39;41;6
316529;2020-10-05;73;M;1;0;A;34;40;5
316566;2020-10-05;459;F;3;2;B;9;9;4
316629;2020-10-05;921;M;2;3;B;50;57;6
316707;2020-10-05;312;M;1;0;A;54;62;6
316765;2020-10-05;395;F;4;1;B;38;45;6
316780;2020-10-05;606;M;1;0;B;12;13;3
316844;2020-10-05;720;M;2;3;B;2;2;2
316879;2020-10-05;731;M;3;4;B;34;41;4
316888;2020-10-05;932;M;4;1;B;32;33;5
316962;2020-10-05;396;F;1;0;B;73;83;6
316976;2020-10-05;407;F;3;3;A;58;67;6
317014;2020-10-05;793;M;1;3;B;50;57;6
317083;2020-10-05;201;M;3;0;B;6;6;2
317150;2020-10-05;550;M;4;0;B;41;50;6
317197;2020-10-05;448;F;2;0;A;40;40;6
317198;2020-10-05;70;F;4;0;B;33;39;5
317227;2020-10-05;301;F;3;0;C;55;62;5
317284;2020-10-05;372;M;1;4;B;33;35;6
317292;2020-10-05;289;F;3;4;C;56;64;6
317325;2020-10-05;418;M;2;2;A;54;62;6
317352;2020-10-05;166;F;1;0;B;78;89;6
317395;2020-10-05;198;M;4;0;B;6;6;2
317464;2020-10-05;11;F;4;0;A;56;70;6
317541;2020-10-05;696;M;2;0;B;8;8;3
317603;2020-10-05;888;F;4;2;B;34;39;6
317653;2020-10-05;521;F;1;0;A;56;70;7
317752;2020-10-05;538;M;3;0;B;69;89;6
317778;2020-10-05;755;M;3;4;B;4;4;2
317820;2020-10-05;734;F;4;2;B;4;4;2
317827;2020-10-05;276;F;3;0;B;43;45;5
317885;2020-10-05;521;F;1;0;A;36;40;4
317978;2020-10-05;22;M;1;0;B;26;26;5
318050;2020-10-05;985;M;1;0;B;64;76;7
318141;2020-10-05;955;F;3;2;C;47;58;6
318176;2020-10-05;300;F;1;3;C;5;5;3
318247;2020-10-05;411;F;2;0;B;48;55;5
318263;2020-10-05;591;M;4;1;B;15;16;4
318359;2020-10-05;962;M;3;4;B;59;64;5
318424;2020-10-05;29;M;2;0;B;42;43;5
318508;2020-10-05;564;M;3;2;B;34;35;6
318548;2020-10-05;736;M;1;0;C;62;71;6
318632;2020-10-05;144;M;1;0;B;66;85;7
318681;2020-10-05;937;M;3;4;C;61;73;6
318719;2020-10-05;299;F;3;1;C;42;43;5
318759;2020-10-05;775;F;2;3;B;27;27;4
318846;2020-10-05;701;M;3;0;B;25;25;6
318860;2020-10-05;320;M;3;4;B;2;2;2
318921;2020-10-05;880;M;3;2;B;74;89;5
319000;2020-10-05;676;M;2;3;B;32;37;4
319079;2020-10-05;799;M;4;3;C;17;17;4
319099;2020-10-05;159;M;1;0;C;48;53;6
319100;2020-10-05;163;F;3;0;A;57;67;6
319176;2020-10-05;784;F;1;3;B;13;14;4
319207;2020-10-05;200;F;3;0;B;69;80;6
319260;2020-10-05;562;F;3;0;B;60;69;6
319305;2020-10-05;48;M;4;1;B;8;8;4
319336;2020-10-05;823;M;5;3;B;45;49;5
319430;2020-10-05;215;M;2;4;B;57;66;6
319503;2020-10-05;326;F;1;0;B;16;16;4
319561;2020-10-05;673;F;5;1;B;61;66;6
319632;2020-10-05;757;F;4;3;C;23;25;5
319674;2020-10-05;647;M;1;0;C;26;28;5
319710;2020-10-05;434;M;1;4;B;14;14;4
319745;2020-10-05;131;F;2;0;C;77;87;6
319831;2020-10-05;861;M;3;0;B;11;11;4
319877;2020-10-05;622;F;3;0;B;42;48;6
319913;2020-10-05;360;M;4;0;B;31;32;6
319994;2020-10-05;717;F;3;0;B;53;62;6
320024;2020-10-05;251;F;2;0;C;66;74;6
320057;2020-10-05;399;F;4;1;C;30;33;5
320115;2020-10-05;785;M;1;4;C;78;89;6
320187;2020-05-13;422;F;2;4;C;42;46;6
320208;2020-05-13;727;M;4;2;C;59;71;6
320268;2020-05-13;957;M;2;3;B;37;42;5
320290;2020-05-13;431;F;4;3;B;23;23;3
320305;2020-05-13;295;F;1;3;B;71;80;6
320319;2020-05-13;137;F;4;1;B;15;16;3
320346;2020-05-13;178;M;3;0;A;32;32;5
320365;2020-05-13;72;F;2;0;A;44;48;7
320404;2020-05-13;487;F;3;0;C;22;23;4
320405;2020-05-13;382;F;3;0;C;39;42;6
320485;2020-05-13;189;F;3;4;C;69;83;6
320514;2020-05-13;187;M;2;1;B;68;82;4
320612;2020-05-13;141;M;3;4;B;52;57;6
320633;2020-05-13;646;F;1;0;B;29;29;5
320678;2020-05-13;910;M;2;2;B;42;47;5
320708;2020-05-13;970;M;2;4;B;14;16;3
320714;2020-05-13;510;F;4;0;B;37;40;5
320805;2020-05-13;121;F;1;2;B;8;8;2
320885;2020-05-13;449;F;2;3;B;43;46;7
320983;2020-05-13;515;M;4;0;A;66;79;5
321028;2020-05-13;315;F;3;0;B;38;45;5
321099;2020-05-13;544;F;2;0;B;59;70;5
321117;2020-05-13;656;M;2;0;C;48;58;6
321141;2020-05-13;838;F;1;0;C;16;16;5
321231;2020-05-13;563;M;3;0;B;51;56;6
321288;2020-05-13;561;M;2;0;B;15;15;4
321314;2020-05-13;368;M;4;0;C;63;71;6
321407;2020-05-13;572;M;1;0;C;44;50;5
321480;2020-05-13;498;M;3;2;B;25;26;5
321501;2020-05-13;796;M;2;3;B;35;41;4
321553;2020-05-13;361;F;1;0;C;73;87;6
321620;2020-05-13;19;F;2;2;C;61;73;5
321655;2020-05-13;949;M;1;0;B;70;78;7
321754;2020-05-13;201;M;3;0;B;58;68;6
321786;2020-05-13;681;M;1;0;C;18;19;6
321807;2020-05-13;813;F;4;0;C;29;30;5
321881;2020-05-13;172;M;2;0;B;6;6;2
321978;2020-05-13;376;F;3;0;B;12;13;3
322049;2020-05-13;375;M;4;0;B;47;50;6
322140;2020-05-13;762;F;2;0;B;61;72;6
322236;2020-05-13;424;M;1;4;B;74;85;6
322266;2020-05-13;592;F;2;0;C;39;41;6
322296;2020-05-13;76;M;3;0;A;28;30;4
322387;2020-05-13;604;M;4;0;B;61;69;5
322403;2020-05-13;323;M;1;3;B;59;70;6
322476;2020-05-13;430;F;4;1;B;72;83;6
322504;2020-05-13;714;M;1;0;B;15;16;3
322505;2020-05-13;37;M;3;0;B;1;1;1
322539;2020-05-13;278;F;3;2;C;58;68;7
322610;2020-05-13;11;F;4;0;A;64;74;5
322672;2020-05-13;297;M;4;0;B;33;33;5
322728;2020-05-13;413;M;3;2;B;41;42;5
322745;2020-05-20;773;M;4;0;B;4;4;3
322793;2020-05-20;966;F;4;2;B;28;29;5
322796;2020-05-20;441;M;4;2;B;39;44;4
322894;2020-05-20;209;F;4;0;B;7;7;4
322940;2020-05-20;44;F;4;0;C;72;83;5
322968;2020-05-20;324;F;3;3;B;63;68;5
323002;2020-05-20;63;F;3;0;B;28;31;4
323076;2020-05-20;955;F;3;2;C;40;45;6
323116;2020-05-20;60;F;2;3;B;71;86;5
323207;2020-05-20;702;M;1;0;B;31;31;6
323256;2020-05-20;291;F;3;0;C;24;26;3
323322;2020-05-20;670;M;4;0;C;34;35;6
323355;2020-05-20;329;F;3;0;B;66;76;7
323437;2020-05-20;186;M;2;4;C;44;52;7
323442;2020-05-20;975;F;3;0;B;74;80;7
323465;2020-05-20;469;M;4;2;C;28;30;4
323543;2020-05-20;270;F;3;1;B;59;63;6
323548;2020-05-20;837;F;2;0;C;8;8;3
323624;2020-05-20;652;F;4;0;B;63;69;6
323672;2020-05-20;212;F;2;1;B;36;40;5
323715;2020-05-20;889;F;3;4;B;14;15;4
323719;2020-05-20;777;F;1;0;B;42;44;5
323813;2020-05-20;443;F;4;0;C;52;60;5
323826;2020-05-20;840;F;3;3;C;17;18;4
323837;2020-05-20;345;F;2;3;B;1;1;1
323933;2020-05-20;583;F;2;0;B;11;11;3
324015;2020-05-20;210;M;2;2;C;5;5;3
324070;2020-05-20;149;M;1;3;A;26;29;6
324076;2020-05-20;976;M;4;2;B;64;76;6
324110;2020-05-20;270;F;3;1;B;47;56;6
324142;2020-05-20;466;F;1;0;C;50;56;4
324231;2020-05-20;311;F;4;0;C;60;68;6
324283;2020-05-20;78;M;1;0;B;61;73;7
324291;2020-05-20;142;F;1;0;B;11;11;4
324367;2020-05-20;793;M;1;3;B;35;42;6
324417;2020-05-20;118;M;2;4;A;26;28;6
324445;2020-05-20;425;F;3;0;B;61;72;6
324541;2020-05-20;515;M;4;0;A;29;30;5
324571;2020-05-20;32;F;1;0;B;52;59;6
324598;2020-05-20;812;F;2;0;A;51;60;6
324687;2020-05-20;403;M;3;2;B;41;45;6
324709;2020-05-20;840;F;3;3;C;4;5;2
324802;2020-05-20;686;F;3;2;A;70;86;5
324844;2020-05-20;452;M;1;3;B;40;41;6
324885;2020-05-20;440;F;4;0;C;34;35;5
324891;2020-05-20;983;F;4;0;C;16;16;4
324959;2020-05-20;102;F;1;2;C;54;56;6
325016;2020-05-20;251;F;2;0;C;26;29;5
325101;2020-05-20;186;M;2;4;C;11;11;5
325130;2020-05-20;199;M;3;3;B;44;48;6
325218;2020-05-20;996;F;1;4;B;18;21;4
325279;2020-05-20;798;M;5;2;B;30;32;5
325283;2020-05-20;543;M;2;2;B;9;9;3
325305;2020-05-20;320;M;3;4;B;48;52;5
325309;2020-05-20;618;M;4;3;B;69;85;6
325318;2020-05-20;918;F;2;4;C;17;17;4
325373;2020-05-20;53;M;1;1;B;42;45;5
325401;2020-05-20;950;M;3;0;C;45;50;6
325462;2020-05-20;388;F;4;3;B;13;14;3
325487;2020-05-20;531;F;3;1;B;56;64;6
325509;2020-05-20;313;M;3;0;B;34;35;5
325603;2020-05-20;727;M;4;2;C;21;21;5
325642;2020-05-20;388;F;4;3;B;57;64;6
325689;2020-05-20;964;M;2;0;B;34;36;5
325783;2020-05-20;264;F;4;1;B;43;53;7
325882;2020-05-20;160;F;3;4;B;23;26;5
325928;2020-05-20;185;F;3;0;C;68;80;7
325970;2020-05-20;954;F;4;2;B;57;65;5
325979;2020-05-20;181;F;2;2;B;49;55;6
325985;2020-05-20;113;F;3;0;B;36;37;5
326025;2020-05-20;609;F;4;0;C;64;75;6
326119;2020-05-20;128;F;2;0;B;19;20;5
326207;2020-05-20;804;F;4;3;B;21;23;4
326256;2020-05-20;473;F;4;3;B;34;35;5
326337;2020-05-20;553;F;4;0;B;29;32;5
326408;2020-05-20;728;M;2;0;A;64;74;5
326463;2020-05-20;959;M;5;1;B;24;25;5
326472;2020-05-20;16;M;1;4;C;67;81;7
326560;2020-05-20;160;F;3;4;B;11;12;4
326566;2020-05-20;213;M;2;4;B;49;52;6
326574;2020-05-20;378;F;2;0;C;35;36;5
326613;2020-05-20;133;F;2;0;B;30;33;5
326623;2020-05-20;247;M;1;0;B;50;52;6
326710;2020-05-20;973;F;4;0;B;62;73;5
326771;2020-05-20;893;F;1;0;B;30;32;4
326865;2020-05-20;241;M;4;1;B;65;75;5
326874;2020-05-27;237;F;4;3;C;33;37;5
326964;2020-05-27;209;F;4;0;B;68;83;7
326985;2020-05-27;849;F;5;1;B;18;19;4
327043;2020-05-27;502;M;4;0;C;70;78;7
327115;2020-05-27;217;F;3;0;B;71;84;6
327134;2020-05-27;104;F;3;2;B;24;26;5
327172;2020-05-27;117;M;2;3;B;67;79;6
327196;2020-05-27;396;F;1;0;B;49;54;5
327235;2020-05-27;741;M;3;0;B;11;11;5
327325;2020-05-27;122;M;3;3;B;40;50;4
327379;2020-05-27;517;F;3;1;B;65;81;6
327423;2020-05-27;114;F;3;3;B;36;41;6
327425;2020-05-27;390;F;2;0;B;36;38;6
327459;2020-05-27;584;M;3;0;B;22;23;4
327470;2020-05-27;606;M;1;0;B;29;30;5
327548;2020-05-27;265;M;2;3;B;37;41;7
327623;2020-05-27;525;M;1;4;B;71;85;7
327672;2020-05-27;942;M;1;0;B;30;32;5
327707;2020-05-27;356;M;2;4;A;15;16;3
327749;2020-05-27;490;F;2;4;C;3;3;2
327826;2020-05-27;443;F;4;0;C;44;50;7
327910;2020-05-27;762;F;2;0;B;51;58;5
327983;2020-05-27;752;M;3;0;C;12;12;4
328054;2020-05-27;517;F;3;1;B;9;9;4
328099;2020-05-27;483;M;1;0;C;37;38;5
328129;2020-05-27;389;F;3;0;C;43;44;5
328144;2020-05-27;467;F;2;2;B;53;60;5
328147;2020-05-27;170;F;4;2;B;8;9;4
328190;2020-05-27;737;F;2;1;C;63;79;6
328288;2020-05-27;153;M;4;1;B;43;46;6
328373;2020-05-27;122;M;3;3;B;64;70;6
328447;2020-05-27;147;M;1;0;A;30;32;3
328494;2020-05-27;701;M;3;0;B;42;48;5
328508;2020-05-27;781;M;4;0;B;31;33;6
328573;2020-05-27;548;F;4;0;C;27;29;5
328642;2020-05-27;886;F;5;1;B;69;82;5
328674;2020-05-27;182;F;1;4;B;61;69;6
328742;2020-05-27;593;M;4;1;B;37;44;5
328802;2020-05-27;398;F;4;1;B;37;43;7
328880;2020-05-27;888;F;4;2;B;59;70;6
328949;2020-05-27;181;F;2;2;B;62;70;6
328971;2020-05-27;120;F;4;3;A;43;49;7
328981;2020-05-27;427;M;3;0;B;10;10;4
329065;2020-05-27;794;M;1;2;B;66;79;6
329161;2020-05-27;355;M;3;4;B;3;3;2
329189;2020-05-27;70;F;4;0;B;61;67;5
329228;2020-05-27;307;M;1;0;B;24;24;5
329308;2020-05-27;133;F;2;0;B;65;76;7
329359;2020-05-27;962;M;3;4;B;34;34;5
329446;2020-05-27;265;M;2;3;B;52;61;5
329523;2020-05-27;526;M;2;2;B;3;3;2
329526;2020-05-27;696;M;2;0;B;12;12;4
329594;2020-05-27;708;F;2;2;B;36;42;4
329683;2020-05-27;697;M;3;0;C;2;2;2
329710;2020-05-27;389;F;3;0;C;52;63;5
329747;2020-05-27;671;M;2;0;C;56;62;5
329806;2020-05-27;680;F;3;0;C;32;35;6
329844;2020-05-27;690;F;1;3;B;44;49;6
329900;2020-05-27;868;M;4;0;B;10;10;5
329978;2020-05-27;141;M;3;4;B;55;60;6
330040;2020-05-27;392;M;2;2;C;18;18;5
330069;2020-05-27;142;F;1;0;B;31;35;6
330104;2020-05-27;18;M;4;0;C;38;44;6
330129;2020-05-27;256;F;4;0;B;3;3;3
330223;2020-05-27;49;M;2;0;C;26;27;5
330313;2020-05-27;141;M;3;4;B;6;6;2
330330;2020-05-27;516;M;1;0;C;67;80;6
330354;2020-05-27;260;F;2;0;C;8;8;3
330383;2020-05-27;563;M;3;0;B;69;78;7
330459;2020-05-27;898;F;4;0;C;24;24;6
330540;2020-05-27;634;F;2;0;C;36;38;5
330591;2020-05-27;270;F;3;1;B;46;47;5
330663;2020-05-27;245;F;4;3;B;68;82;7
330720;2020-05-27;698;F;2;0;B;22;24;3
330761;2020-05-27;334;M;3;0;C;15;16;3
330848;2020-05-27;481;M;3;0;B;16;16;4
330864;2020-05-27;484;M;3;2;C;68;81;6
330907;2020-05-27;103;M;3;4;B;68;89;6
330999;2020-05-27;42;M;2;2;B;55;63;6
331082;2020-05-27;485;M;3;3;B;69;86;6
331166;2020-05-27;258;F;1;0;B;19;20;3
331255;2020-05-27;199;M;3;3;B;17;17;5
331281;2020-05-27;127;F;4;2;C;46;52;5
331377;2020-05-27;912;F;4;0;C;64;74;6
331419;2020-05-27;797;M;2;4;B;30;32;5
331425;2020-05-27;81;F;2;0;B;73;87;7
331514;2020-05-27;286;M;4;0;B;27;27;6
331577;2020-05-27;402;M;2;0;C;27;28;4
331656;2020-05-27;199;M;3;3;B;18;18;3
331731;2020-05-27;231;F;4;2;B;45;49;5
331798;2020-05-27;67;M;1;0;B;41;44;6
331836;2020-05-27;754;F;3;4;B;11;11;4
331854;2020-05-27;475;F;4;3;B;32;36;4
331879;2020-05-27;648;M;1;0;B;8;8;4
331926;2020-05-27;753;F;1;3;C;19;20;4
332012;2020-05-27;569;M;1;1;A;53;59;6
332016;2020-05-27;637;F;1;0;B;2;2;1
332027;2020-05-27;914;M;2;4;B;13;14;3
332073;2020-05-27;740;F;1;4;C;38;45;5
332140;2020-01-06;753;F;1;3;C;17;18;3
332164;2020-01-06;146;F;2;0;B;9;9;3
332257;2020-01-06;362;F;3;0;B;29;30;5
332322;2020-01-06;632;F;4;3;A;55;64;6
332420;2020-01-06;606;M;1;0;B;49;54;5
332429;2020-01-06;645;F;4;0;B;33;36;5
332528;2020-01-06;767;F;1;0;B;45;50;5
332596;2020-01-06;840;F;3;3;C;49;55;6
332671;2020-01-06;4;M;4;0;B;13;13;5
332750;2020-01-06;889;F;3;4;B;44;45;6
332794;2020-01-06;807;M;1;3;B;16;17;5
332819;2020-01-06;282;M;2;0;B;23;24;3
332873;2020-01-06;781;M;4;0;B;33;39;6
332948;2020-01-06;622;F;3;0;B;13;15;5
333042;2020-01-06;185;F;3;0;C;12;13;4
333124;2020-01-06;154;M;2;3;B;37;41;7
333146;2020-01-06;152;F;3;1;C;55;60;5
333172;2020-01-06;684;F;3;0;C;34;38;5
333255;2020-01-06;582;F;2;0;B;1;1;1
333346;2020-01-06;775;F;2;3;B;29;31;6
333425;2020-01-06;813;F;4;0;C;25;31;5
333516;2020-01-06;68;F;2;1;A;66;79;6
333580;2020-01-06;480;F;2;0;C;2;2;1
333584;2020-01-06;271;F;4;0;B;34;36;5
333614;2020-01-06;118;M;2;4;A;4;4;3
333647;2020-01-06;3;F;4;0;B;58;65;5
333697;2020-01-06;190;M;1;4;B;22;27;4
333698;2020-01-06;284;M;4;1;B;50;51;6
333757;2020-01-06;275;M;4;0;B;19;20;5
333841;2020-03-06;639;M;2;0;C;45;50;6
333935;2020-03-06;404;M;4;0;B;53;61;6
334024;2020-03-06;179;F;2;0;B;36;42;5
334105;2020-03-06;574;F;2;2;B;19;21;4
334137;2020-03-06;808;F;3;0;B;66;71;5
334178;2020-03-06;537;F;1;4;B;18;18;5
334226;2020-03-06;864;F;1;3;B;26;28;5
334256;2020-03-06;609;F;4;0;C;7;7;4
334309;2020-03-06;802;M;1;1;B;37;37;6
334389;2020-03-06;244;M;4;0;B;63;73;7
334394;2020-03-06;442;F;3;2;B;21;21;5
334432;2020-03-06;669;F;4;0;B;30;30;5
334529;2020-03-06;552;M;4;0;B;48;53;5
334550;2020-03-06;116;M;4;0;B;46;56;6
334575;2020-03-06;886;F;5;1;B;38;43;5
334585;2020-03-06;569;M;1;1;A;48;55;6
334622;2020-03-06;527;F;4;1;B;6;6;3
334665;2020-03-06;938;M;1;4;B;40;44;5
334760;2020-03-06;623;F;3;0;C;49;57;6
334854;2020-03-06;945;F;2;3;B;50;55;5
334877;2020-03-06;981;F;4;1;C;34;39;7
334912;2020-03-06;569;M;1;1;A;34;38;6
334995;2020-03-06;25;M;4;1;C;62;68;6
335050;2020-03-06;41;M;3;0;C;61;74;5
335076;2020-03-06;331;F;4;0;B;34;34;6
335163;2020-03-06;44;F;4;0;C;74;87;6
335173;2020-03-06;397;F;1;0;B;38;44;6
335229;2020-03-06;955;F;3;2;C;26;26;6
335262;2020-03-06;563;M;3;0;B;18;18;4
335287;2020-03-06;984;F;4;3;B;47;50;6
335313;2020-03-06;464;M;2;2;B;4;4;1
335340;2020-03-06;397;F;1;0;B;52;60;5
335375;2020-03-06;241;M;4;1;B;68;85;6
335421;2020-03-06;705;M;1;0;B;53;55;6
335461;2020-10-06;749;F;4;1;B;58;65;6
335477;2020-10-06;733;M;4;0;B;20;21;5
335562;2020-10-06;524;F;4;3;C;50;58;6
335605;2020-10-06;243;F;1;4;C;64;78;6
335655;2020-10-06;448;F;2;0;A;13;14;3
335681;2020-10-06;749;F;4;1;B;4;4;3
335742;2020-10-06;533;F;4;0;A;21;21;4
335749;2020-10-06;940;F;1;3;B;14;15;2
335752;2020-10-06;447;M;2;0;B;48;57;6
335790;2020-10-06;138;F;3;2;B;71;88;6
335802;2020-10-06;939;M;2;1;C;58;61;6
335844;2020-10-06;820;M;1;4;B;47;53;5
335939;2020-10-06;596;M;2;0;B;47;56;5
336012;2020-10-06;505;F;1;0;C;42;48;5
336074;2020-10-06;844;F;5;1;A;46;51;6
336113;2020-10-06;161;M;5;2;B;48;54;7
336142;2020-10-06;332;F;3;4;C;53;57;6
336165;2020-10-06;169;F;1;1;B;69;86;6
336189;2020-10-06;990;F;1;4;B;31;33;5
336209;2020-10-06;565;F;1;2;B;36;45;6
336216;2020-10-06;341;M;2;0;C;6;6;3
336314;2020-10-06;614;F;4;1;B;58;72;6
336360;2020-10-06;480;F;2;0;C;69;84;6
336454;2020-10-06;141;M;3;4;B;16;16;5
336483;2020-10-06;867;M;2;3;B;23;25;5
336525;2020-10-06;100;F;2;3;C;39;41;6
336593;2020-10-06;529;M;1;2;B;19;20;4
336627;2020-10-06;65;M;4;0;B;15;15;5
336663;2020-10-06;566;F;4;0;B;15;15;4
336743;2020-10-06;651;F;2;0;B;62;67;6
336777;2020-10-06;19;F;2;2;C;10;10;4
336868;2020-10-06;97;F;4;1;B;11;11;3
336909;2020-10-06;580;M;3;0;B;15;16;4
336988;2020-10-06;509;F;2;3;C;67;85;6
337058;2020-10-06;633;F;3;0;C;44;46;6
337125;2020-06-16;516;M;1;0;C;8;9;3
337206;2020-06-16;100;F;2;3;C;45;47;5
337250;2020-06-16;954;F;4;2;B;37;39;6
337295;2020-06-16;906;M;2;0;A;59;62;5
337323;2020-06-16;599;F;1;4;C;25;26;4
337365;2020-06-16;350;F;5;1;B;52;59;5
337394;2020-06-16;286;M;4;0;B;49;54;5
337467;2020-06-16;915;F;3;0;B;41;48;5
337509;2020-06-16;453;F;1;0;B;19;19;5
337528;2020-06-16;435;F;2;0;C;22;22;5
337609;2020-06-16;409;F;3;4;B;68;88;6
337708;2020-06-16;93;F;2;0;C;29;32;4
337758;2020-06-16;896;M;3;0;B;57;65;5
337815;2020-06-16;39;M;2;0;C;40;44;6
337835;2020-06-16;264;F;4;1;B;26;27;4
337914;2020-06-16;583;F;2;0;B;37;41;7
337967;2020-06-16;519;M;2;4;B;72;84;6
337986;2020-06-16;3;F;4;0;B;14;14;3
338034;2020-06-16;130;F;1;0;B;16;17;4
338058;2020-06-16;269;F;3;3;B;65;76;6
338140;2020-06-16;430;F;4;1;B;16;17;5
338223;2020-06-16;823;M;5;3;B;71;84;6
338226;2020-06-16;499;M;3;0;B;39;41;4
338323;2020-06-16;178;M;3;0;A;44;51;5
338393;2020-06-16;891;F;3;2;B;55;60;6
338443;2020-06-16;931;M;2;0;A;58;69;5
338495;2020-06-16;124;F;4;2;B;75;89;6
338524;2020-06-16;513;F;4;3;B;37;42;5
338530;2020-06-16;759;F;3;0;B;22;23;4
338553;2020-06-16;785;M;1;4;C;53;63;4
338632;2020-06-16;94;M;1;2;C;32;33;6
338707;2020-06-16;294;F;4;0;C;59;67;6
338753;2020-06-16;259;M;1;1;B;38;42;4
338821;2020-06-16;651;F;2;0;B;12;12;4
338860;2020-06-16;639;M;2;0;C;50;54;6
338953;2020-06-16;619;M;4;1;B;41;45;6
338991;2020-06-16;319;M;1;4;B;26;28;6
339062;2020-06-16;644;M;1;0;C;17;17;5
339109;2020-06-16;566;F;4;0;B;6;6;3
339128;2020-06-16;380;M;3;4;B;36;38;5
339203;2020-06-16;616;F;1;2;C;63;74;6
339301;2020-06-16;606;M;1;0;B;20;21;4
339339;2020-06-16;1000;F;4;1;B;64;76;6
339358;2020-06-16;798;M;5;2;B;10;10;4
339455;2020-06-16;158;M;3;0;B;23;26;3
339479;2020-06-16;704;F;2;0;C;31;32;6
339548;2020-06-16;798;M;5;2;B;73;87;6
339609;2020-06-16;684;F;3;0;C;72;89;7
339629;2020-06-16;365;M;4;0;A;35;37;5
339694;2020-06-16;83;M;1;4;B;39;45;6
339769;2020-06-16;537;F;1;4;B;70;76;5
339802;2020-06-16;134;F;3;0;B;70;83;5
339820;2020-06-16;845;F;3;3;C;67;78;6
339899;2020-06-16;437;F;2;1;C;40;43;6
339921;2020-06-16;182;F;1;4;B;8;9;4
339980;2020-06-16;932;M;4;1;B;70;85;7
340012;2020-06-16;272;M;4;3;C;65;78;6
340062;2020-06-16;647;M;1;0;C;36;40;5
340066;2020-06-16;954;F;4;2;B;9;10;2
340121;2020-06-16;192;F;4;0;B;16;17;4
340130;2020-06-16;906;M;2;0;A;31;33;6
340138;2020-06-16;280;M;4;3;B;35;40;6
340179;2020-06-16;527;F;4;1;B;25;25;4
340214;2020-06-16;598;F;4;0;B;17;18;4
340312;2020-06-16;455;F;2;0;C;73;85;6
340411;2020-06-21;927;M;1;1;C;58;68;6
340506;2020-06-21;367;F;1;0;A;43;46;7
340552;2020-06-21;497;M;3;0;B;5;5;3
340586;2020-06-21;761;F;1;4;B;5;5;2
340669;2020-06-21;773;M;4;0;B;7;7;4
340734;2020-06-21;296;F;1;3;B;58;61;6
340787;2020-06-21;219;M;2;0;B;19;20;5
340854;2020-06-21;773;M;4;0;B;53;62;5
340930;2020-06-21;164;M;2;3;A;78;89;6
341021;2020-06-21;524;F;4;3;C;18;19;5
341046;2020-06-21;548;F;4;0;C;74;81;7
341063;2020-06-21;281;F;2;0;B;43;48;7
341065;2020-06-21;298;F;4;0;C;4;4;2
341127;2020-06-21;345;F;2;3;B;14;14;5
341152;2020-06-21;266;F;3;3;B;54;61;6
341244;2020-06-21;156;F;2;0;B;19;21;6
341336;2020-06-21;198;M;4;0;B;39;43;6
341407;2020-06-21;233;M;3;0;B;4;4;2
341418;2020-06-21;904;M;1;2;B;65;76;6
341425;2020-06-21;213;M;2;4;B;36;39;5
341470;2020-06-21;831;F;4;2;B;67;79;6
341515;2020-06-21;822;M;2;3;B;74;89;6
341552;2020-06-21;472;M;2;1;C;49;57;4
341614;2020-06-21;712;F;2;3;B;51;54;6
341615;2020-06-21;62;F;2;0;B;48;51;6
341659;2020-06-21;233;M;3;0;B;41;43;5
341701;2020-06-21;240;M;4;0;B;1;1;1
341752;2020-06-21;527;F;4;1;B;61;66;7
341835;2020-06-21;313;M;3;0;B;43;46;7
341896;2020-06-21;76;M;3;0;A;34;35;5
341964;2020-06-21;979;F;3;0;A;18;19;5
342055;2020-06-21;927;M;1;1;C;26;28;5
342126;2020-06-21;717;F;3;0;B;71;80;6
342136;2020-06-21;56;F;2;3;B;43;47;6
342204;2020-06-21;348;F;3;0;A;12;12;3
342296;2020-06-21;565;F;1;2;B;16;16;4
342362;2020-06-21;565;F;1;2;B;48;55;5
342403;2020-06-21;452;M;1;3;B;58;62;5
342459;2020-06-21;334;M;3;0;C;56;60;6
342476;2020-06-21;173;F;1;0;B;43;45;4
342500;2020-06-21;267;F;4;2;B;29;33;6
342541;2020-06-21;305;F;4;0;B;59;70;6
342636;2020-06-21;416;M;3;2;C;33;36;5
342680;2020-06-21;741;M;3;0;B;71;81;6
342759;2020-06-21;917;M;1;0;A;69;82;6
342829;2020-06-21;970;M;2;4;B;29;33;5
342844;2020-06-21;158;M;3;0;B;40;43;4
342860;2020-06-21;160;F;3;4;B;20;21;5
342921;2020-06-21;570;F;4;1;C;20;21;4
343020;2020-06-21;821;F;2;3;B;59;70;7
343115;2020-06-21;776;F;2;0;B;29;31;5
343212;2020-06-21;889;F;3;4;B;7;7;2
343225;2020-06-21;615;M;1;4;C;41;44;5
343238;2020-06-21;26;F;4;1;A;45;51;6
343332;2020-06-21;698;F;2;0;B;49;54;5
343342;2020-06-21;843;F;5;1;C;60;71;5
343380;2020-06-21;783;F;1;0;B;54;61;6
343405;2020-06-21;135;M;3;0;B;56;71;5
343490;2020-06-21;732;F;3;4;B;67;77;5
343507;2020-06-21;941;M;2;3;B;62;69;5
343571;2020-06-21;18;M;4;0;C;51;51;5
343633;2020-06-21;473;F;4;3;B;64;78;6
343642;2020-06-21;878;F;4;3;C;69;88;6
343657;2020-06-27;370;M;1;4;B;69;80;6
343750;2020-06-27;702;M;1;0;B;38;39;6
343789;2020-06-27;783;F;1;0;B;36;41;6
343883;2020-06-27;168;F;4;3;B;64;75;7
343963;2020-06-27;712;F;2;3;B;64;72;5
343972;2020-06-27;451;M;3;0;C;65;77;5
344017;2020-06-27;355;M;3;4;B;16;16;4
344043;2020-06-27;985;M;1;0;B;66;79;6
344057;2020-06-27;151;F;1;0;B;10;12;5
344139;2020-06-27;813;F;4;0;C;26;28;4
344152;2020-06-27;814;M;4;0;B;14;14;5
344194;2020-06-27;720;M;2;3;B;43;46;5
344272;2020-06-27;301;F;3;0;C;31;33;5
344292;2020-06-27;36;F;3;0;C;36;44;6
344385;2020-06-27;17;M;4;0;B;28;28;5
344430;2020-06-27;61;M;1;2;B;74;88;6
344432;2020-06-27;858;F;4;2;C;53;58;5
344504;2020-06-27;739;F;2;3;B;75;87;6
344561;2020-06-27;49;M;2;0;C;6;6;4
344627;2020-06-27;404;M;4;0;B;45;47;6
344662;2020-06-27;273;M;4;0;C;67;75;6
344743;2020-06-27;665;M;1;4;B;54;59;6
344748;2020-06-27;347;F;4;0;B;62;73;6
344775;2020-06-27;313;M;3;0;B;62;68;4
344819;2020-06-27;356;M;2;4;A;7;7;5
344820;2020-06-27;500;M;3;2;C;56;61;7
344852;2020-06-27;548;F;4;0;C;47;51;5
344854;2020-06-27;41;M;3;0;C;53;69;7
344905;2020-06-27;727;M;4;2;C;51;61;5
344918;2020-06-27;214;F;4;0;B;18;20;4
344974;2020-06-27;648;M;1;0;B;3;3;2
344985;2020-06-27;944;F;3;1;B;17;17;5
345032;2020-06-27;251;F;2;0;C;30;34;6
345110;2020-06-27;192;F;4;0;B;62;76;6
345148;2020-06-27;703;M;1;3;B;56;63;6
345229;2020-06-27;478;M;1;4;A;59;67;6
345272;2020-06-27;823;M;5;3;B;2;2;2
345321;2020-06-27;610;M;2;0;B;49;62;5
345340;2020-06-27;736;M;1;0;C;48;52;6
345345;2020-06-27;469;M;4;2;C;6;6;3
345393;2020-06-27;660;F;3;0;C;38;41;7
345404;2020-06-27;177;F;3;2;C;35;38;6
345455;2020-06-27;841;M;1;0;B;43;48;6
345523;2020-06-27;51;F;3;0;B;57;65;6
345617;2020-06-27;345;F;2;3;B;66;78;6
345635;2020-06-27;200;F;3;0;B;63;75;6
345692;2020-06-27;407;F;3;3;A;68;80;6
345725;2020-06-27;472;M;2;1;C;27;28;4
345787;2020-06-27;619;M;4;1;B;29;31;4
345860;2020-06-27;261;F;4;0;B;49;53;5
345897;2020-06-27;25;M;4;1;C;62;75;6
345943;2020-06-27;641;F;4;0;C;16;16;5
345975;2020-06-27;73;M;1;0;A;66;81;6
346003;2020-06-27;611;M;4;0;B;24;25;4
346022;2020-06-27;650;F;2;0;C;53;56;5
346045;2020-06-27;289;F;3;4;C;21;22;5
346048;2020-06-27;422;F;2;4;C;51;63;5
346142;2020-06-27;140;F;1;0;C;60;64;6
346221;2020-06-27;420;M;3;0;B;20;21;5
346284;2020-06-27;224;M;4;0;B;34;35;6
346370;2020-06-27;10;M;1;0;B;61;80;5
346417;2020-06-27;383;M;1;3;C;59;70;7
346514;2020-06-27;742;M;1;1;C;21;22;5
346612;2020-06-27;167;M;1;1;A;8;8;4
346699;2020-06-27;697;M;3;0;C;52;61;6
346798;2020-02-07;669;F;4;0;B;28;29;5
346815;2020-02-07;481;M;3;0;B;46;49;6
346838;2020-02-07;420;M;3;0;B;47;51;6
346866;2020-02-07;541;F;3;0;B;58;69;6
346940;2020-02-07;20;M;4;0;B;23;23;6
347032;2020-02-07;108;M;1;0;B;48;59;6
347081;2020-02-07;336;F;1;0;C;6;7;4
347106;2020-02-07;579;F;3;0;B;38;38;4
347162;2020-02-07;101;F;1;0;C;39;41;5
347231;2020-02-07;491;M;2;1;A;49;54;7
347262;2020-02-07;542;M;3;1;B;2;2;1
347320;2020-02-07;700;F;4;2;C;63;69;6
347355;2020-02-07;388;F;4;3;B;17;19;4
347425;2020-02-07;198;M;4;0;B;9;9;3
347520;2020-02-07;199;M;3;3;B;37;49;7
347580;2020-02-07;858;F;4;2;C;68;88;6
347625;2020-02-07;760;F;2;0;A;25;25;5
347694;2020-02-07;22;M;1;0;B;19;21;4
347737;2020-02-07;224;M;4;0;B;67;79;6
347752;2020-02-07;5;F;4;3;C;68;80;7
347754;2020-02-07;404;M;4;0;B;24;26;4
347773;2020-02-07;691;M;4;0;B;37;41;5
347868;2020-02-07;510;F;4;0;B;29;29;6
347875;2020-02-07;973;F;4;0;B;48;54;6
347941;2020-02-07;856;F;5;1;B;30;34;5
348027;2020-02-07;324;F;3;3;B;13;13;3
348125;2020-02-07;40;M;2;1;B;61;71;4
348181;2020-02-07;215;M;2;4;B;12;13;4
348223;2020-02-07;337;M;3;0;B;51;60;7
348231;2020-02-07;36;F;3;0;C;74;83;7
348317;2020-02-07;471;F;4;0;A;9;9;3
348323;2020-02-07;692;F;4;0;B;63;70;6
348332;2020-02-07;306;F;3;0;B;43;50;6
348424;2020-02-07;24;F;4;0;C;27;30;5
348438;2020-02-07;339;F;4;0;C;23;25;6
348457;2020-09-07;218;M;4;0;B;61;76;5
348545;2020-09-07;138;F;3;2;B;37;38;5
348564;2020-09-07;171;F;3;1;B;18;18;6
348603;2020-09-07;828;F;2;4;B;11;11;3
348679;2020-09-07;305;F;4;0;B;22;22;5
348738;2020-09-07;662;F;1;1;B;33;34;6
348750;2020-09-07;849;F;5;1;B;20;20;4
348832;2020-09-07;772;F;2;0;B;28;28;5
348907;2020-09-07;518;F;1;0;B;27;30;4
348918;2020-09-07;454;F;1;0;B;54;63;6
348926;2020-09-07;75;M;1;0;B;31;33;4
348941;2020-09-07;509;F;2;3;C;32;34;5
348946;2020-09-07;276;F;3;0;B;68;79;6
348997;2020-09-07;218;M;4;0;B;53;57;5
349041;2020-09-07;658;F;1;1;B;35;39;5
349137;2020-09-07;580;M;3;0;B;21;24;5
349191;2020-09-07;882;F;4;1;B;8;8;4
349227;2020-09-07;59;M;2;0;A;56;63;5
349321;2020-09-07;631;M;1;4;C;49;56;7
349332;2020-09-07;61;M;1;2;B;35;38;6
349417;2020-09-07;511;F;1;0;B;37;39;5
349496;2020-09-07;878;F;4;3;C;61;79;7
349524;2020-09-07;348;F;3;0;A;28;29;4
349592;2020-09-07;833;F;1;4;B;68;76;6
349618;2020-09-07;404;M;4;0;B;28;28;5
349654;2020-09-07;435;F;2;0;C;40;46;5
349671;2020-09-07;499;M;3;0;B;40;44;6
349682;2020-09-07;27;F;1;0;B;17;17;5
349766;2020-09-07;11;F;4;0;A;64;78;6
349780;2020-09-07;241;M;4;1;B;50;55;6
349856;2020-09-07;745;F;1;2;B;44;48;6
349873;2020-09-07;876;F;2;3;B;17;17;4
349946;2020-09-07;453;F;1;0;B;66;79;7
349994;2020-09-07;169;F;1;1;B;36;41;5
350003;2020-09-07;554;F;3;0;A;38;39;6
350100;2020-09-07;135;M;3;0;B;13;13;5
350184;2020-09-07;510;F;4;0;B;8;8;3
350189;2020-09-07;222;F;4;0;B;59;69;5
350261;2020-09-07;510;F;4;0;B;34;37;6
350282;2020-09-07;707;M;4;0;B;36;38;5
350294;2020-09-07;1;M;1;0;C;71;81;7
350365;2020-09-07;491;M;2;1;A;65;72;6
350439;2020-09-07;248;M;3;0;C;64;76;7
350465;2020-09-07;272;M;4;3;C;32;34;6
350556;2020-09-07;384;F;3;2;C;56;64;6
350584;2020-09-07;471;F;4;0;A;38;42;5
350670;2020-09-07;445;M;2;0;B;62;70;6
350709;2020-09-07;737;F;2;1;C;59;70;7
350723;2020-09-07;248;M;3;0;C;51;58;6
350771;2020-09-07;944;F;3;1;B;52;55;5
350862;2020-09-07;499;M;3;0;B;37;39;5
350880;2020-09-07;966;F;4;2;B;35;40;5
350886;2020-09-07;113;F;3;0;B;72;82;7
350944;2020-09-07;127;F;4;2;C;63;73;6
351001;2020-09-07;485;M;3;3;B;38;45;5
351005;2020-09-07;719;M;1;0;B;68;82;6
351068;2020-09-07;89;F;3;3;C;24;26;6
351150;2020-09-07;719;M;1;0;B;42;46;6
351222;2020-09-07;429;M;4;0;C;29;30;5
351281;2020-09-07;45;M;2;0;A;17;17;4
351297;2020-09-07;307;M;1;0;B;64;74;5
351366;2020-09-07;748;M;4;0;B;63;67;6
351447;2020-09-07;736;M;1;0;C;10;10;4
351484;2020-09-07;944;F;3;1;B;12;12;4
351513;2020-09-07;483;M;1;0;C;17;17;4
351587;2020-09-07;791;F;1;0;B;37;41;4
351656;2020-09-07;87;M;3;2;A;69;78;5
351664;2020-09-07;304;F;2;3;B;43;47;6
351669;2020-09-07;695;M;2;0;A;9;10;2
351671;2020-09-07;385;F;2;0;B;13;13;4
351731;2020-09-07;304;F;2;3;B;27;32;5
351746;2020-09-07;941;M;2;3;B;59;69;5
351825;2020-09-07;955;F;3;2;C;31;33;6
351894;2020-09-07;50;M;4;0;B;67;79;5
351957;2020-09-07;264;F;4;1;B;60;72;7
352048;2020-09-07;56;F;2;3;B;67;76;6
352093;2020-09-07;170;F;4;2;B;7;8;3
352127;2020-09-07;872;M;3;4;A;58;63;6
352168;2020-09-07;211;M;2;1;B;17;19;4
352215;2020-09-07;891;F;3;2;B;75;88;6
352253;2020-09-07;326;F;1;0;B;16;17;5
352335;2020-09-07;896;M;3;0;B;1;1;1
352410;2020-09-07;72;F;2;0;A;64;76;7
352453;2020-09-07;684;F;3;0;C;53;57;6
352538;2020-09-07;155;F;2;0;B;60;73;5
352545;2020-09-07;111;M;2;4;C;62;75;6
352604;2020-09-07;684;F;3;0;C;49;56;6
352676;2020-09-07;447;M;2;0;B;68;81;6
352691;2020-09-07;207;F;3;0;B;62;70;5
352726;2020-09-07;33;F;2;0;B;11;12;4
352797;2020-09-07;284;M;4;1;B;53;62;4
352874;2020-09-07;649;F;3;0;B;52;59;6
352932;2020-10-07;110;M;3;0;C;74;89;7
352961;2020-10-07;654;M;1;1;B;54;65;6
352973;2020-10-07;489;F;4;3;B;47;48;5
353049;2020-10-07;363;F;1;0;B;6;6;3
353066;2020-10-07;748;M;4;0;B;24;24;5
353094;2020-10-07;143;F;1;4;B;75;89;6
353177;2020-10-07;648;M;1;0;B;55;61;6
353242;2020-10-07;937;M;3;4;C;45;50;6
353324;2020-10-07;832;F;1;0;B;45;52;4
353415;2020-10-07;607;F;2;0;B;73;88;6
353426;2020-10-07;721;M;3;2;C;66;79;6
353455;2020-10-07;789;F;5;1;B;70;80;6
353553;2020-10-07;157;M;1;1;C;3;3;2
353583;2020-10-07;49;M;2;0;C;52;61;7
353589;2020-10-07;326;F;1;0;B;22;22;4
353677;2020-10-07;705;M;1;0;B;14;14;4
353711;2020-10-07;957;M;2;3;B;4;4;4
353787;2020-10-07;123;F;3;2;B;22;24;5
353865;2020-10-07;58;M;2;2;B;6;6;2
353879;2020-10-07;661;M;3;0;B;74;86;6
353942;2020-10-07;50;M;4;0;B;10;10;4
353977;2020-10-07;164;M;2;3;A;33;36;7
354015;2020-10-07;826;F;2;0;C;70;84;6
354041;2020-10-07;940;F;1;3;B;35;39;6
354101;2020-10-07;702;M;1;0;B;28;31;6
354155;2020-10-07;595;M;1;0;B;58;66;6
354198;2020-10-07;185;F;3;0;C;71;78;5
354239;2020-10-07;205;M;2;4;B;51;56;6
354252;2020-10-07;594;F;3;1;C;68;78;5
354285;2020-10-07;160;F;3;4;B;31;33;6
354358;2020-10-07;943;F;1;0;C;25;27;6
354454;2020-10-07;785;M;1;4;C;70;87;7
354496;2020-10-07;529;M;1;2;B;8;9;4
354561;2020-10-07;178;M;3;0;A;62;75;5
354600;2020-10-07;568;F;4;1;A;61;67;6
354629;2020-10-07;174;M;4;3;C;33;37;5
354644;2020-10-07;50;M;4;0;B;64;76;6
354682;2020-10-07;879;M;2;2;C;10;11;3
354704;2020-10-07;824;F;1;0;B;29;30;6
354766;2020-10-07;836;F;2;0;B;62;73;7
354806;2020-10-07;601;M;4;0;A;68;86;6
354894;2020-10-07;847;M;4;2;A;1;1;1
354988;2020-10-07;130;F;1;0;B;6;6;3
355076;2020-10-07;218;M;4;0;B;20;22;3
355152;2020-10-07;286;M;4;0;B;31;31;7
355169;2020-10-07;582;F;2;0;B;41;52;5
355239;2020-10-07;767;F;1;0;B;54;64;6
355270;2020-10-07;60;F;2;3;B;44;51;4
355349;2020-07-17;926;M;1;0;B;15;15;3
355398;2020-07-17;599;F;1;4;C;61;70;6
355483;2020-07-17;364;F;4;2;C;10;10;2
355535;2020-07-17;999;M;2;2;C;73;88;6
355622;2020-07-17;31;F;1;0;C;40;42;5
355659;2020-07-17;987;F;1;0;B;65;86;6
355730;2020-07-17;479;F;1;0;B;47;55;7
355814;2020-07-17;660;F;3;0;C;76;89;6
355828;2020-07-17;533;F;4;0;A;62;73;6
355875;2020-07-17;663;F;4;0;B;63;68;6
355912;2020-07-17;676;M;2;3;B;33;42;5
355926;2020-07-17;365;M;4;0;A;64;71;6
356019;2020-07-17;606;M;1;0;B;64;71;6
356111;2020-07-17;485;M;3;3;B;20;22;5
356172;2020-07-21;422;F;2;4;C;69;78;6
356188;2020-07-21;783;F;1;0;B;17;17;4
356259;2020-07-21;979;F;3;0;A;19;19;5
356346;2020-07-21;436;M;2;4;B;36;37;5
356408;2020-07-21;294;F;4;0;C;4;4;3
356485;2020-07-21;224;M;4;0;B;33;36;5
356565;2020-07-21;52;F;1;0;A;53;63;5
356569;2020-07-21;54;M;1;0;A;58;68;5
356581;2020-07-21;569;M;1;1;A;19;21;4
356593;2020-07-21;278;F;3;2;C;39;43;6
356658;2020-07-21;276;F;3;0;B;4;4;3
356737;2020-07-21;310;M;4;3;C;49;58;6
356749;2020-07-21;34;M;2;0;C;41;52;6
356797;2020-07-21;435;F;2;0;C;73;87;6
356838;2020-07-21;928;F;5;1;B;19;20;5
356870;2020-07-21;475;F;4;3;B;49;57;5
356938;2020-07-21;416;M;3;2;C;37;39;6
357013;2020-07-21;323;M;1;3;B;37;41;6
357046;2020-07-21;919;F;2;0;C;39;41;5
357134;2020-07-21;132;M;2;0;A;71;84;6
357215;2020-07-21;348;F;3;0;A;70;80;6
357291;2020-07-21;573;F;1;0;C;37;45;6
357317;2020-07-21;839;F;1;3;B;37;44;5
357406;2020-07-21;223;F;3;0;B;76;88;6
357443;2020-07-21;560;M;2;0;B;21;21;4
357451;2020-07-21;696;M;2;0;B;49;56;6
357502;2020-07-21;862;M;4;0;B;42;43;7
357600;2020-07-21;875;F;1;0;B;4;4;2
357652;2020-07-21;638;M;3;1;B;73;82;6
357664;2020-07-21;531;F;3;1;B;49;56;6
357698;2020-07-21;797;M;2;4;B;54;58;5
357725;2020-07-21;259;M;1;1;B;34;35;6
357748;2020-07-21;480;F;2;0;C;67;79;5
357755;2020-07-21;336;F;1;0;C;27;28;4
357769;2020-07-21;995;M;3;1;B;42;44;7
357807;2020-07-21;343;F;1;0;B;23;23;5
357846;2020-07-21;235;F;4;0;B;42;45;6
357848;2020-07-21;584;M;3;0;B;55;68;7
357854;2020-07-21;591;M;4;1;B;51;57;6
357867;2020-07-21;192;F;4;0;B;14;14;3
357870;2020-07-21;580;M;3;0;B;70;83;6
357877;2020-07-21;983;F;4;0;C;41;44;5
357957;2020-07-21;759;F;3;0;B;44;49;6
357961;2020-07-21;370;M;1;4;B;6;6;2
358017;2020-07-21;369;F;3;4;C;42;47;6
358061;2020-07-21;318;M;1;2;B;5;5;3
358094;2020-07-21;790;F;3;0;B;56;61;5
358111;2020-07-21;54;M;1;0;A;47;52;4
358159;2020-07-21;807;M;1;3;B;42;45;6
358229;2020-07-21;523;M;3;0;B;22;22;4
358322;2020-07-21;292;F;2;0;C;20;22;4
358387;2020-07-21;150;M;1;4;B;46;49;6
358459;2020-07-21;809;F;3;3;B;17;17;5
358554;2020-07-21;182;F;1;4;B;15;16;3
358646;2020-07-21;690;F;1;3;B;13;15;4
358660;2020-07-21;551;M;1;0;C;18;18;5
358745;2020-07-21;655;M;2;0;B;27;28;4
358790;2020-07-21;777;F;1;0;B;28;29;6
358883;2020-07-21;97;F;4;1;B;3;3;3
358952;2020-07-21;575;M;1;4;B;52;62;6
358958;2020-07-21;447;M;2;0;B;52;59;6
359004;2020-07-26;865;F;1;0;B;65;74;6
359049;2020-07-26;258;F;1;0;B;53;58;5
359148;2020-07-26;34;M;2;0;C;59;71;6
359199;2020-07-26;973;F;4;0;B;48;57;4
359247;2020-07-26;459;F;3;2;B;61;68;6
359308;2020-07-26;820;M;1;4;B;35;43;5
359331;2020-07-26;541;F;3;0;B;37;39;7
359377;2020-07-26;779;M;3;4;A;42;48;6
359464;2020-07-26;441;M;4;2;B;74;87;5
359474;2020-07-26;568;F;4;1;A;27;29;5
359552;2020-07-26;307;M;1;0;B;58;59;6
359641;2020-07-26;735;F;4;0;B;40;44;6
359663;2020-07-26;628;M;3;0;B;24;24;4
359680;2020-07-26;271;F;4;0;B;72;88;6
359696;2020-07-26;240;M;4;0;B;49;51;5
359723;2020-07-26;364;F;4;2;C;13;13;5
359759;2020-07-26;74;M;3;0;C;10;10;3
359811;2020-07-26;273;M;4;0;C;11;12;3
359885;2020-07-26;740;F;1;4;C;31;35;4
359933;2020-07-26;645;F;4;0;B;53;61;7
359999;2020-07-26;486;M;4;0;B;69;87;6
360056;2020-07-26;25;M;4;1;C;18;18;5
360057;2020-07-26;347;F;4;0;B;46;49;5
360106;2020-07-26;656;M;2;0;C;43;53;6
360167;2020-07-26;878;F;4;3;C;53;58;7
360230;2020-07-26;196;M;2;0;B;41;46;6
360326;2020-07-26;503;F;2;1;B;11;11;4
360369;2020-07-26;153;M;4;1;B;36;37;5
360461;2020-07-26;856;F;5;1;B;25;26;5
360471;2020-07-26;994;M;4;0;C;64;74;5
360543;2020-07-26;722;F;4;0;B;2;2;2
360547;2020-07-26;465;F;3;0;B;55;62;5
360593;2020-07-26;998;F;2;0;C;49;54;6
360614;2020-07-26;930;F;4;1;B;71;87;5
360703;2020-07-26;426;F;3;0;C;34;39;6
360787;2020-07-26;387;M;2;2;B;56;62;6
360808;2020-07-26;499;M;3;0;B;22;23;4
360876;2020-07-26;854;F;5;1;C;70;83;6
360911;2020-01-08;458;F;3;4;C;18;19;5
360972;2020-01-08;359;F;1;0;B;69;84;6
360985;2020-01-08;55;F;3;0;B;18;19;4
361054;2020-01-08;914;M;2;4;B;21;23;5
361129;2020-01-08;878;F;4;3;C;49;53;6
361155;2020-01-08;678;F;3;0;C;55;71;5
361209;2020-01-08;780;M;3;2;B;19;21;5
361242;2020-01-08;41;M;3;0;C;6;6;3
361290;2020-01-08;778;F;2;2;A;62;65;6
361387;2020-01-08;450;M;1;0;B;37;39;4
361474;2020-01-08;510;F;4;0;B;11;11;4
361504;2020-01-08;828;F;2;4;B;61;69;6
361552;2020-01-08;648;M;1;0;B;54;68;5
361572;2020-01-08;398;F;4;1;B;28;29;4
361606;2020-01-08;438;F;1;0;B;58;73;5
361681;2020-01-08;944;F;3;1;B;64;73;5
361718;2020-01-08;410;F;3;3;B;20;22;5
361747;2020-01-08;467;F;2;2;B;6;6;4
361832;2020-01-08;577;M;4;0;C;1;1;1
361838;2020-01-08;587;M;1;0;B;31;32;5
361907;2020-01-08;340;M;3;4;B;19;20;4
361967;2020-01-08;658;F;1;1;B;52;58;6
361977;2020-01-08;627;M;3;1;B;5;5;3
362020;2020-01-08;173;F;1;0;B;22;25;5
362025;2020-01-08;864;F;1;3;B;28;28;6
362040;2020-01-08;137;F;4;1;B;67;81;4
362071;2020-01-08;460;F;1;3;B;58;65;5
362155;2020-08-08;674;M;4;1;B;70;79;6
362181;2020-08-08;976;M;4;2;B;46;51;7
362204;2020-08-08;494;F;5;1;C;9;9;2
362220;2020-08-08;890;M;3;0;C;15;15;5
362232;2020-08-08;966;F;4;2;B;14;14;4
362233;2020-08-08;896;M;3;0;B;40;45;5
362277;2020-08-08;81;F;2;0;B;42;45;5
362349;2020-08-08;534;M;4;1;C;23;24;6
362352;2020-08-08;380;M;3;4;B;21;21;4
362357;2020-08-08;62;F;2;0;B;40;47;5
362445;2020-08-08;610;M;2;0;B;62;70;6
362486;2020-08-08;810;M;1;0;B;58;67;6
362539;2020-08-08;101;F;1;0;C;69;76;6
362627;2020-08-08;168;F;4;3;B;25;26;5
362638;2020-08-08;773;M;4;0;B;28;29;5
362654;2020-08-08;806;F;2;3;B;54;62;6
362688;2020-08-08;813;F;4;0;C;22;22;5
362781;2020-08-08;673;F;5;1;B;48;55;6
362824;2020-08-08;743;M;1;3;C;68;79;6
362853;2020-08-08;275;M;4;0;B;44;52;5
362876;2020-08-08;352;M;4;2;B;58;65;5
362960;2020-08-08;350;F;5;1;B;38;41;7
363006;2020-08-08;434;M;1;4;B;12;12;4
363008;2020-08-08;739;F;2;3;B;10;10;3
363034;2020-08-08;773;M;4;0;B;55;59;6
363132;2020-08-08;157;M;1;1;C;51;64;6
363194;2020-08-08;99;F;1;4;C;71;76;6
363232;2020-08-08;642;M;2;3;B;28;31;4
363311;2020-08-08;887;F;3;0;B;23;25;5
363334;2020-08-08;600;M;2;4;C;71;80;7
363429;2020-08-08;517;F;3;1;B;32;38;4
363450;2020-08-08;597;M;3;0;C;64;71;6
363454;2020-08-08;434;M;1;4;B;74;88;6
363514;2020-08-08;399;F;4;1;C;51;60;5
363568;2020-08-08;488;M;3;2;B;49;63;5
363648;2020-08-08;622;F;3;0;B;51;61;5
363743;2020-08-08;258;F;1;0;B;40;47;6
363803;2020-08-08;588;F;1;4;C;60;73;5
363823;2020-08-08;221;F;1;0;B;34;35;6
363879;2020-08-08;866;M;2;2;C;56;59;5
363935;2020-08-08;471;F;4;0;A;70;83;7
363978;2020-08-08;163;F;3;0;A;22;25;5
363979;2020-08-08;85;M;1;0;B;28;31;6
364075;2020-08-08;61;M;1;2;B;72;89;5
364116;2020-08-08;706;F;2;0;A;62;73;5
364133;2020-08-08;571;F;2;0;B;42;49;6
364168;2020-08-08;874;F;3;3;B;29;35;6
364235;2020-10-08;185;F;3;0;C;51;57;6
364273;2020-10-08;574;F;2;2;B;16;18;5
364324;2020-10-08;387;M;2;2;B;24;24;4
364396;2020-10-08;110;M;3;0;C;66;79;6
364487;2020-10-08;369;F;3;4;C;54;62;7
364510;2020-10-08;224;M;4;0;B;13;13;4
364557;2020-10-08;313;M;3;0;B;37;39;5
364563;2020-10-08;914;M;2;4;B;58;65;6
364587;2020-10-08;933;M;2;2;B;15;17;5
364644;2020-10-08;265;M;2;3;B;39;43;5
364721;2020-10-08;980;F;1;0;B;53;63;6
364812;2020-10-08;721;M;3;2;C;54;55;5
364892;2020-10-08;344;M;3;0;B;7;7;3
364966;2020-10-08;374;F;3;0;B;42;49;7
364978;2020-10-08;409;F;3;4;B;19;20;4
365072;2020-10-08;723;M;4;0;B;36;40;7
365141;2020-10-08;299;F;3;1;C;27;28;5
365204;2020-10-08;530;F;1;0;A;5;6;3
365298;2020-10-08;645;F;4;0;B;35;39;5
365332;2020-10-08;606;M;1;0;B;26;28;4
365397;2020-10-08;622;F;3;0;B;34;37;5
365484;2020-10-08;973;F;4;0;B;59;75;7
365497;2020-10-08;647;M;1;0;C;29;33;4
365545;2020-10-08;732;F;3;4;B;74;85;7
365593;2020-10-08;956;M;5;1;C;4;4;3
365634;2020-10-08;538;M;3;0;B;45;49;5
365642;2020-10-08;425;F;3;0;B;40;45;5
365689;2020-10-08;777;F;1;0;B;57;69;7
365745;2020-10-08;619;M;4;1;B;33;38;6
365761;2020-10-08;907;M;3;1;B;73;89;6
365808;2020-10-08;432;F;1;0;C;66;76;7
365895;2020-10-08;982;M;4;3;B;56;63;7
365920;2020-10-08;172;M;2;0;B;56;69;5
366002;2020-10-08;894;F;4;3;C;58;68;6
366046;2020-10-08;385;F;2;0;B;33;34;6
366088;2020-10-08;135;M;3;0;B;54;64;6
366126;2020-10-08;295;F;1;3;B;74;84;5
366203;2020-10-08;766;F;1;0;B;70;81;5
366293;2020-10-08;893;F;1;0;B;14;15;4
366317;2020-10-08;945;F;2;3;B;40;44;6
366344;2020-10-08;694;M;4;0;C;31;32;5
366377;2020-10-08;140;F;1;0;C;10;11;5
366397;2020-10-08;918;F;2;4;C;2;2;2
366463;2020-10-08;993;M;5;1;B;29;31;5
366488;2020-10-08;637;F;1;0;B;29;31;5
366497;2020-10-08;271;F;4;0;B;12;12;5
366563;2020-10-08;249;F;4;0;B;32;32;5
366598;2020-10-08;304;F;2;3;B;50;58;6
366647;2020-10-08;689;M;2;0;C;24;27;5
366737;2020-10-08;145;M;3;0;B;14;14;5
366820;2020-10-08;934;F;2;2;B;24;25;4
366890;2020-10-08;586;F;4;2;B;26;26;5
366891;2020-10-08;550;M;4;0;B;72;88;5
366937;2020-10-08;319;M;1;4;B;45;56;4
366982;2020-10-08;345;F;2;3;B;11;11;4
367017;2020-10-08;388;F;4;3;B;9;10;4
367105;2020-10-08;758;F;3;0;B;36;42;4
367142;2020-10-08;706;F;2;0;A;14;15;5
367216;2020-10-08;807;M;1;3;B;65;72;6
367259;2020-10-08;174;M;4;3;C;55;62;7
367288;2020-10-08;367;F;1;0;A;26;28;5
367326;2020-10-08;700;F;4;2;C;72;89;6
367358;2020-10-08;563;M;3;0;B;15;15;3
367370;2020-10-08;827;M;4;0;B;41;46;4
367442;2020-10-08;724;M;1;0;B;51;57;6
367478;2020-10-08;293;M;4;0;B;16;16;3
367529;2020-10-08;985;M;1;0;B;74;88;5
367598;2020-10-08;507;F;3;2;B;25;25;5
367645;2020-10-08;958;M;2;3;B;31;33;6
367714;2020-10-08;643;F;4;0;C;39;43;5
367762;2020-10-08;470;M;3;1;B;67;76;6
367790;2020-10-08;390;F;2;0;B;12;12;4
367791;2020-10-08;742;M;1;1;C;61;72;6
367814;2020-10-08;437;F;2;1;C;75;85;5
367839;2020-10-08;353;M;1;2;B;62;72;7
367850;2020-08-14;454;F;1;0;B;7;7;3
367910;2020-08-14;525;M;1;4;B;64;78;6
367997;2020-08-14;828;F;2;4;B;62;71;6
368076;2020-08-14;112;M;4;0;B;38;40;4
368151;2020-08-14;971;F;1;2;A;56;65;6
368181;2020-08-14;693;F;4;0;B;59;69;6
368273;2020-08-14;522;M;1;2;A;51;57;6
368304;2020-08-14;685;F;4;0;B;70;87;6
368310;2020-08-14;994;M;4;0;C;41;42;4
368372;2020-08-14;48;M;4;1;B;73;86;6
368451;2020-08-14;524;F;4;3;C;46;51;5
368521;2020-08-14;758;F;3;0;B;60;73;6
368562;2020-08-14;330;F;1;0;B;65;74;7
368570;2020-08-14;718;F;3;2;B;35;36;5
368625;2020-08-14;69;M;4;3;A;24;29;5
368644;2020-08-14;679;F;3;3;B;68;84;7
368663;2020-08-14;394;M;1;0;B;16;16;3
368714;2020-08-14;516;M;1;0;C;13;13;6
368755;2020-08-14;656;M;2;0;C;19;22;5
368838;2020-08-14;916;F;3;4;C;5;5;4
368885;2020-08-14;521;F;1;0;A;18;18;5
368963;2020-08-14;592;F;2;0;C;12;12;5
369026;2020-08-14;813;F;4;0;C;11;14;3
369113;2020-08-14;949;M;1;0;B;11;12;4
369134;2020-08-14;344;M;3;0;B;67;74;6
369159;2020-08-14;850;M;1;0;C;8;8;4
369180;2020-08-14;109;M;2;1;B;53;64;7
369223;2020-08-14;355;M;3;4;B;64;75;7
369266;2020-08-14;402;M;2;0;C;71;84;6
369319;2020-08-14;578;M;4;0;B;47;50;7
369403;2020-08-14;215;M;2;4;B;9;9;4
369455;2020-08-14;4;M;4;0;B;71;86;6
369482;2020-08-14;374;F;3;0;B;56;65;6
369513;2020-08-14;641;F;4;0;C;75;88;5
369528;2020-08-14;839;F;1;3;B;61;75;6
369586;2020-08-14;496;F;2;0;B;32;35;6
369644;2020-08-14;832;F;1;0;B;21;23;5
369656;2020-08-14;762;F;2;0;B;70;85;7
369740;2020-08-14;135;M;3;0;B;51;59;5
369753;2020-08-14;88;F;1;0;B;60;72;6
369837;2020-08-14;348;F;3;0;A;47;51;5
369844;2020-08-14;46;F;4;1;B;59;71;6
369875;2020-08-14;684;F;3;0;C;31;34;5
369877;2020-08-14;840;F;3;3;C;23;24;5
369894;2020-08-14;961;F;1;0;C;73;86;6
369917;2020-08-14;876;F;2;3;B;30;33;6
369949;2020-08-14;70;F;4;0;B;53;61;6
369993;2020-08-14;305;F;4;0;B;17;17;4
370029;2020-08-14;139;F;3;3;B;16;16;5
370118;2020-08-14;225;M;4;0;C;9;10;3
370202;2020-08-14;880;M;3;2;B;29;30;3
370214;2020-08-14;270;F;3;1;B;58;68;6
370313;2020-08-14;732;F;3;4;B;30;34;4
370337;2020-08-14;18;M;4;0;C;68;82;7
370422;2020-08-14;817;M;3;0;B;16;19;5
370471;2020-08-14;898;F;4;0;C;69;77;7
370498;2020-08-14;790;F;3;0;B;46;53;6
370532;2020-08-14;367;F;1;0;A;73;89;6
370556;2020-08-14;373;F;4;2;B;48;53;6
370637;2020-08-14;342;M;3;0;B;3;3;3
370666;2020-08-14;907;M;3;1;B;28;28;6
370714;2020-08-14;99;F;1;4;C;1;1;1
370761;2020-08-14;377;F;1;0;B;53;61;7
370832;2020-08-14;586;F;4;2;B;16;17;4
370927;2020-08-14;601;M;4;0;A;20;20;4
370971;2020-08-21;310;M;4;3;C;49;56;5
371029;2020-08-21;794;M;1;2;B;48;56;5
371033;2020-08-21;690;F;1;3;B;57;69;7
371058;2020-08-21;393;F;4;0;B;12;12;3
371132;2020-08-21;780;M;3;2;B;32;35;5
371146;2020-08-21;503;F;2;1;B;65;80;5
371148;2020-08-21;179;F;2;0;B;3;3;3
371244;2020-08-21;468;M;3;1;C;48;52;6
371266;2020-08-21;433;M;3;3;B;45;49;5
371332;2020-08-21;944;F;3;1;B;61;66;5
371338;2020-08-21;605;M;4;2;B;69;82;6
371428;2020-08-21;767;F;1;0;B;21;22;5
371457;2020-08-21;611;M;4;0;B;18;19;3
371536;2020-08-21;549;M;2;3;C;71;81;6
371582;2020-08-21;119;F;3;2;B;63;68;6
371590;2020-08-21;375;M;4;0;B;57;60;5
371654;2020-08-21;651;F;2;0;B;60;66;6
371753;2020-08-21;856;F;5;1;B;62;70;6
371783;2020-08-21;179;F;2;0;B;3;3;1
371804;2020-08-21;673;F;5;1;B;62;71;6
371852;2020-08-21;550;M;4;0;B;20;21;4
371949;2020-08-21;891;F;3;2;B;20;20;4
372000;2020-08-21;775;F;2;3;B;13;13;5
372035;2020-08-21;117;M;2;3;B;49;51;6
372071;2020-08-21;369;F;3;4;C;23;27;5
372133;2020-08-21;215;M;2;4;B;58;69;5
372199;2020-08-21;841;M;1;0;B;12;12;3
372237;2020-08-21;591;M;4;1;B;65;85;5
372309;2020-08-21;53;M;1;1;B;47;55;5
372343;2020-08-21;318;M;1;2;B;43;52;5
372410;2020-08-21;667;F;4;0;C;47;50;7
372440;2020-08-21;105;F;4;0;C;80;88;7
372497;2020-08-21;384;F;3;2;C;18;18;4
372521;2020-08-21;452;M;1;3;B;42;44;7
372535;2020-08-21;368;M;4;0;C;39;40;5
372590;2020-08-21;809;F;3;3;B;43;53;4
372605;2020-08-21;68;F;2;1;A;16;16;3
372628;2020-08-21;540;F;2;0;C;75;88;5
372635;2020-08-21;222;F;4;0;B;32;35;5
372663;2020-08-21;110;M;3;0;C;8;8;3
372672;2020-08-21;608;F;3;0;C;45;51;5
372703;2020-08-21;492;F;2;1;C;50;56;7
372788;2020-08-21;39;M;2;0;C;5;5;3
372802;2020-08-21;6;F;2;0;B;12;14;3
372857;2020-08-21;78;M;1;0;B;22;22;4
372862;2020-08-21;763;F;4;0;B;50;56;6
372921;2020-08-21;955;F;3;2;C;62;73;7
372958;2020-08-21;556;F;4;0;B;70;84;7
372983;2020-08-21;248;M;3;0;C;24;25;4
373031;2020-08-21;905;M;1;0;B;72;86;6
373069;2020-08-21;417;M;4;1;B;34;40;6
373108;2020-08-21;929;M;4;0;B;67;78;6
373141;2020-08-21;830;F;5;1;B;16;16;4
373232;2020-08-21;245;F;4;3;B;44;48;6
373314;2020-08-21;794;M;1;2;B;25;27;6
373316;2020-08-21;455;F;2;0;C;41;45;5
373355;2020-08-21;634;F;2;0;C;7;7;3
373440;2020-08-21;665;M;1;4;B;34;34;7
373536;2020-08-21;632;F;4;3;A;62;69;6
373612;2020-08-21;814;M;4;0;B;71;84;6
373646;2020-08-21;553;F;4;0;B;66;79;5
373677;2020-08-21;455;F;2;0;C;60;76;4
373696;2020-08-21;250;F;4;1;B;2;2;2
373706;2020-08-21;205;M;2;4;B;47;52;5
373717;2020-08-21;680;F;3;0;C;67;80;6
373798;2020-08-21;940;F;1;3;B;21;24;4
373814;2020-08-21;339;F;4;0;C;73;80;6
373840;2020-08-21;523;M;3;0;B;52;58;7
373875;2020-08-21;449;F;2;3;B;43;47;6
373899;2020-08-21;334;M;3;0;C;57;68;7
373990;2020-08-21;842;M;5;2;B;16;17;4
374016;2020-08-21;388;F;4;3;B;7;7;4
374094;2020-08-21;948;M;4;0;C;48;55;5
374112;2020-08-21;173;F;1;0;B;34;37;3
374121;2020-08-21;188;M;2;2;B;46;53;6
374130;2020-08-21;252;M;2;2;B;60;63;7
374197;2020-08-21;779;M;3;4;A;34;36;4
374265;2020-08-21;52;F;1;0;A;3;3;3
374284;2020-08-21;350;F;5;1;B;43;47;5
374313;2020-08-21;443;F;4;0;C;52;59;6
374340;2020-08-21;564;M;3;2;B;43;46;5
374405;2020-08-21;387;M;2;2;B;66;77;7
374428;2020-08-21;106;M;1;0;B;25;27;6
374525;2020-08-21;156;F;2;0;B;18;18;3
374530;2020-08-21;628;M;3;0;B;36;37;5
374579;2020-08-21;288;M;2;0;B;69;85;6
374639;2020-08-21;217;F;3;0;B;72;78;6
374728;2020-08-21;887;F;3;0;B;69;80;6
374753;2020-08-21;50;M;4;0;B;26;30;5
374847;2020-08-21;373;F;4;2;B;60;71;5
374902;2020-08-21;392;M;2;2;C;61;71;5
374977;2020-08-21;455;F;2;0;C;23;26;5
374986;2020-08-21;228;F;4;0;C;21;25;5
374989;2020-08-21;33;F;2;0;B;59;71;6
375002;2020-08-21;967;F;1;0;B;34;35;6
375080;2020-08-21;635;F;4;0;B;31;33;4
375149;2020-08-21;807;M;1;3;B;33;33;5
375202;2020-08-21;361;F;1;0;C;59;70;5
375210;2020-08-27;580;M;3;0;B;52;57;5
375266;2020-08-27;516;M;1;0;C;10;10;4
375288;2020-08-27;880;M;3;2;B;51;63;6
375380;2020-08-27;485;M;3;3;B;31;32;6
375424;2020-08-27;60;F;2;3;B;10;10;4
375505;2020-08-27;439;F;3;0;B;51;55;6
375580;2020-08-27;118;M;2;4;A;20;21;5
375643;2020-08-27;253;F;4;1;B;2;2;2
375672;2020-08-27;394;M;1;0;B;49;57;5
375755;2020-08-27;792;F;2;0;B;13;13;6
375763;2020-08-27;108;M;1;0;B;7;8;2
375827;2020-08-27;47;F;4;0;B;69;79;6
375849;2020-08-27;735;F;4;0;B;15;16;3
375939;2020-08-27;623;F;3;0;C;45;48;5
376006;2020-08-27;146;F;2;0;B;47;49;6
376011;2020-08-27;649;F;3;0;B;30;32;7
376026;2020-08-27;502;M;4;0;C;55;61;6
376030;2020-08-27;637;F;1;0;B;62;78;6
376118;2020-08-27;397;F;1;0;B;48;51;6
376141;2020-08-27;568;F;4;1;A;27;34;4
376220;2020-08-27;108;M;1;0;B;73;87;7
376282;2020-08-27;391;F;2;0;A;35;41;5
376367;2020-08-27;183;M;4;1;B;33;34;7
376390;2020-08-27;854;F;5;1;C;54;61;6
376466;2020-08-27;167;M;1;1;A;72;82;7
376493;2020-08-27;128;F;2;0;B;47;52;5
376559;2020-08-27;967;F;1;0;B;66;75;5
376653;2020-08-27;317;M;3;0;B;44;51;7
376705;2020-08-27;947;F;3;1;B;40;43;5
376743;2020-08-27;673;F;5;1;B;58;64;5
376763;2020-08-27;866;M;2;2;C;42;45;5
376821;2020-08-27;528;M;2;2;C;13;13;3
376845;2020-08-27;948;M;4;0;C;56;65;5
376898;2020-08-31;480;F;2;0;C;46;53;6
376979;2020-08-31;363;F;1;0;B;65;76;5
377021;2020-08-31;47;F;4;0;B;10;10;3
377112;2020-08-31;472;M;2;1;C;6;6;3
377131;2020-08-31;597;M;3;0;C;58;73;7
377202;2020-08-31;183;M;4;1;B;29;31;6
377241;2020-08-31;159;M;1;0;C;78;88;5
377312;2020-08-31;650;F;2;0;C;68;83;6
377388;2020-08-31;102;F;1;2;C;10;11;6
377461;2020-08-31;812;F;2;0;A;6;6;5
377525;2020-08-31;378;F;2;0;C;62;78;6
377585;2020-08-31;560;M;2;0;B;31;35;6
377610;2020-08-31;117;M;2;3;B;47;53;5
377689;2020-08-31;846;F;4;3;C;57;68;6
377754;2020-08-31;422;F;2;4;C;37;40;6
377837;2020-08-31;698;F;2;0;B;40;43;5
377847;2020-08-31;80;F;2;1;C;54;61;7
377870;2020-08-31;477;F;4;0;B;8;8;2
377956;2020-08-31;317;M;3;0;B;31;33;6
378055;2020-08-31;654;M;1;1;B;38;41;5
378099;2020-08-31;130;F;1;0;B;29;29;5
378106;2020-08-31;765;F;5;1;B;70;81;6
378185;2020-08-31;682;F;2;2;B;12;12;4
378222;2020-08-31;974;M;4;1;B;56;66;6
378224;2020-08-31;978;F;3;0;C;46;47;7
378278;2020-08-31;723;M;4;0;B;74;89;7
378331;2020-08-31;246;M;2;2;B;52;63;6
378405;2020-08-31;702;M;1;0;B;58;62;6
378406;2020-08-31;391;F;2;0;A;66;77;5
378427;2020-08-31;708;F;2;2;B;13;13;5
378461;2020-08-31;195;M;4;0;B;6;6;2
378476;2020-08-31;777;F;1;0;B;60;68;6
378544;2020-08-31;957;M;2;3;B;34;34;6
378602;2020-08-31;984;F;4;3;B;23;25;3
378607;2020-08-31;20;M;4;0;B;51;59;6
378636;2020-08-31;76;M;3;0;A;41;45;6
378688;2020-08-31;70;F;4;0;B;37;41;6
378779;2020-08-31;302;F;4;3;C;24;25;5
378871;2020-08-31;226;F;4;0;B;30;33;6
378955;2020-08-31;577;M;4;0;C;22;22;5
378962;2020-08-31;902;F;2;1;B;42;46;5
379005;2020-08-31;560;M;2;0;B;17;19;3
379044;2020-08-31;412;M;2;0;B;25;29;4
379052;2020-08-31;28;F;1;2;B;41;44;5
379116;2020-08-31;247;M;1;0;B;48;53;5
379206;2020-08-31;887;F;3;0;B;73;83;7
379207;2020-08-31;202;M;1;0;B;38;42;6
379293;2020-08-31;134;F;3;0;B;61;76;5
379300;2020-08-31;903;M;1;0;B;39;41;6
379376;2020-08-31;78;M;1;0;B;73;84;7
379425;2020-08-31;818;F;2;0;B;55;65;6
379511;2020-08-31;186;M;2;4;C;34;38;7
379551;2020-08-31;850;M;1;0;C;63;71;6
379646;2020-08-31;693;F;4;0;B;35;38;5
379666;2020-08-31;726;M;2;0;B;72;86;6
379719;2020-08-31;683;F;3;0;B;29;31;6
379778;2020-08-31;883;M;1;0;B;63;69;6
379808;2020-08-31;237;F;4;3;C;62;72;6
379862;2020-08-31;56;F;2;3;B;22;22;4
379935;2020-08-31;25;M;4;1;C;32;35;6
379982;2020-08-31;633;F;3;0;C;40;46;5
379994;2020-08-31;368;M;4;0;C;14;15;3
380093;2020-08-31;450;M;1;0;B;38;39;4
380106;2020-08-31;769;F;3;3;C;39;40;5
380124;2020-08-31;468;M;3;1;C;49;57;6
380183;2020-08-31;272;M;4;3;C;63;73;6
380236;2020-08-31;742;M;1;1;C;26;28;5
380301;2020-08-31;252;M;2;2;B;35;37;4
380310;2020-08-31;188;M;2;2;B;37;40;6
380403;2020-08-31;544;F;2;0;B;71;87;6
380433;2020-08-31;834;M;3;3;B;51;55;5
380449;2020-08-31;365;M;4;0;A;25;27;5
380464;2020-08-31;259;M;1;1;B;67;81;5
380524;2020-08-31;603;M;3;0;B;1;1;1
380544;2020-01-09;863;F;1;4;B;6;6;3
380608;2020-01-09;100;F;2;3;C;72;86;7
380676;2020-01-09;102;F;1;2;C;61;69;6
380726;2020-01-09;242;F;4;0;B;2;2;2
380824;2020-01-09;150;M;1;4;B;31;36;6
380908;2020-01-09;148;M;3;4;A;27;28;6
380931;2020-01-09;943;F;1;0;C;27;30;5
381021;2020-01-09;198;M;4;0;B;37;40;6
381067;2020-01-09;725;M;4;0;C;29;30;5
381137;2020-01-09;748;M;4;0;B;57;65;7
381177;2020-01-09;394;M;1;0;B;58;70;6
381200;2020-01-09;236;M;2;2;C;53;66;6
381280;2020-01-09;995;M;3;1;B;35;38;5
381318;2020-01-09;967;F;1;0;B;30;33;5
381332;2020-01-09;143;F;1;4;B;54;64;6
381377;2020-01-09;166;F;1;0;B;49;57;6
381443;2020-01-09;835;F;1;0;A;34;40;6
381513;2020-01-09;108;M;1;0;B;75;87;7
381599;2020-01-09;558;F;5;2;C;69;86;6
381609;2020-01-09;157;M;1;1;C;39;42;6
381677;2020-01-09;758;F;3;0;B;21;23;4
381757;2020-01-09;108;M;1;0;B;14;14;5
381775;2020-01-09;221;F;1;0;B;61;73;6
381805;2020-01-09;662;F;1;1;B;71;80;7
381861;2020-01-09;523;M;3;0;B;73;82;6
381908;2020-01-09;274;M;1;1;B;16;16;3
381987;2020-01-09;210;M;2;2;C;17;17;5
382001;2020-01-09;969;M;1;3;B;62;72;6
382081;2020-01-09;132;M;2;0;A;13;13;3
382117;2020-01-09;785;M;1;4;C;16;16;4
382144;2020-01-09;845;F;3;3;C;56;67;6
382161;2020-01-09;689;M;2;0;C;33;41;5
382198;2020-01-09;425;F;3;0;B;70;83;7
382257;2020-01-09;487;F;3;0;C;36;38;5
382343;2020-01-09;731;M;3;4;B;20;21;5
382389;2020-01-09;382;F;3;0;C;36;38;5
382419;2020-01-09;977;M;1;0;C;26;27;5
382490;2020-01-09;439;F;3;0;B;15;15;3
382529;2020-01-09;554;F;3;0;A;72;88;6
382530;2020-01-09;694;M;4;0;C;68;82;5
382550;2020-01-09;204;F;3;3;B;70;77;6
382636;2020-01-09;897;M;2;1;C;54;59;7
382659;2020-01-09;643;F;4;0;C;27;28;4
382724;2020-01-09;74;M;3;0;C;69;83;6
382764;2020-01-09;268;M;4;0;B;39;41;6
382773;2020-01-09;11;F;4;0;A;38;45;6
382824;2020-01-09;973;F;4;0;B;71;82;7
382841;2020-01-09;725;M;4;0;C;17;17;5
382887;2020-01-09;37;M;3;0;B;72;89;6
382900;2020-01-09;395;F;4;1;B;46;50;6
382929;2020-01-09;817;M;3;0;B;41;45;5
383005;2020-01-09;721;M;3;2;C;62;74;5
383029;2020-01-09;504;M;3;0;B;43;45;6
383119;2020-01-09;448;F;2;0;A;67;78;6
383137;2020-01-09;267;F;4;2;B;57;61;5
383173;2020-01-09;114;F;3;3;B;73;85;6
383251;2020-01-09;398;F;4;1;B;68;85;5
383333;2020-01-09;464;M;2;2;B;55;61;6
383334;2020-01-09;74;M;3;0;C;35;37;6
383417;2020-01-09;564;M;3;2;B;41;47;5
383507;2020-01-09;51;F;3;0;B;4;4;2
383517;2020-01-09;86;F;4;3;C;74;88;6
383560;2020-01-09;68;F;2;1;A;29;34;6
383645;2020-01-09;926;M;1;0;B;6;6;3
383691;2020-01-09;565;F;1;2;B;80;87;6
383779;2020-01-09;509;F;2;3;C;12;12;4
383829;2020-01-09;327;M;4;2;A;43;46;6
383873;2020-01-09;542;M;3;1;B;70;81;6
383946;2020-01-09;704;F;2;0;C;46;50;5
383996;2020-01-09;695;M;2;0;A;35;38;6
383998;2020-01-09;582;F;2;0;B;46;57;6
384063;2020-01-09;285;M;3;0;B;34;36;6
384098;2020-01-09;949;M;1;0;B;1;1;1
384177;2020-01-09;484;M;3;2;C;5;5;3
384260;2020-01-09;857;F;2;2;B;63;82;6
384303;2020-01-09;451;M;3;0;C;68;84;5
384391;2020-01-09;532;F;2;3;B;18;19;5
384479;2020-01-09;388;F;4;3;B;68;80;6
384485;2020-01-09;108;M;1;0;B;32;34;4
384540;2020-01-09;501;M;1;0;B;53;62;6
384557;2020-01-09;350;F;5;1;B;25;28;5
384649;2020-01-09;934;F;2;2;B;54;66;6
384680;2020-01-09;438;F;1;0;B;63;69;6
384760;2020-01-09;557;F;2;0;A;6;6;2
384777;2020-01-09;949;M;1;0;B;30;31;5
384842;2020-01-09;676;M;2;3;B;23;23;5
384874;2020-01-09;936;F;3;2;B;66;76;6
384886;2020-01-09;706;F;2;0;A;47;51;5
384948;2020-01-09;155;F;2;0;B;58;63;7
385047;2020-01-09;245;F;4;3;B;74;89;6
385061;2020-01-09;606;M;1;0;B;21;21;4
385111;2020-05-09;530;F;1;0;A;58;68;6
385139;2020-05-09;536;M;4;0;B;63;78;6
385170;2020-05-09;243;F;1;4;C;6;6;3
385218;2020-05-09;616;F;1;2;C;51;59;6
385311;2020-05-09;585;F;2;4;B;12;12;5
385372;2020-05-09;640;M;4;0;C;22;23;5
385419;2020-05-09;899;F;4;0;C;50;53;5
385516;2020-05-09;316;F;3;2;B;8;8;3
385552;2020-05-09;752;M;3;0;C;9;10;3
385613;2020-05-09;921;M;2;3;B;22;23;5
385615;2020-05-09;519;M;2;4;B;54;57;7
385678;2020-05-09;351;F;2;2;B;68;79;6
385730;2020-05-09;133;F;2;0;B;19;21;5
385750;2020-05-09;751;F;2;0;B;73;89;7
385777;2020-05-09;139;F;3;3;B;63;70;6
385785;2020-05-09;547;F;3;4;C;37;42;6
385845;2020-05-09;802;M;1;1;B;13;14;4
385906;2020-05-09;982;M;4;3;B;32;35;4
385921;2020-05-09;989;M;2;0;B;42;43;6
385946;2020-05-09;215;M;2;4;B;44;48;5
385972;2020-05-09;396;F;1;0;B;18;19;5
385994;2020-05-09;873;F;3;0;B;9;9;3
386055;2020-05-09;941;M;2;3;B;63;77;5
386152;2020-05-09;827;M;4;0;B;26;27;5
386245;2020-05-09;149;M;1;3;A;44;51;7
386254;2020-05-09;46;F;4;1;B;21;21;5
386299;2020-05-09;367;F;1;0;A;41;44;6
386321;2020-05-09;72;F;2;0;A;53;59;5
386363;2020-05-09;750;M;2;2;C;12;12;4
386417;2020-05-09;296;F;1;3;B;69;81;7
386478;2020-05-09;743;M;1;3;C;63;68;5
386563;2020-05-09;998;F;2;0;C;62;78;5
386615;2020-05-09;401;M;1;4;C;12;12;4
386653;2020-05-09;610;M;2;0;B;35;41;6
386654;2020-05-09;535;M;4;0;A;3;3;2
386658;2020-05-09;380;M;3;4;B;48;53;6
386692;2020-05-09;726;M;2;0;B;24;29;4
386751;2020-05-09;102;F;1;2;C;53;69;6
386799;2020-05-09;330;F;1;0;B;69;81;7
386808;2020-05-09;808;F;3;0;B;66;75;5
386860;2020-05-09;856;F;5;1;B;2;2;1
386925;2020-05-09;25;M;4;1;C;60;64;5
386936;2020-05-09;614;F;4;1;B;52;57;6
386976;2020-05-09;337;M;3;0;B;39;41;6
387013;2020-05-09;549;M;2;3;C;17;19;4
387049;2020-05-09;70;F;4;0;B;6;6;2
387083;2020-05-09;899;F;4;0;C;74;83;7
387118;2020-05-09;648;M;1;0;B;58;67;6
387121;2020-12-09;314;F;1;1;A;46;50;5
387204;2020-12-09;944;F;3;1;B;22;25;5
387250;2020-12-09;42;M;2;2;B;62;75;6
387268;2020-12-09;525;M;1;4;B;64;72;7
387325;2020-12-09;2;M;3;0;B;55;69;6
387408;2020-12-09;649;F;3;0;B;75;87;6
387418;2020-12-09;704;F;2;0;C;68;82;6
387484;2020-12-09;212;F;2;1;B;74;87;6
387515;2020-12-09;782;M;3;3;B;64;74;5
387589;2020-12-09;559;F;3;1;A;59;68;5
387597;2020-12-09;944;F;3;1;B;23;23;6
387689;2020-12-09;839;F;1;3;B;29;31;5
387769;2020-12-09;935;F;2;0;B;40;45;6
387810;2020-12-09;746;M;3;0;C;12;12;4
387863;2020-12-09;986;M;4;0;B;18;18;5
387956;2020-12-09;426;F;3;0;C;48;53;5
387960;2020-12-09;995;M;3;1;B;58;69;7
387992;2020-12-09;38;M;3;0;B;41;43;6
388066;2020-09-14;875;F;1;0;B;41;47;6
388111;2020-09-14;617;F;4;3;C;39;41;6
388133;2020-09-14;231;F;4;2;B;45;50;4
388219;2020-09-14;473;F;4;3;B;56;65;5
388222;2020-09-14;600;M;2;4;C;59;71;6
388290;2020-09-14;723;M;4;0;B;56;66;5
388341;2020-09-14;852;M;2;3;B;58;70;6
388409;2020-09-14;266;F;3;3;B;36;37;5
388472;2020-09-14;109;M;2;1;B;25;26;6
388547;2020-09-14;558;F;5;2;C;55;61;7
388553;2020-09-14;850;M;1;0;C;19;20;5
388643;2020-09-14;597;M;3;0;C;14;14;4
388679;2020-09-14;657;M;2;3;B;13;13;3
388684;2020-09-14;224;M;4;0;B;46;55;5
388716;2020-09-14;791;F;1;0;B;65;78;7
388782;2020-09-14;397;F;1;0;B;26;28;6
388827;2020-09-14;249;F;4;0;B;67;82;6
388882;2020-09-14;443;F;4;0;C;25;26;5
388905;2020-09-14;498;M;3;2;B;6;7;3
388922;2020-09-14;123;F;3;2;B;72;85;6
388973;2020-09-14;585;F;2;4;B;48;56;6
388992;2020-09-14;433;M;3;3;B;23;25;5
389077;2020-09-14;15;M;2;1;C;39;44;5
389100;2020-09-14;195;M;4;0;B;29;32;5
389124;2020-09-14;674;M;4;1;B;17;17;6
389172;2020-09-14;452;M;1;3;B;47;52;5
389176;2020-09-14;35;M;3;0;B;30;34;4
389184;2020-09-14;931;M;2;0;A;15;15;3
389206;2020-09-14;401;M;1;4;C;16;16;4
389297;2020-09-14;710;F;3;1;C;47;55;6
389305;2020-09-14;899;F;4;0;C;10;10;4
389321;2020-09-14;458;F;3;4;C;2;2;2
389399;2020-09-14;169;F;1;1;B;67;72;6
389478;2020-09-14;86;F;4;3;C;40;46;6
389493;2020-09-14;701;M;3;0;B;2;2;1
389497;2020-09-14;40;M;2;1;B;68;81;6
389521;2020-09-14;988;F;2;0;C;54;65;6
389573;2020-09-14;543;M;2;2;B;3;3;2
389575;2020-09-14;494;F;5;1;C;23;24;4
389578;2020-09-14;764;F;3;1;B;14;14;4
389601;2020-09-14;615;M;1;4;C;37;40;5
389656;2020-09-14;879;M;2;2;C;36;43;5
389706;2020-09-14;187;M;2;1;B;35;39;7
389782;2020-09-14;171;F;3;1;B;28;28;5
389791;2020-09-14;362;F;3;0;B;30;30;4
389814;2020-09-14;947;F;3;1;B;42;45;5
389900;2020-09-14;691;M;4;0;B;25;28;5
389911;2020-09-14;891;F;3;2;B;73;83;7
389942;2020-09-14;112;M;4;0;B;13;14;3
390039;2020-09-14;164;M;2;3;A;28;29;5
390119;2020-09-14;303;M;3;4;B;3;3;3
390196;2020-09-14;712;F;2;3;B;61;67;7
390261;2020-09-14;268;M;4;0;B;29;31;5
390284;2020-09-14;519;M;2;4;B;26;29;6
390309;2020-09-14;809;F;3;3;B;31;33;5
390341;2020-09-14;375;M;4;0;B;51;53;5
390381;2020-09-14;534;M;4;1;C;33;34;6
390415;2020-09-14;949;M;1;0;B;69;82;6
390441;2020-09-14;667;F;4;0;C;76;88;6
390529;2020-09-14;321;M;2;0;B;62;70;5
390586;2020-09-14;825;M;1;2;C;42;45;7
390611;2020-09-14;533;F;4;0;A;11;11;3
390704;2020-09-14;848;F;5;3;A;37;40;5
390752;2020-09-14;541;F;3;0;B;17;18;5
390786;2020-09-14;474;M;2;0;B;3;3;2
390883;2020-09-14;769;F;3;3;C;35;38;4
390916;2020-09-14;537;F;1;4;B;62;72;7
390942;2020-09-21;831;F;4;2;B;8;9;3
391006;2020-09-21;364;F;4;2;C;43;47;5
391041;2020-09-21;704;F;2;0;C;51;60;7
391121;2020-09-21;866;M;2;2;C;14;15;5
391132;2020-09-21;850;M;1;0;C;57;61;6
391220;2020-09-21;762;F;2;0;B;21;21;4
391274;2020-09-21;573;F;1;0;C;71;85;6
391326;2020-09-21;184;M;1;3;B;79;89;6
391381;2020-09-21;438;F;1;0;B;66;85;7
391455;2020-09-21;517;F;3;1;B;21;22;5
391475;2020-09-21;454;F;1;0;B;69;81;6
391554;2020-09-21;707;M;4;0;B;29;31;6
391595;2020-09-21;50;M;4;0;B;27;27;6
391599;2020-09-21;522;M;1;2;A;24;26;6
391622;2020-09-21;589;F;3;2;C;4;4;1
391702;2020-09-21;121;F;1;2;B;3;3;1
391703;2020-09-21;933;M;2;2;B;19;19;4
391745;2020-09-21;901;F;4;1;B;46;49;7
391843;2020-09-21;897;M;2;1;C;52;61;6
391845;2020-09-21;909;M;3;0;B;31;31;6
391934;2020-09-21;55;F;3;0;B;19;21;4
391976;2020-09-21;90;F;2;2;B;57;69;6
392049;2020-09-21;487;F;3;0;C;10;10;3
392088;2020-09-21;943;F;1;0;C;63;79;6
392159;2020-09-21;282;M;2;0;B;2;2;2
392220;2020-09-21;800;M;1;0;C;44;47;6
392258;2020-09-21;289;F;3;4;C;25;28;5
392259;2020-09-21;221;F;1;0;B;11;11;4
392330;2020-09-21;152;F;3;1;C;8;8;3
392367;2020-09-21;635;F;4;0;B;63;71;6
392460;2020-09-21;827;M;4;0;B;52;66;6
392512;2020-09-21;594;F;3;1;C;61;70;6
392586;2020-09-21;606;M;1;0;B;9;10;4
392676;2020-09-21;972;M;4;0;C;32;34;6
392680;2020-09-21;774;F;2;0;B;11;11;4
392748;2020-09-21;30;M;4;0;B;16;16;5
392806;2020-09-21;425;F;3;0;B;67;84;6
392884;2020-09-21;487;F;3;0;C;50;55;6
392894;2020-09-21;369;F;3;4;C;55;60;7
392901;2020-09-21;660;F;3;0;C;18;18;5
392972;2020-09-21;15;M;2;1;C;40;41;6
393009;2020-09-21;594;F;3;1;C;65;70;6
393072;2020-09-21;296;F;1;3;B;65;80;6
393156;2020-09-21;85;M;1;0;B;30;30;4
393183;2020-09-21;815;F;2;4;B;27;28;6
393264;2020-09-21;391;F;2;0;A;60;67;7
393353;2020-09-21;584;M;3;0;B;67;73;6
393449;2020-09-21;285;M;3;0;B;52;63;5
393469;2020-09-21;777;F;1;0;B;25;27;6
393473;2020-09-21;823;M;5;3;B;63;74;6
393561;2020-09-21;876;F;2;3;B;29;30;5
393608;2020-09-21;533;F;4;0;A;2;2;1
393683;2020-09-21;863;F;1;4;B;72;86;6
393731;2020-09-21;704;F;2;0;C;20;23;5
393797;2020-09-21;414;F;1;0;B;43;46;6
393840;2020-09-21;902;F;2;1;B;68;78;6
393917;2020-09-21;318;M;1;2;B;55;62;6
393978;2020-09-21;158;M;3;0;B;61;69;6
394016;2020-09-21;538;M;3;0;B;11;12;4
394071;2020-09-21;309;M;1;0;B;24;25;5
394078;2020-09-21;859;M;1;0;B;6;6;4
394150;2020-09-21;864;F;1;3;B;24;27;4
394201;2020-09-21;336;F;1;0;C;20;22;5
394227;2020-09-21;236;M;2;2;C;10;10;4
394305;2020-09-21;750;M;2;2;C;59;64;7
394355;2020-09-21;201;M;3;0;B;8;8;4
394383;2020-09-21;697;M;3;0;C;39;40;6
394481;2020-09-21;821;F;2;3;B;70;81;5
394510;2020-09-21;970;M;2;4;B;41;48;6
394574;2020-09-21;640;M;4;0;C;54;62;7
394577;2020-09-21;454;F;1;0;B;24;25;5
394608;2020-09-21;962;M;3;4;B;32;34;5
394621;2020-09-21;538;M;3;0;B;5;5;2
394640;2020-09-21;84;F;3;0;C;60;65;7
394646;2020-09-21;121;F;1;2;B;77;85;6
394652;2020-09-21;70;F;4;0;B;60;68;5
394684;2020-09-21;19;F;2;2;C;72;88;7
394737;2020-09-21;430;F;4;1;B;36;37;6
394764;2020-09-21;980;F;1;0;B;1;1;1
394790;2020-09-21;147;M;1;0;A;27;28;6
394879;2020-09-21;460;F;1;3;B;1;1;1
394913;2020-09-21;481;M;3;0;B;9;9;5
394980;2020-09-21;260;F;2;0;C;16;17;4
395066;2020-09-21;676;M;2;3;B;22;23;4
395098;2020-09-21;350;F;5;1;B;19;20;4
395121;2020-09-21;427;M;3;0;B;10;12;2
395163;2020-09-23;6;F;2;0;B;8;8;4
395183;2020-09-23;619;M;4;1;B;71;88;5
395256;2020-09-23;965;M;3;0;B;18;19;4
395354;2020-09-23;688;M;1;1;A;41;43;5
395392;2020-09-23;929;M;4;0;B;66;78;5
395423;2020-09-23;56;F;2;3;B;33;37;6
395483;2020-09-23;992;F;2;0;B;54;62;6
395573;2020-09-23;542;M;3;1;B;45;48;6
395599;2020-09-23;822;M;2;3;B;74;87;6
395630;2020-09-23;700;F;4;2;C;66;82;6
395676;2020-09-23;1000;F;4;1;B;36;41;5
395721;2020-09-23;292;F;2;0;C;40;46;5
395808;2020-09-23;966;F;4;2;B;31;32;4
395829;2020-09-23;502;M;4;0;C;56;61;5
395914;2020-09-23;445;M;2;0;B;18;19;5
396007;2020-09-23;174;M;4;3;C;1;1;1
396075;2020-09-23;92;M;4;1;B;1;1;1
396083;2020-09-23;208;M;3;0;B;80;88;6
396116;2020-09-23;876;F;2;3;B;47;51;6
396189;2020-09-23;540;F;2;0;C;30;31;5
396253;2020-09-23;193;F;4;0;B;26;27;6
396265;2020-09-23;835;F;1;0;A;8;8;4
396330;2020-09-23;804;F;4;3;B;74;89;6
396405;2020-09-23;583;F;2;0;B;17;17;4
396465;2020-09-23;244;M;4;0;B;63;75;5
396559;2020-09-23;494;F;5;1;C;46;51;6
396658;2020-09-23;333;F;2;0;C;2;2;1
396682;2020-09-23;65;M;4;0;B;63;73;6
396716;2020-09-23;732;F;3;4;B;55;65;7
396721;2020-09-23;864;F;1;3;B;62;73;6
396759;2020-09-23;845;F;3;3;C;50;58;7
396774;2020-09-23;668;M;1;0;A;73;89;6
396837;2020-09-23;186;M;2;4;C;23;23;5
396927;2020-09-23;657;M;2;3;B;9;9;4
396937;2020-09-23;423;F;5;2;A;47;53;5
396943;2020-09-23;187;M;2;1;B;61;74;6
396979;2020-09-23;266;F;3;3;B;53;53;6
397021;2020-09-23;979;F;3;0;A;22;23;6
397054;2020-09-23;672;F;4;0;B;42;47;4
397113;2020-09-23;217;F;3;0;B;72;88;5
397172;2020-09-23;605;M;4;2;B;19;19;4
397178;2020-09-23;813;F;4;0;C;55;60;5
397215;2020-09-23;286;M;4;0;B;46;57;6
397258;2020-09-23;931;M;2;0;A;75;82;6
397281;2020-09-23;715;F;3;4;B;56;64;6
397373;2020-09-23;970;M;2;4;B;55;65;5
397424;2020-09-23;235;F;4;0;B;9;9;4
397490;2020-09-23;484;M;3;2;C;5;5;3
397580;2020-09-23;439;F;3;0;B;54;58;6
397665;2020-09-23;484;M;3;2;C;70;86;6
397733;2020-09-23;956;M;5;1;C;64;75;7
397832;2020-09-23;910;M;2;2;B;18;18;5
397919;2020-09-23;151;F;1;0;B;46;51;6
397938;2020-09-23;203;F;3;0;A;25;26;5
398009;2020-09-23;150;M;1;4;B;59;72;5
398018;2020-09-23;580;M;3;0;B;35;37;6
398112;2020-09-23;141;M;3;4;B;67;77;6
398116;2020-09-23;462;F;4;0;A;7;7;4
398161;2020-09-23;720;M;2;3;B;73;86;6
398258;2020-09-23;390;F;2;0;B;33;34;5
398313;2020-09-23;335;F;3;0;C;58;65;4
398367;2020-09-23;85;M;1;0;B;51;55;6
398455;2020-09-23;415;F;3;0;B;50;59;7
398553;2020-09-23;736;M;1;0;C;13;14;3
398592;2020-09-23;558;F;5;2;C;62;71;7
398631;2020-09-23;957;M;2;3;B;75;89;5
398647;2020-09-23;330;F;1;0;B;50;57;5
398675;2020-09-23;800;M;1;0;C;38;44;5
398720;2020-09-23;855;M;4;1;C;69;80;6
398726;2020-09-23;178;M;3;0;A;29;31;5
398769;2020-09-23;946;M;3;0;B;44;46;7
398791;2020-09-23;169;F;1;1;B;75;87;5
398829;2020-09-23;79;F;2;0;C;15;16;4
398833;2020-09-23;657;M;2;3;B;47;54;5
398928;2020-09-23;752;M;3;0;C;58;66;6
398966;2020-09-25;961;F;1;0;C;60;74;7
398996;2020-09-25;702;M;1;0;B;12;13;5
399015;2020-09-25;958;M;2;3;B;55;59;7
399073;2020-09-25;800;M;1;0;C;33;35;5
399113;2020-09-25;221;F;1;0;B;39;40;6
399211;2020-09-25;844;F;5;1;A;55;64;6
399219;2020-09-25;523;M;3;0;B;62;75;6
399286;2020-09-25;773;M;4;0;B;33;37;6
399333;2020-09-25;130;F;1;0;B;45;50;3
399431;2020-09-25;422;F;2;4;C;13;14;5
399450;2020-09-25;865;F;1;0;B;46;48;6
399478;2020-09-25;869;F;3;0;B;7;7;5
399573;2020-09-25;582;F;2;0;B;28;29;6
399651;2020-09-25;851;F;2;0;B;21;21;4
399734;2020-09-25;793;M;1;3;B;47;53;6
399752;2020-09-25;664;M;3;1;B;65;73;7
399820;2020-09-25;192;F;4;0;B;64;77;7
399857;2020-09-25;41;M;3;0;C;44;51;6
399912;2020-09-25;594;F;3;1;C;74;89;6
399971;2020-09-25;391;F;2;0;A;46;56;5
400068;2020-09-25;852;M;2;3;B;35;41;6
400077;2020-09-25;26;F;4;1;A;9;11;4
400093;2020-09-25;558;F;5;2;C;55;61;6
400097;2020-09-25;395;F;4;1;B;56;67;6
400124;2020-09-25;670;M;4;0;C;71;81;5
400129;2020-09-25;653;M;2;0;C;24;24;5
400227;2020-09-25;748;M;4;0;B;42;45;4
400265;2020-09-25;913;M;3;4;C;2;2;1
400311;2020-09-25;843;F;5;1;C;31;33;5
400355;2020-09-25;960;F;4;2;B;10;10;4
400433;2020-09-25;111;M;2;4;C;48;53;4
400447;2020-09-25;566;F;4;0;B;9;9;4
400492;2020-09-25;823;M;5;3;B;43;46;5
400589;2020-09-25;79;F;2;0;C;20;22;4
400662;2020-09-25;727;M;4;2;C;16;17;4
400742;2020-09-25;696;M;2;0;B;72;89;7
400779;2020-09-25;79;F;2;0;C;28;29;5
400804;2020-09-25;793;M;1;3;B;11;11;4
400828;2020-09-25;607;F;2;0;B;20;20;5
400874;2020-09-25;921;M;2;3;B;11;11;5
400940;2020-09-25;65;M;4;0;B;66;78;6
400970;2020-09-25;298;F;4;0;C;73;86;6
400977;2020-09-28;27;F;1;0;B;75;84;7
401012;2020-09-28;854;F;5;1;C;20;20;6
401036;2020-09-28;129;M;2;0;A;36;40;5
401110;2020-09-28;202;M;1;0;B;57;67;7
401148;2020-09-28;607;F;2;0;B;70;82;6
401205;2020-09-28;298;F;4;0;C;25;28;5
401267;2020-09-28;122;M;3;3;B;69;86;5
401351;2020-09-28;894;F;4;3;C;57;65;5
401408;2020-09-28;419;F;2;1;B;28;30;5
401410;2020-09-28;770;M;2;3;B;30;32;6
401478;2020-09-28;580;M;3;0;B;45;49;6
401507;2020-09-28;39;M;2;0;C;49;56;5
401602;2020-09-28;800;M;1;0;C;70;77;6
401685;2020-09-28;476;M;3;0;C;76;84;5
401744;2020-09-28;399;F;4;1;C;30;31;5
401773;2020-09-28;577;M;4;0;C;55;62;6
401826;2020-09-28;957;M;2;3;B;29;29;6
401913;2020-09-28;888;F;4;2;B;54;62;6
401987;2020-09-28;183;M;4;1;B;44;46;6
402085;2020-09-28;863;F;1;4;B;71;86;7
402102;2020-09-28;58;M;2;2;B;47;51;5
402157;2020-09-28;962;M;3;4;B;48;52;4
402218;2020-09-28;149;M;1;3;A;2;2;2
402247;2020-09-28;581;F;4;2;C;70;86;5
402274;2020-09-28;121;F;1;2;B;15;15;3
402336;2020-09-28;929;M;4;0;B;21;21;5
402339;2020-09-28;958;M;2;3;B;75;85;7
402348;2020-09-28;421;M;3;3;C;11;11;5
402411;2020-01-10;201;M;3;0;B;62;72;6
402478;2020-01-10;332;F;3;4;C;71;85;6
402480;2020-01-10;311;F;4;0;C;37;42;5
402533;2020-01-10;24;F;4;0;C;39;44;6
402605;2020-01-10;773;M;4;0;B;8;8;3
402653;2020-01-10;441;M;4;2;B;5;5;2
402727;2020-01-10;589;F;3;2;C;22;23;5
402747;2020-01-10;568;F;4;1;A;71;82;7
402817;2020-01-10;459;F;3;2;B;62;71;6
402846;2020-01-10;554;F;3;0;A;3;3;2
402926;2020-01-10;899;F;4;0;C;15;15;5
402940;2020-01-10;55;F;3;0;B;65;80;6
403015;2020-01-10;46;F;4;1;B;54;63;6
403108;2020-05-10;151;F;1;0;B;18;19;3
403179;2020-05-10;99;F;1;4;C;29;32;6
403213;2020-05-10;708;F;2;2;B;15;15;5
403279;2020-05-10;884;F;3;2;C;63;76;6
403322;2020-05-10;760;F;2;0;A;22;22;5
403351;2020-05-10;774;F;2;0;B;24;26;6
403372;2020-05-10;211;M;2;1;B;64;78;6
403384;2020-05-10;621;F;4;0;B;16;16;3
403432;2020-05-10;391;F;2;0;A;42;51;5
403510;2020-05-10;363;F;1;0;B;35;37;5
403530;2020-05-10;718;F;3;2;B;7;7;3
403618;2020-05-10;824;F;1;0;B;61;79;6
403667;2020-05-10;875;F;1;0;B;23;23;5
403727;2020-05-10;474;M;2;0;B;23;23;5
403739;2020-05-10;520;M;1;0;B;71;89;6
403765;2020-05-10;978;F;3;0;C;55;62;6
403855;2020-05-10;461;M;3;4;C;33;34;5
403868;2020-05-10;118;M;2;4;A;31;34;4
403887;2020-05-10;997;M;5;2;C;59;67;5
403920;2020-05-10;13;M;2;1;B;27;28;4
403948;2020-05-10;878;F;4;3;C;12;13;3
403970;2020-05-10;684;F;3;0;C;64;75;6
404048;2020-05-10;977;M;1;0;C;66;74;6
404117;2020-05-10;347;F;4;0;B;14;14;5
404161;2020-05-10;39;M;2;0;C;39;39;5
404176;2020-05-10;174;M;4;3;C;63;76;6
404180;2020-05-10;242;F;4;0;B;67;74;7
404190;2020-05-10;1;M;1;0;C;10;11;3
404258;2020-05-10;156;F;2;0;B;60;73;5
404314;2020-05-10;558;F;5;2;C;24;24;4
404407;2020-05-10;40;M;2;1;B;49;51;6
404449;2020-05-10;353;M;1;2;B;20;20;5
404509;2020-05-10;161;M;5;2;B;60;67;6
404601;2020-05-10;858;F;4;2;C;2;2;2
404611;2020-05-10;678;F;3;0;C;59;67;6
404616;2020-05-10;37;M;3;0;B;70;83;7
404677;2020-05-10;318;M;1;2;B;5;5;3
404723;2020-05-10;744;M;4;0;A;30;32;5
404795;2020-05-10;599;F;1;4;C;14;15;4
404870;2020-05-10;4;M;4;0;B;48;50;6
404890;2020-05-10;861;M;3;0;B;7;9;4
404930;2020-05-10;801;M;1;4;B;31;36;5
404999;2020-05-10;415;F;3;0;B;13;13;4
405036;2020-05-10;843;F;5;1;C;40;47;5
405119;2020-05-10;985;M;1;0;B;49;57;7
405178;2020-05-10;170;F;4;2;B;36;41;5
405216;2020-05-10;36;F;3;0;C;70;83;6
405239;2020-05-10;398;F;4;1;B;37;41;6
405334;2020-07-10;821;F;2;3;B;44;51;5
405425;2020-07-10;495;F;2;3;A;72;82;7
405523;2020-07-10;747;M;1;0;B;40;46;6
405525;2020-07-10;736;M;1;0;C;70;84;6
405618;2020-07-10;672;F;4;0;B;66;77;5
405696;2020-07-10;868;M;4;0;B;6;6;3
405751;2020-07-10;578;M;4;0;B;6;6;3
405833;2020-07-10;408;F;4;0;B;5;5;4
405904;2020-07-10;671;M;2;0;C;72;88;7
405929;2020-07-10;94;M;1;2;C;34;38;5
406006;2020-07-10;1;M;1;0;C;63;67;6
406017;2020-07-10;491;M;2;1;A;49;60;5
406037;2020-07-10;981;F;4;1;C;42;45;5
406087;2020-07-10;809;F;3;3;B;60;69;6
406123;2020-07-10;901;F;4;1;B;63;85;6
406171;2020-07-10;773;M;4;0;B;18;18;4
406192;2020-07-10;758;F;3;0;B;31;34;5
406282;2020-07-10;278;F;3;2;C;77;88;6
406305;2020-07-10;585;F;2;4;B;20;22;5
406392;2020-07-10;196;M;2;0;B;70;86;7
406469;2020-07-10;442;F;3;2;B;70;78;7
406532;2020-07-10;232;M;3;1;B;41;47;6
406629;2020-10-14;710;F;3;1;C;45;47;7
406634;2020-10-14;565;F;1;2;B;21;21;5
406672;2020-10-14;230;M;1;4;A;54;62;6
406720;2020-10-14;918;F;2;4;C;54;57;4
406813;2020-10-14;811;M;2;1;B;73;81;6
406852;2020-10-14;668;M;1;0;A;72;87;5
406856;2020-10-14;966;F;4;2;B;40;44;5
406912;2020-10-14;197;F;2;0;B;63;82;5
406926;2020-10-14;596;M;2;0;B;6;6;4
406957;2020-10-14;854;F;5;1;C;10;10;4
406967;2020-10-14;264;F;4;1;B;25;26;5
406986;2020-10-14;230;M;1;4;A;49;51;5
407019;2020-10-14;509;F;2;3;C;4;4;2
407091;2020-10-14;953;M;1;1;B;54;57;7
407142;2020-10-14;492;F;2;1;C;5;5;3
407173;2020-10-14;834;M;3;3;B;26;27;6
407248;2020-10-14;848;F;5;3;A;44;52;5
407339;2020-10-14;240;M;4;0;B;28;31;5
407430;2020-10-14;866;M;2;2;C;56;61;5
407455;2020-10-14;344;M;3;0;B;65;78;6
407547;2020-10-14;195;M;4;0;B;7;7;2
407619;2020-10-14;968;F;1;0;B;32;38;5
407626;2020-10-14;999;M;2;2;C;58;68;6
407654;2020-10-14;260;F;2;0;C;51;58;6
407730;2020-10-14;751;F;2;0;B;24;26;6
407771;2020-10-14;745;F;1;2;B;48;57;4
407785;2020-10-14;335;F;3;0;C;29;32;5
407833;2020-10-14;835;F;1;0;A;2;2;1
407907;2020-10-14;808;F;3;0;B;38;46;7
407910;2020-10-14;701;M;3;0;B;29;31;5
407971;2020-10-14;866;M;2;2;C;16;18;4
408008;2020-10-18;972;M;4;0;C;47;51;5
408070;2020-10-18;697;M;3;0;C;28;29;5
408093;2020-10-18;135;M;3;0;B;23;23;4
408171;2020-10-18;480;F;2;0;C;26;26;4
408213;2020-10-18;393;F;4;0;B;2;2;2
408226;2020-10-18;915;F;3;0;B;18;19;5
408236;2020-10-18;664;M;3;1;B;67;80;6
408269;2020-10-18;946;M;3;0;B;29;33;6
408276;2020-10-18;466;F;1;0;C;70;80;6
408348;2020-10-18;780;M;3;2;B;49;55;6
408405;2020-10-18;916;F;3;4;C;30;30;5
408418;2020-10-18;550;M;4;0;B;56;62;5
408441;2020-10-18;271;F;4;0;B;64;77;6
408535;2020-10-18;208;M;3;0;B;68;76;6
408582;2020-10-18;485;M;3;3;B;72;86;6
408653;2020-10-18;682;F;2;2;B;45;52;5
408727;2020-10-18;989;M;2;0;B;39;47;6
408765;2020-10-18;25;M;4;1;C;56;60;6
408849;2020-10-18;405;F;4;0;B;44;51;6
408926;2020-10-18;607;F;2;0;B;64;74;6
408992;2020-10-18;543;M;2;2;B;17;17;4
409058;2020-10-18;295;F;1;3;B;71;85;6
409060;2020-10-18;692;F;4;0;B;67;78;6
409133;2020-10-18;387;M;2;2;B;57;62;6
409164;2020-10-18;547;F;3;4;C;20;20;5
409234;2020-10-18;748;M;4;0;B;23;25;4
409307;2020-10-18;488;M;3;2;B;25;26;6
409315;2020-10-18;667;F;4;0;C;50;54;6
409363;2020-10-18;378;F;2;0;C;12;13;4
409381;2020-10-18;750;M;2;2;C;44;53;6
409405;2020-10-18;700;F;4;2;C;67;76;5
409434;2020-10-18;722;F;4;0;B;22;27;6
409508;2020-10-18;26;F;4;1;A;23;24;6
409540;2020-10-18;434;M;1;4;B;20;20;4
409637;2020-10-18;723;M;4;0;B;14;14;4
409725;2020-10-18;163;F;3;0;A;21;21;4
409749;2020-10-18;706;F;2;0;A;26;28;5
409778;2020-10-18;943;F;1;0;C;42;44;5
409854;2020-10-18;369;F;3;4;C;71;88;7
409901;2020-10-18;858;F;4;2;C;75;87;6
409999;2020-10-18;702;M;1;0;B;70;81;5
410020;2020-10-18;209;F;4;0;B;14;14;5
410079;2020-10-18;11;F;4;0;A;62;72;5
410140;2020-10-18;122;M;3;3;B;64;68;6
410235;2020-10-18;295;F;1;3;B;39;44;4
410288;2020-10-18;815;F;2;4;B;62;68;6
410342;2020-10-18;181;F;2;2;B;62;68;7
410364;2020-10-18;43;M;2;0;B;3;3;3
410423;2020-10-18;463;M;3;3;B;45;48;5
410496;2020-10-18;168;F;4;3;B;8;8;4
410538;2020-10-18;810;M;1;0;B;69;77;5
410564;2020-10-18;851;F;2;0;B;5;5;3
410655;2020-10-18;310;M;4;3;C;74;86;6
410665;2020-10-18;388;F;4;3;B;19;21;4
410752;2020-10-18;715;F;3;4;B;59;70;6
410786;2020-10-18;387;M;2;2;B;24;28;5
410789;2020-10-18;569;M;1;1;A;70;76;7
410820;2020-10-18;692;F;4;0;B;46;50;6
410842;2020-10-20;241;M;4;1;B;59;76;6
410914;2020-10-20;146;F;2;0;B;38;46;5
410986;2020-10-20;552;M;4;0;B;41;46;5
411023;2020-10-20;817;M;3;0;B;59;69;7
411033;2020-10-20;402;M;2;0;C;24;24;4
411123;2020-10-20;680;F;3;0;C;34;35;4
411135;2020-10-20;87;M;3;2;A;69;78;7
411177;2020-10-20;634;F;2;0;C;6;7;3
411261;2020-10-20;124;F;4;2;B;69;82;5
411356;2020-10-20;542;M;3;1;B;49;57;5
411440;2020-10-20;257;M;1;4;C;2;2;1
411464;2020-10-20;370;M;1;4;B;22;23;6
411514;2020-10-20;868;M;4;0;B;44;48;6
411543;2020-10-20;176;F;2;0;B;19;19;5
411630;2020-10-20;826;F;2;0;C;70;79;6
411722;2020-10-20;947;F;3;1;B;25;28;5
411802;2020-10-20;416;M;3;2;C;12;12;2
411898;2020-10-20;617;F;4;3;C;27;27;4
411923;2020-10-20;644;M;1;0;C;2;2;2
411995;2020-10-20;270;F;3;1;B;67;80;6
412022;2020-10-20;499;M;3;0;B;17;18;5
412051;2020-10-20;296;F;1;3;B;14;15;3
412089;2020-10-20;944;F;3;1;B;48;49;7
412181;2020-10-20;202;M;1;0;B;33;35;4
412197;2020-10-20;952;F;3;4;C;14;14;5
412285;2020-10-20;232;M;3;1;B;66;76;7
412349;2020-10-20;163;F;3;0;A;43;45;6
412388;2020-10-20;859;M;1;0;B;53;57;7
412405;2020-10-20;899;F;4;0;C;13;13;4
412501;2020-10-20;680;F;3;0;C;25;26;5
412555;2020-10-20;944;F;3;1;B;15;15;5
412591;2020-10-20;899;F;4;0;C;60;67;6
412637;2020-10-20;818;F;2;0;B;17;17;5
412638;2020-10-20;501;M;1;0;B;34;37;5
412730;2020-10-20;602;M;3;0;B;1;1;1
412773;2020-10-20;569;M;1;1;A;69;85;6
412812;2020-10-20;622;F;3;0;B;39;41;6
412850;2020-10-20;656;M;2;0;C;13;13;4
412924;2020-10-20;441;M;4;2;B;8;8;4
412990;2020-10-20;155;F;2;0;B;34;37;6
413054;2020-10-20;396;F;1;0;B;43;52;5
413082;2020-10-20;367;F;1;0;A;58;74;5
413136;2020-10-20;358;F;3;0;C;4;4;3
413203;2020-10-20;618;M;4;3;B;3;3;3
413242;2020-10-20;760;F;2;0;A;53;55;5
413263;2020-10-20;225;M;4;0;C;48;57;5
413287;2020-10-20;324;F;3;3;B;41;43;5
413296;2020-10-20;902;F;2;1;B;64;68;6
413322;2020-10-20;378;F;2;0;C;75;86;6
413324;2020-10-20;604;M;4;0;B;16;16;4
413414;2020-10-23;885;F;3;1;A;66;82;7
413478;2020-10-23;950;M;3;0;C;48;56;6
413524;2020-10-23;536;M;4;0;B;5;5;2
413557;2020-10-23;881;F;5;1;C;54;61;5
413603;2020-10-23;634;F;2;0;C;74;88;6
413608;2020-10-23;398;F;4;1;B;52;58;5
413646;2020-10-23;718;F;3;2;B;58;61;6
413672;2020-10-23;604;M;4;0;B;38;41;5
413764;2020-10-23;41;M;3;0;C;49;53;6
413822;2020-10-23;261;F;4;0;B;72;77;7
413828;2020-10-23;209;F;4;0;B;68;77;6
413885;2020-10-23;600;M;2;4;C;70;76;7
413898;2020-10-23;482;M;4;2;B;32;35;7
413913;2020-10-23;462;F;4;0;A;20;21;4
413971;2020-10-23;825;M;1;2;C;52;60;5
414040;2020-10-23;975;F;3;0;B;30;30;5
414052;2020-10-23;111;M;2;4;C;7;7;2
414120;2020-10-23;809;F;3;3;B;71;82;6
414182;2020-10-23;727;M;4;2;C;36;41;5
414251;2020-10-23;175;M;1;0;B;60;76;6
414265;2020-10-23;368;M;4;0;C;44;45;6
414269;2020-10-23;145;M;3;0;B;60;66;6
414310;2020-10-23;885;F;3;1;A;31;32;5
414375;2020-10-23;542;M;3;1;B;31;32;5
414380;2020-10-23;347;F;4;0;B;20;20;4
414470;2020-10-23;105;F;4;0;C;55;70;6
414506;2020-10-23;399;F;4;1;C;11;11;3
414565;2020-10-23;418;M;2;2;A;59;71;7
414569;2020-10-23;650;F;2;0;C;5;5;2
414617;2020-10-23;264;F;4;1;B;60;74;5
414638;2020-10-23;135;M;3;0;B;58;67;6
414726;2020-10-23;644;M;1;0;C;39;44;6
414783;2020-10-23;68;F;2;1;A;33;33;5
414834;2020-10-23;432;F;1;0;C;71;89;7
414903;2020-10-23;991;F;2;2;C;57;65;6
414920;2020-10-23;604;M;4;0;B;5;5;2
414995;2020-10-23;546;F;4;0;B;45;50;6
415035;2020-10-23;631;M;1;4;C;67;83;6
415093;2020-10-23;492;F;2;1;C;2;2;2
415133;2020-10-23;779;M;3;4;A;33;36;6
415155;2020-10-23;79;F;2;0;C;39;43;6
415196;2020-10-23;808;F;3;0;B;56;68;6
415201;2020-10-23;781;M;4;0;B;25;26;4
415209;2020-10-23;402;M;2;0;C;40;43;5
415225;2020-10-23;82;F;1;1;C;8;8;3
415318;2020-10-23;607;F;2;0;B;56;63;5
415368;2020-10-23;549;M;2;3;C;13;13;3
415390;2020-10-23;249;F;4;0;B;32;36;6
415431;2020-10-23;347;F;4;0;B;39;42;6
415511;2020-10-23;890;M;3;0;C;45;48;5
415562;2020-10-23;520;M;1;0;B;39;43;5
415596;2020-10-23;748;M;4;0;B;1;1;1
415612;2020-10-23;973;F;4;0;B;45;54;6
415691;2020-10-23;805;F;3;0;C;4;4;2
415755;2020-10-23;450;M;1;0;B;30;31;5
415848;2020-10-23;729;M;3;0;B;53;61;6
415867;2020-10-23;952;F;3;4;C;9;9;3
415932;2020-10-23;654;M;1;1;B;34;36;7
415940;2020-10-23;970;M;2;4;B;21;23;5
415956;2020-10-23;645;F;4;0;B;6;6;2
415982;2020-10-23;223;F;3;0;B;51;60;6
416047;2020-10-23;240;M;4;0;B;51;53;6
416050;2020-10-23;596;M;2;0;B;48;53;7
416097;2020-10-23;265;M;2;3;B;9;10;4
416102;2020-10-23;114;F;3;3;B;68;84;5
416127;2020-10-23;59;M;2;0;A;44;51;5
416223;2020-10-23;217;F;3;0;B;44;49;7
416309;2020-10-23;671;M;2;0;C;70;89;7
416370;2020-10-23;334;M;3;0;C;4;4;2
416372;2020-10-23;698;F;2;0;B;72;89;7
416413;2020-10-23;44;F;4;0;C;8;8;3
416482;2020-10-23;831;F;4;2;B;14;16;4
416567;2020-10-23;919;F;2;0;C;21;21;3
416580;2020-10-23;924;F;2;2;B;24;26;5
416620;2020-10-23;161;M;5;2;B;26;26;4
416659;2020-10-23;664;M;3;1;B;47;55;5
416674;2020-10-23;688;M;1;1;A;58;69;7
416715;2020-10-23;312;M;1;0;A;16;16;5
416798;2020-10-23;500;M;3;2;C;43;47;5
416863;2020-10-23;948;M;4;0;C;51;56;6
416867;2020-10-23;993;M;5;1;B;33;38;5
416885;2020-10-30;540;F;2;0;C;18;18;5
416914;2020-10-30;22;M;1;0;B;72;87;6
416936;2020-10-30;537;F;1;4;B;52;54;6
416976;2020-10-30;52;F;1;0;A;9;9;3
417067;2020-10-30;281;F;2;0;B;69;79;6
417155;2020-10-30;472;M;2;1;C;10;11;4
417217;2020-10-30;376;F;3;0;B;69;80;5
417282;2020-10-30;696;M;2;0;B;28;29;6
417320;2020-10-30;26;F;4;1;A;56;65;7
417364;2020-10-30;502;M;4;0;C;51;56;6
417370;2020-10-30;531;F;3;1;B;16;19;4
417377;2020-10-30;615;M;1;4;C;2;2;1
417386;2020-10-30;82;F;1;1;C;16;17;4
417482;2020-10-30;530;F;1;0;A;57;72;6
417518;2020-10-30;737;F;2;1;C;65;75;5
417565;2020-10-30;206;F;3;1;C;70;81;5
417609;2020-10-30;443;F;4;0;C;3;3;1
417684;2020-10-30;491;M;2;1;A;24;24;4
417773;2020-10-30;540;F;2;0;C;56;67;6
417848;2020-10-30;132;M;2;0;A;34;37;5
417902;2020-10-30;398;F;4;1;B;19;20;5
417939;2020-10-30;665;M;1;4;B;55;66;6
417976;2020-10-30;220;M;1;0;B;45;50;4
418069;2020-10-30;324;F;3;3;B;25;26;5
418070;2020-10-30;785;M;1;4;C;3;3;2
418073;2020-10-30;895;M;3;0;B;12;12;5
418143;2020-10-30;477;F;4;0;B;42;51;5
418159;2020-10-30;25;M;4;1;C;43;54;6
418187;2020-10-30;565;F;1;2;B;18;20;4
418237;2020-10-30;217;F;3;0;B;30;31;5
418283;2020-10-30;792;F;2;0;B;36;37;4
418374;2020-10-30;526;M;2;2;B;31;34;5
418462;2020-10-30;700;F;4;2;C;62;68;7
418519;2020-10-30;196;M;2;0;B;17;19;3
418594;2020-10-30;365;M;4;0;A;70;86;7
418613;2020-10-30;90;F;2;2;B;47;54;5
418637;2020-10-30;334;M;3;0;C;63;73;6
418688;2020-10-30;294;F;4;0;C;34;36;5
418766;2020-10-30;54;M;1;0;A;21;21;5
418802;2020-10-30;334;M;3;0;C;63;73;6
418804;2020-03-11;823;M;5;3;B;9;9;4
418888;2020-03-11;128;F;2;0;B;70;77;7
418987;2020-03-11;588;F;1;4;C;57;65;5
419030;2020-03-11;890;M;3;0;C;18;20;5
419032;2020-03-11;692;F;4;0;B;57;68;6
419102;2020-03-11;277;F;1;3;B;64;75;7
419161;2020-03-11;416;M;3;2;C;30;32;3
419197;2020-03-11;56;F;2;3;B;71;86;6
419238;2020-03-11;760;F;2;0;A;57;67;5
419256;2020-03-11;628;M;3;0;B;34;39;3
419327;2020-03-11;800;M;1;0;C;60;69;6
419372;2020-03-11;11;F;4;0;A;30;31;5
419397;2020-03-11;242;F;4;0;B;30;32;6
419450;2020-03-11;298;F;4;0;C;33;33;6
419490;2020-03-11;375;M;4;0;B;20;23;6
419577;2020-03-11;436;M;2;4;B;23;23;5
419662;2020-03-11;638;M;3;1;B;61;76;5
419672;2020-03-11;516;M;1;0;C;19;20;3
419724;2020-03-11;975;F;3;0;B;18;19;5
419779;2020-03-11;910;M;2;2;B;57;65;6
419782;2020-03-11;702;M;1;0;B;74;88;6
419791;2020-03-11;443;F;4;0;C;43;45;5
419835;2020-03-11;45;M;2;0;A;55;62;6
419901;2020-03-11;61;M;1;2;B;64;76;6
419989;2020-03-11;584;M;3;0;B;37;40;6
420032;2020-03-11;192;F;4;0;B;57;70;6
420079;2020-03-11;694;M;4;0;C;65;75;5
420173;2020-03-11;579;F;3;0;B;46;50;5
420265;2020-03-11;8;F;3;0;B;10;11;4
420303;2020-03-11;921;M;2;3;B;35;41;5
420315;2020-03-11;912;F;4;0;C;47;51;5
420320;2020-03-11;174;M;4;3;C;4;4;3
420375;2020-03-11;707;M;4;0;B;15;15;4
420384;2020-03-11;63;F;3;0;B;58;67;7
420473;2020-06-11;352;M;4;2;B;19;20;3
420499;2020-06-11;564;M;3;2;B;24;26;3
420511;2020-06-11;983;F;4;0;C;59;68;7
420549;2020-06-11;845;F;3;3;C;66;73;5
420638;2020-06-11;578;M;4;0;B;38;44;7
420651;2020-06-11;360;M;4;0;B;6;6;2
420714;2020-06-11;520;M;1;0;B;55;65;7
420750;2020-06-11;768;F;4;0;B;75;86;6
420830;2020-06-11;289;F;3;4;C;22;23;6
420920;2020-06-11;971;F;1;2;A;29;35;5
421010;2020-06-11;156;F;2;0;B;15;16;4
421013;2020-06-11;903;M;1;0;B;67;79;6
421033;2020-06-11;925;M;2;0;C;28;29;5
421059;2020-06-11;900;F;3;0;B;68;80;7
421075;2020-06-11;208;M;3;0;B;3;3;2
421173;2020-06-11;905;M;1;0;B;23;25;5
421246;2020-06-11;779;M;3;4;A;6;6;4
421291;2020-06-11;752;M;3;0;C;77;85;7
421340;2020-06-11;122;M;3;3;B;65;75;7
421435;2020-06-11;344;M;3;0;B;20;20;5
421488;2020-06-11;371;F;4;0;B;14;15;4
421521;2020-06-11;472;M;2;1;C;4;4;2
421559;2020-06-11;101;F;1;0;C;67;81;5
421597;2020-06-11;330;F;1;0;B;55;63;6
421638;2020-06-11;612;F;3;4;B;65;77;7
421657;2020-06-11;644;M;1;0;C;53;61;6
421739;2020-06-11;363;F;1;0;B;54;62;6
421765;2020-06-11;161;M;5;2;B;70;81;7
421819;2020-06-11;71;F;3;1;B;12;12;4
421891;2020-06-11;394;M;1;0;B;51;54;6
421981;2020-06-11;955;F;3;2;C;5;5;3
422036;2020-06-11;618;M;4;3;B;66;73;7
422082;2020-06-11;689;M;2;0;C;68;83;5
422150;2020-06-11;618;M;4;3;B;18;22;4
422185;2020-06-11;642;M;2;3;B;22;24;5
422238;2020-06-11;615;M;1;4;C;63;73;6
422258;2020-06-11;586;F;4;2;B;61;73;7
422304;2020-06-11;752;M;3;0;C;15;15;4
422330;2020-06-11;312;M;1;0;A;20;20;5
422356;2020-06-11;545;M;2;2;B;36;39;6
422409;2020-06-11;138;F;3;2;B;2;2;2
422418;2020-06-11;43;M;2;0;B;23;23;4
422503;2020-06-11;130;F;1;0;B;2;2;2
422561;2020-06-11;742;M;1;1;C;21;22;5
422652;2020-06-11;483;M;1;0;C;57;63;6
422711;2020-06-11;743;M;1;3;C;50;60;6
422764;2020-06-11;919;F;2;0;C;20;21;5
422858;2020-06-11;686;F;3;2;A;32;36;6
422874;2020-06-11;581;F;4;2;C;69;84;5
422907;2020-06-11;451;M;3;0;C;20;20;5
422914;2020-06-11;725;M;4;0;C;25;27;5
422935;2020-06-11;654;M;1;1;B;61;71;6
422998;2020-06-11;584;M;3;0;B;41;43;5
423081;2020-06-11;972;M;4;0;C;64;70;6
423144;2020-06-11;949;M;1;0;B;64;78;6
423174;2020-06-11;256;F;4;0;B;2;2;2
423201;2020-06-11;411;F;2;0;B;58;66;6
423266;2020-06-11;260;F;2;0;C;70;84;6
423346;2020-06-11;536;M;4;0;B;73;82;6
423376;2020-06-11;182;F;1;4;B;27;27;6
423437;2020-06-11;985;M;1;0;B;2;2;2
423512;2020-06-11;803;F;2;0;A;25;26;3
423578;2020-06-11;596;M;2;0;B;46;49;5
423587;2020-06-11;117;M;2;3;B;61;76;6
423653;2020-06-11;177;F;3;2;C;68;75;6
423715;2020-06-11;211;M;2;1;B;68;81;6
423809;2020-06-11;643;F;4;0;C;52;57;6
423877;2020-06-11;835;F;1;0;A;48;52;7
423941;2020-06-11;858;F;4;2;C;53;62;5
423984;2020-06-11;824;F;1;0;B;34;37;5
424000;2020-06-11;764;F;3;1;B;65;68;5
424010;2020-12-11;717;F;3;0;B;65;81;6
424019;2020-12-11;15;M;2;1;C;48;52;6
424112;2020-12-11;925;M;2;0;C;5;5;3
424197;2020-12-11;772;F;2;0;B;16;16;4
424293;2020-12-11;401;M;1;4;C;2;2;2
424353;2020-12-11;711;M;4;2;B;31;32;5
424359;2020-12-11;868;M;4;0;B;62;75;6
424375;2020-12-11;722;F;4;0;B;16;18;4
424439;2020-12-11;493;M;2;4;B;51;56;6
424472;2020-12-11;810;M;1;0;B;15;15;6
424568;2020-12-11;980;F;1;0;B;3;3;2
424633;2020-12-11;908;M;3;2;C;13;13;6
424665;2020-12-11;443;F;4;0;C;72;86;5
424757;2020-12-11;237;F;4;3;C;35;37;3
424781;2020-12-11;246;M;2;2;B;4;4;2
424800;2020-12-11;25;M;4;1;C;11;11;4
424832;2020-12-11;36;F;3;0;C;18;18;5
424909;2020-12-11;493;M;2;4;B;30;31;6
424949;2020-12-11;157;M;1;1;C;60;73;5
425030;2020-12-11;697;M;3;0;C;52;60;5
425040;2020-12-11;97;F;4;1;B;41;49;5
425066;2020-12-11;470;M;3;1;B;2;2;2
425088;2020-12-11;629;M;3;0;C;70;84;6
425170;2020-12-11;140;F;1;0;C;54;59;6
425199;2020-12-11;460;F;1;3;B;69;87;6
425225;2020-12-11;824;F;1;0;B;13;13;3
425243;2020-12-11;408;F;4;0;B;34;34;5
425312;2020-12-11;827;M;4;0;B;57;64;6
425395;2020-12-11;876;F;2;3;B;15;16;3
425450;2020-12-11;353;M;1;2;B;15;15;3
425471;2020-12-11;582;F;2;0;B;3;3;2
425536;2020-12-11;57;M;2;0;B;44;52;6
425612;2020-12-11;387;M;2;2;B;33;36;4
425639;2020-12-11;139;F;3;3;B;34;37;5
425724;2020-12-11;219;M;2;0;B;13;13;4
425802;2020-12-11;65;M;4;0;B;53;60;6
425828;2020-12-11;998;F;2;0;C;47;57;5
425888;2020-12-11;506;F;4;3;B;22;22;5
425898;2020-12-11;364;F;4;2;C;33;34;6
425938;2020-12-11;415;F;3;0;B;76;87;6
425957;2020-12-11;277;F;1;3;B;67;76;6
426016;2020-12-11;337;M;3;0;B;67;84;7
426108;2020-12-11;873;F;3;0;B;46;50;6
426136;2020-12-11;224;M;4;0;B;15;15;3
426156;2020-12-11;499;M;3;0;B;34;36;5
426229;2020-12-11;784;F;1;3;B;11;11;3
426261;2020-12-11;493;M;2;4;B;75;86;5
426304;2020-12-11;13;M;2;1;B;4;4;2
426351;2020-12-11;577;M;4;0;C;9;9;4
426363;2020-12-11;877;M;2;0;C;23;26;5
426398;2020-12-11;720;M;2;3;B;47;53;6
426443;2020-12-11;98;M;1;0;B;63;74;4
426448;2020-12-11;522;M;1;2;A;57;62;6
426520;2020-12-11;869;F;3;0;B;57;63;7
426609;2020-12-11;125;M;3;0;B;52;62;6
426669;2020-12-11;470;M;3;1;B;16;16;4
426731;2020-12-11;695;M;2;0;A;75;88;6
426770;2020-12-11;272;M;4;3;C;53;63;6
426791;2020-12-11;319;M;1;4;B;52;62;6
426849;2020-12-11;995;M;3;1;B;37;40;4
426876;2020-12-11;797;M;2;4;B;1;1;1
426959;2020-12-11;161;M;5;2;B;72;87;6
426981;2020-12-11;559;F;3;1;A;26;27;6
426996;2020-12-11;55;F;3;0;B;26;27;6
427028;2020-12-11;23;M;3;0;B;25;27;6
427037;2020-12-11;823;M;5;3;B;3;3;2
427068;2020-12-11;719;M;1;0;B;40;44;6
427097;2020-12-11;236;M;2;2;C;11;12;2
427147;2020-12-11;179;F;2;0;B;30;30;5
427178;2020-12-11;682;F;2;2;B;23;26;5
427257;2020-12-11;157;M;1;1;C;23;24;5
427347;2020-12-11;520;M;1;0;B;33;36;5
427422;2020-12-11;620;M;2;0;B;37;38;5
427502;2020-12-11;831;F;4;2;B;36;39;6
427504;2020-12-11;292;F;2;0;C;31;32;5
427601;2020-12-11;22;M;1;0;B;72;83;6
427620;2020-12-11;313;M;3;0;B;11;11;3
427653;2020-12-11;976;M;4;2;B;21;21;4
427734;2020-12-11;158;M;3;0;B;24;25;4
427786;2020-12-11;973;F;4;0;B;64;72;6
427880;2020-12-11;877;M;2;0;C;65;76;6
427972;2020-12-11;315;F;3;0;B;24;26;3
428044;2020-12-11;728;M;2;0;A;40;44;6
428114;2020-12-11;528;M;2;2;C;53;61;6
428133;2020-12-11;730;F;2;0;B;9;9;2
428228;2020-12-11;893;F;1;0;B;78;87;6
428239;2020-12-11;944;F;3;1;B;39;44;5
428244;2020-12-11;474;M;2;0;B;35;38;7
428258;2020-12-11;233;M;3;0;B;67;86;6
428301;2020-11-14;326;F;1;0;B;68;81;6
428383;2020-11-14;440;F;4;0;C;7;7;4
428477;2020-11-14;288;M;2;0;B;45;49;5
428498;2020-11-14;958;M;2;3;B;33;36;6
428536;2020-11-14;269;F;3;3;B;60;75;6
428576;2020-11-14;596;M;2;0;B;4;4;2
428603;2020-11-14;695;M;2;0;A;17;18;6
428614;2020-11-14;570;F;4;1;C;42;48;4
428664;2020-11-14;326;F;1;0;B;62;71;6
428676;2020-11-14;585;F;2;4;B;27;28;3
428734;2020-11-14;232;M;3;1;B;6;6;4
428818;2020-11-14;860;M;1;0;B;55;59;7
428896;2020-11-14;246;M;2;2;B;50;62;6
428948;2020-11-14;20;M;4;0;B;30;33;4
429007;2020-11-14;705;M;1;0;B;68;82;5
429065;2020-11-14;586;F;4;2;B;10;10;4
429069;2020-11-14;689;M;2;0;C;51;53;6
429162;2020-11-14;714;M;1;0;B;68;82;6
429245;2020-11-14;492;F;2;1;C;5;5;3
429265;2020-11-14;890;M;3;0;C;64;77;7
429307;2020-11-14;203;F;3;0;A;2;2;2
429372;2020-11-14;587;M;1;0;B;63;72;6
429431;2020-11-14;726;M;2;0;B;28;31;6
429523;2020-11-14;949;M;1;0;B;11;11;3
429530;2020-11-14;873;F;3;0;B;17;18;4
429542;2020-11-14;523;M;3;0;B;1;1;1
429543;2020-11-14;886;F;5;1;B;9;10;2
429559;2020-11-14;652;F;4;0;B;7;8;4
429563;2020-11-14;813;F;4;0;C;60;67;6
429583;2020-11-14;591;M;4;1;B;43;44;4
429600;2020-11-14;158;M;3;0;B;64;85;5
429695;2020-11-14;965;M;3;0;B;35;41;4
429785;2020-11-14;812;F;2;0;A;51;56;5
429841;2020-11-14;49;M;2;0;C;64;73;6
429900;2020-11-14;238;M;2;1;B;19;19;5
429906;2020-11-14;251;F;2;0;C;61;75;7
429909;2020-11-14;89;F;3;3;C;40;42;6
429917;2020-11-14;620;M;2;0;B;58;63;7
429982;2020-11-14;324;F;3;3;B;38;45;6
430011;2020-11-14;78;M;1;0;B;16;18;5
430048;2020-11-14;532;F;2;3;B;71;86;6
430118;2020-11-14;589;F;3;2;C;21;22;4
430135;2020-11-14;139;F;3;3;B;60;69;6
430165;2020-11-14;61;M;1;2;B;46;48;5
430173;2020-11-14;760;F;2;0;A;12;14;3
430270;2020-11-14;8;F;3;0;B;71;87;6
430343;2020-11-14;610;M;2;0;B;55;63;5
430401;2020-11-14;157;M;1;1;C;33;36;5
430476;2020-11-14;132;M;2;0;A;9;9;4
430508;2020-11-14;964;M;2;0;B;53;63;6
430523;2020-11-14;264;F;4;1;B;48;52;6
430592;2020-11-14;1000;F;4;1;B;6;6;3
430674;2020-11-14;926;M;1;0;B;44;51;5
430752;2020-11-14;648;M;1;0;B;75;86;6
430846;2020-11-14;420;M;3;0;B;62;72;7
430927;2020-11-14;265;M;2;3;B;22;24;5
430979;2020-11-14;605;M;4;2;B;33;33;4
430985;2020-11-14;96;F;1;1;C;65;77;6
431082;2020-11-14;420;M;3;0;B;51;55;6
431154;2020-11-14;23;M;3;0;B;39;41;5
431226;2020-11-18;199;M;3;3;B;43;51;6
431325;2020-11-18;108;M;1;0;B;54;62;6
431379;2020-11-18;200;F;3;0;B;73;87;6
431396;2020-11-18;639;M;2;0;C;22;25;6
431401;2020-11-18;536;M;4;0;B;57;65;7
431418;2020-11-18;892;F;4;2;B;62;70;6
431448;2020-11-18;83;M;1;4;B;37;39;5
431500;2020-11-18;973;F;4;0;B;18;19;5
431501;2020-11-18;317;M;3;0;B;48;53;5
431522;2020-11-18;86;F;4;3;C;51;60;5
431611;2020-11-18;29;M;2;0;B;34;35;6
431705;2020-11-18;360;M;4;0;B;30;32;5
431753;2020-11-18;41;M;3;0;C;1;1;1
431757;2020-11-18;531;F;3;1;B;29;32;5
431778;2020-11-18;415;F;3;0;B;27;29;5
431835;2020-11-18;94;M;1;2;C;67;82;7
431882;2020-11-21;380;M;3;4;B;49;57;6
431923;2020-11-21;934;F;2;2;B;30;35;5
432009;2020-11-21;390;F;2;0;B;34;37;5
432087;2020-11-21;243;F;1;4;C;49;53;5
432091;2020-11-21;333;F;2;0;C;22;23;6
432117;2020-11-21;476;M;3;0;C;43;45;4
432124;2020-11-21;689;M;2;0;C;1;1;1
432148;2020-11-21;445;M;2;0;B;10;10;4
432221;2020-11-21;378;F;2;0;C;3;3;2
432265;2020-11-21;855;M;4;1;C;16;16;3
432329;2020-11-21;741;M;3;0;B;48;54;4
432404;2020-11-21;710;F;3;1;C;71;84;6
432484;2020-11-21;660;F;3;0;C;52;58;6
432580;2020-11-21;160;F;3;4;B;46;51;6
432631;2020-11-21;104;F;3;2;B;40;41;6
432697;2020-11-21;838;F;1;0;C;35;37;6
432714;2020-11-21;938;M;1;4;B;64;69;5
432721;2020-11-21;889;F;3;4;B;40;45;4
432768;2020-11-21;707;M;4;0;B;70;81;6
432798;2020-11-21;234;M;3;4;B;46;52;6
432803;2020-11-25;746;M;3;0;C;1;1;1
432818;2020-11-25;38;M;3;0;B;23;23;6
432903;2020-11-25;147;M;1;0;A;36;38;5
432985;2020-11-25;810;M;1;0;B;32;33;6
433004;2020-11-25;812;F;2;0;A;31;33;5
433029;2020-11-25;74;M;3;0;C;37;41;5
433115;2020-11-25;617;F;4;3;C;36;40;4
433116;2020-11-25;176;F;2;0;B;28;30;4
433176;2020-11-25;723;M;4;0;B;66;79;6
433180;2020-11-25;135;M;3;0;B;51;57;6
433253;2020-11-25;49;M;2;0;C;51;57;5
433352;2020-11-25;868;M;4;0;B;10;10;3
433362;2020-11-25;350;F;5;1;B;1;1;1
433459;2020-11-25;181;F;2;2;B;31;33;7
433489;2020-11-25;309;M;1;0;B;64;83;5
433573;2020-11-25;952;F;3;4;C;4;4;2
433607;2020-11-25;916;F;3;4;C;62;72;7
433691;2020-11-25;639;M;2;0;C;44;48;5
433776;2020-11-25;618;M;4;3;B;71;79;6
433875;2020-11-25;169;F;1;1;B;33;35;5
433909;2020-11-25;141;M;3;4;B;64;81;6
433953;2020-11-25;509;F;2;3;C;3;3;2
433989;2020-11-25;629;M;3;0;C;33;35;6
434023;2020-11-25;98;M;1;0;B;9;10;2
434063;2020-11-25;683;F;3;0;B;62;72;6
434136;2020-11-25;213;M;2;4;B;31;31;6
434222;2020-11-25;160;F;3;4;B;58;59;7
434284;2020-11-25;487;F;3;0;C;59;69;6
434311;2020-11-25;257;M;1;4;C;58;69;6
434356;2020-11-25;850;M;1;0;C;12;12;5
434363;2020-11-25;358;F;3;0;C;61;72;6
434427;2020-11-25;782;M;3;3;B;37;41;5
434495;2020-11-25;878;F;4;3;C;22;22;5
434505;2020-11-25;781;M;4;0;B;1;1;1
434511;2020-11-25;468;M;3;1;C;40;45;6
434534;2020-11-25;327;M;4;2;A;63;75;6
434574;2020-11-25;336;F;1;0;C;47;55;5
434653;2020-11-25;691;M;4;0;B;4;4;2
434752;2020-11-25;152;F;3;1;C;43;46;7
434828;2020-11-25;277;F;1;3;B;23;24;4
434864;2020-11-25;930;F;4;1;B;30;33;5
434904;2020-11-25;4;M;4;0;B;55;68;6
434991;2020-11-25;134;F;3;0;B;5;5;5
435020;2020-11-25;295;F;1;3;B;59;73;6
435048;2020-11-25;600;M;2;4;C;64;73;6
435118;2020-11-25;853;M;5;2;A;22;23;6
435142;2020-11-25;826;F;2;0;C;58;67;6
435218;2020-11-25;600;M;2;4;C;21;21;4
435291;2020-11-25;172;M;2;0;B;45;49;5
435338;2020-11-25;67;M;1;0;B;60;71;6
435376;2020-11-26;540;F;2;0;C;75;88;6
435419;2020-11-26;138;F;3;2;B;25;26;5
435455;2020-11-26;863;F;1;4;B;24;25;6
435461;2020-11-26;90;F;2;2;B;34;34;5
435478;2020-11-26;15;M;2;1;C;26;28;6
435560;2020-11-26;536;M;4;0;B;9;9;2
435603;2020-11-26;610;M;2;0;B;71;85;6
435686;2020-11-26;933;M;2;2;B;66;79;5
435695;2020-11-26;71;F;3;1;B;29;32;5
435739;2020-11-26;131;F;2;0;C;50;57;6
435763;2020-11-26;448;F;2;0;A;26;28;5
435840;2020-11-26;817;M;3;0;B;5;6;2
435939;2020-11-26;162;F;1;1;B;55;65;5
436020;2020-11-26;134;F;3;0;B;57;68;5
436050;2020-11-26;481;M;3;0;B;50;55;6
436063;2020-11-26;928;F;5;1;B;49;59;5
436116;2020-11-26;966;F;4;2;B;10;10;4
436203;2020-11-26;646;F;1;0;B;69;79;6
436290;2020-11-26;519;M;2;4;B;60;73;6
436338;2020-11-26;534;M;4;1;C;71;87;6
436425;2020-11-26;811;M;2;1;B;33;34;5
436480;2020-11-26;676;M;2;3;B;61;72;6
436551;2020-11-26;957;M;2;3;B;1;1;1
436628;2020-11-26;492;F;2;1;C;40;45;6
436650;2020-11-26;561;M;2;0;B;3;3;2
436701;2020-11-26;145;M;3;0;B;29;30;5
436779;2020-11-26;318;M;1;2;B;64;68;5
436818;2020-11-26;423;F;5;2;A;20;20;4
436828;2020-11-26;203;F;3;0;A;3;3;2
436915;2020-11-26;551;M;1;0;C;59;72;7
436975;2020-11-26;987;F;1;0;B;40;41;5
436997;2020-11-26;728;M;2;0;A;15;16;4
437004;2020-11-26;810;M;1;0;B;51;53;7
437074;2020-11-26;550;M;4;0;B;72;86;6
437133;2020-11-26;191;M;3;0;B;26;27;5
437140;2020-11-26;183;M;4;1;B;73;85;6
437182;2020-11-26;967;F;1;0;B;48;52;4
437280;2020-11-26;613;F;3;0;B;71;84;6
437376;2020-11-26;699;F;1;0;C;14;14;3
437448;2020-11-26;186;M;2;4;C;26;27;7
437515;2020-11-26;41;M;3;0;C;4;4;3
437580;2020-11-26;502;M;4;0;C;45;48;5
437616;2020-11-26;894;F;4;3;C;59;76;6
437644;2020-11-26;709;F;3;0;B;59;64;6
437654;2020-11-26;106;M;1;0;B;47;50;5
437719;2020-11-26;402;M;2;0;C;52;65;6
437739;2020-11-26;456;M;1;4;B;58;69;6
437764;2020-11-26;588;F;1;4;C;71;89;5
437827;2020-11-26;373;F;4;2;B;47;52;5
437858;2020-11-26;807;M;1;3;B;52;60;7
437951;2020-11-26;565;F;1;2;B;11;11;3
438033;2020-11-26;937;M;3;4;C;55;63;7
438060;2020-11-26;277;F;1;3;B;69;76;5
438140;2020-11-26;720;M;2;3;B;17;17;5
438170;2020-11-26;866;M;2;2;C;6;6;3
438182;2020-11-26;242;F;4;0;B;11;11;4
438259;2020-11-26;582;F;2;0;B;6;6;3
438280;2020-11-26;204;F;3;3;B;72;80;6
438290;2020-11-26;13;M;2;1;B;24;26;5
438355;2020-11-26;369;F;3;4;C;63;77;7
438399;2020-11-26;41;M;3;0;C;61;68;7
438467;2020-11-26;956;M;5;1;C;52;60;5
438493;2020-11-26;430;F;4;1;B;64;79;5
438547;2020-11-26;504;M;3;0;B;46;49;5
438569;2020-11-26;737;F;2;1;C;23;26;5
438631;2020-11-26;374;F;3;0;B;58;67;5
438656;2020-11-26;747;M;1;0;B;22;24;5
438705;2020-11-26;925;M;2;0;C;14;14;5
438769;2020-11-26;232;M;3;1;B;52;56;5
438797;2020-11-26;616;F;1;2;C;52;58;4
438873;2020-11-26;654;M;1;1;B;34;42;6
438908;2020-11-26;947;F;3;1;B;14;14;3
438997;2020-11-26;339;F;4;0;C;7;7;2
439024;2020-11-26;813;F;4;0;C;40;44;5
439061;2020-11-26;287;F;1;0;B;3;3;1
439148;2020-11-26;449;F;2;3;B;32;34;4
439221;2020-11-26;266;F;3;3;B;16;17;5
439271;2020-11-26;170;F;4;2;B;12;13;4
439312;2020-11-26;490;F;2;4;C;3;3;3
439398;2020-11-26;426;F;3;0;C;55;63;5
439473;2020-11-26;706;F;2;0;A;10;10;5
439479;2020-11-26;894;F;4;3;C;33;38;5
439565;2020-11-26;457;M;3;0;C;73;88;7
439599;2020-11-26;281;F;2;0;B;61;75;7
439684;2020-11-26;359;F;1;0;B;10;11;4
439694;2020-11-26;877;M;2;0;C;14;14;3
439782;2020-11-26;109;M;2;1;B;33;35;5
439834;2020-11-26;113;F;3;0;B;1;1;1
439903;2020-11-26;79;F;2;0;C;66;84;5
439981;2020-11-27;391;F;2;0;A;33;36;5
440061;2020-11-27;900;F;3;0;B;75;88;6
440136;2020-11-27;585;F;2;4;B;69;78;6
440213;2020-11-27;619;M;4;1;B;58;66;6
440245;2020-11-27;707;M;4;0;B;70;86;7
440256;2020-11-27;444;F;2;0;B;52;59;6
440285;2020-11-27;450;M;1;0;B;62;72;6
440302;2020-11-27;515;M;4;0;A;8;8;3
440340;2020-11-27;216;F;1;2;B;65;73;6
440395;2020-11-27;251;F;2;0;C;62;72;6
440440;2020-11-27;71;F;3;1;B;64;73;6
440474;2020-11-27;456;M;1;4;B;23;25;4
440552;2020-11-27;581;F;4;2;C;24;28;5
440607;2020-11-27;318;M;1;2;B;44;51;5
440625;2020-11-27;454;F;1;0;B;39;43;6
440677;2020-11-27;986;M;4;0;B;3;3;3
440727;2020-11-27;633;F;3;0;C;60;67;5
440825;2020-11-27;207;F;3;0;B;22;24;6
440854;2020-11-27;542;M;3;1;B;6;6;2
440858;2020-11-27;742;M;1;1;C;63;77;6
440861;2020-11-27;733;M;4;0;B;5;5;3
440937;2020-11-27;335;F;3;0;C;22;23;4
440972;2020-11-27;33;F;2;0;B;33;38;6
441071;2020-11-27;265;M;2;3;B;52;61;5
441112;2020-11-27;423;F;5;2;A;71;87;6
441155;2020-11-27;911;F;2;0;B;64;87;6
441230;2020-11-27;811;M;2;1;B;59;69;7
441287;2020-11-27;306;F;3;0;B;73;85;6
441297;2020-11-27;107;F;2;0;C;73;86;5
441325;2020-11-27;747;M;1;0;B;10;10;4
441406;2020-11-27;745;F;1;2;B;41;45;5
441440;2020-11-27;519;M;2;4;B;15;16;6
441482;2020-11-27;450;M;1;0;B;52;62;5
441487;2020-11-27;291;F;3;0;C;36;39;6
441546;2020-11-27;475;F;4;3;B;41;43;5
441642;2020-11-27;146;F;2;0;B;40;45;6
441643;2020-11-27;737;F;2;1;C;46;50;5
441734;2020-11-27;6;F;2;0;B;61;71;7
441740;2020-11-27;794;M;1;2;B;34;36;4
441758;2020-11-27;352;M;4;2;B;20;22;5
441807;2020-11-27;814;M;4;0;B;30;31;5
441870;2020-11-27;703;M;1;3;B;62;74;6
441884;2020-11-27;313;M;3;0;B;29;30;5
441957;2020-11-27;506;F;4;3;B;5;5;4
442032;2020-11-27;559;F;3;1;A;72;86;6
442118;2020-11-27;730;F;2;0;B;69;82;6
442135;2020-11-27;949;M;1;0;B;65;74;6
442138;2020-11-27;731;M;3;4;B;10;10;4
442142;2020-11-27;704;F;2;0;C;7;7;4
442183;2020-11-27;879;M;2;2;C;27;28;5
442186;2020-11-27;528;M;2;2;C;18;19;5
442201;2020-11-27;147;M;1;0;A;17;19;4
442265;2020-11-27;273;M;4;0;C;63;83;6
442358;2020-11-27;400;F;4;1;C;28;31;4
442400;2020-11-27;349;M;3;0;B;70;85;6
442499;2020-11-27;208;M;3;0;B;12;12;6
442528;2020-11-27;169;F;1;1;B;27;27;5
442592;2020-11-27;94;M;1;2;C;38;41;5
442629;2020-02-12;149;M;1;3;A;55;68;7
442718;2020-02-12;55;F;3;0;B;41;47;5
442787;2020-02-12;110;M;3;0;C;57;61;7
442808;2020-02-12;458;F;3;4;C;1;1;1
442856;2020-02-12;471;F;4;0;A;51;57;6
442928;2020-02-12;768;F;4;0;B;39;40;5
442951;2020-02-12;591;M;4;1;B;27;29;5
442977;2020-02-12;821;F;2;3;B;48;59;4
443046;2020-02-12;309;M;1;0;B;53;58;6
443144;2020-02-12;309;M;1;0;B;57;64;6
443206;2020-02-12;508;F;3;0;B;11;11;3
443265;2020-02-12;54;M;1;0;A;69;88;6
443305;2020-02-12;596;M;2;0;B;1;1;1
443393;2020-02-12;394;M;1;0;B;13;14;4
443395;2020-02-12;74;M;3;0;C;2;2;2
443399;2020-02-12;107;F;2;0;C;34;35;4
443488;2020-02-12;775;F;2;3;B;41;44;7
443506;2020-02-12;818;F;2;0;B;66;70;7
443516;2020-02-12;122;M;3;3;B;5;5;4
443545;2020-02-12;915;F;3;0;B;10;10;3
443639;2020-02-12;254;F;5;2;B;9;9;3
443655;2020-02-12;274;M;1;1;B;68;74;5
443735;2020-02-12;254;F;5;2;B;28;29;5
443738;2020-02-12;847;M;4;2;A;58;70;5
443789;2020-02-12;555;M;4;3;A;24;27;4
443832;2020-02-12;663;F;4;0;B;28;29;5
443849;2020-02-12;430;F;4;1;B;8;8;4
443910;2020-02-12;631;M;1;4;C;38;39;6
444002;2020-02-12;743;M;1;3;C;70;89;6
444015;2020-03-12;692;F;4;0;B;24;25;6
444096;2020-03-12;128;F;2;0;B;69;80;6
444142;2020-03-12;543;M;2;2;B;64;79;7
444228;2020-03-12;315;F;3;0;B;54;62;5
444262;2020-03-12;59;M;2;0;A;33;36;6
444280;2020-03-12;100;F;2;3;C;51;59;6
444360;2020-03-12;290;F;1;0;B;59;69;7
444454;2020-03-12;887;F;3;0;B;34;36;6
444492;2020-03-12;794;M;1;2;B;68;81;7
444502;2020-03-12;932;M;4;1;B;63;76;5
444517;2020-03-12;618;M;4;3;B;63;77;7
444562;2020-03-12;121;F;1;2;B;14;14;5
444591;2020-03-12;442;F;3;2;B;5;5;2
444642;2020-03-12;229;M;2;2;C;62;74;5
444740;2020-03-12;971;F;1;2;A;49;55;5
444791;2020-03-12;407;F;3;3;A;59;75;6
444857;2020-03-12;69;M;4;3;A;26;32;5
444881;2020-03-12;854;F;5;1;C;2;2;2
444916;2020-03-12;279;M;1;2;B;39;42;5
444938;2020-03-12;23;M;3;0;B;59;72;6
445031;2020-03-12;360;M;4;0;B;15;17;5
445123;2020-03-12;576;M;3;0;B;21;21;4
445199;2020-03-12;731;M;3;4;B;19;20;4
445251;2020-03-12;974;M;4;1;B;61;73;5
445288;2020-03-12;901;F;4;1;B;29;31;5
445358;2020-03-12;52;F;1;0;A;9;9;4
445370;2020-03-12;294;F;4;0;C;56;60;6
445421;2020-03-12;342;M;3;0;B;64;74;5
445509;2020-03-12;283;M;4;1;B;47;51;5
445519;2020-03-12;691;M;4;0;B;2;2;2
445529;2020-03-12;686;F;3;2;A;73;89;6
445540;2020-03-12;630;M;1;2;C;2;2;2
445618;2020-03-12;339;F;4;0;C;64;74;5
445680;2020-03-12;246;M;2;2;B;60;69;6
445751;2020-03-12;293;M;4;0;B;22;23;5
445776;2020-03-12;601;M;4;0;A;13;13;5
445822;2020-03-12;703;M;1;3;B;52;57;6
445861;2020-03-12;728;M;2;0;A;65;77;6
445938;2020-03-12;602;M;3;0;B;15;18;5
445986;2020-03-12;548;F;4;0;C;30;31;5
446083;2020-03-12;459;F;3;2;B;7;7;4
446104;2020-03-12;152;F;3;1;C;66;80;6
446119;2020-03-12;15;M;2;1;C;50;57;6
446193;2020-03-12;762;F;2;0;B;45;49;5
446215;2020-03-12;544;F;2;0;B;65;73;7
446262;2020-03-12;557;F;2;0;A;21;21;4
446319;2020-03-12;563;M;3;0;B;58;69;6
446382;2020-10-12;904;M;1;2;B;5;5;1
446446;2020-10-12;666;F;2;2;B;47;58;5
446452;2020-10-12;98;M;1;0;B;38;40;6
446501;2020-10-12;97;F;4;1;B;68;83;6
446551;2020-10-12;467;F;2;2;B;74;85;6
446599;2020-10-12;432;F;1;0;C;59;73;6
446623;2020-10-12;238;M;2;1;B;69;81;7
446703;2020-10-12;832;F;1;0;B;48;52;5
446737;2020-10-12;662;F;1;1;B;46;50;5
446763;2020-10-12;726;M;2;0;B;64;77;5
446765;2020-10-12;829;F;3;4;B;37;38;5
446821;2020-10-12;701;M;3;0;B;53;58;6
446903;2020-10-12;145;M;3;0;B;47;53;6
446936;2020-10-12;355;M;3;4;B;25;25;5
446952;2020-10-12;203;F;3;0;A;41;42;6
446968;2020-10-12;177;F;3;2;C;61;74;6
447020;2020-10-12;120;F;4;3;A;33;36;4
447032;2020-10-12;806;F;2;3;B;54;65;5
447066;2020-10-12;88;F;1;0;B;22;22;5
447068;2020-10-12;127;F;4;2;C;9;9;2
447143;2020-10-12;840;F;3;3;C;74;81;6
447166;2020-10-12;309;M;1;0;B;6;7;2
447261;2020-10-12;294;F;4;0;C;20;21;4
447315;2020-10-12;309;M;1;0;B;35;38;6
447333;2020-10-12;577;M;4;0;C;72;87;6
447428;2020-10-12;603;M;3;0;B;68;86;7
447488;2020-10-12;602;M;3;0;B;71;81;6
447578;2020-10-12;969;M;1;3;B;12;14;4
447640;2020-10-12;878;F;4;3;C;54;64;6
447643;2020-10-12;778;F;2;2;A;38;47;5
447653;2020-10-12;198;M;4;0;B;40;43;5
447656;2020-10-12;31;F;1;0;C;71;83;6
447674;2020-10-12;248;M;3;0;C;54;64;6
447760;2020-10-12;913;M;3;4;C;4;5;2
447766;2020-10-12;464;M;2;2;B;48;51;6
447775;2020-10-12;762;F;2;0;B;29;29;5
447843;2020-10-12;8;F;3;0;B;41;47;6
447888;2020-10-12;712;F;2;3;B;72;88;6
447921;2020-10-12;842;M;5;2;B;53;58;5
447960;2020-10-12;695;M;2;0;A;14;15;4
447973;2020-10-12;466;F;1;0;C;43;44;6
448041;2020-10-12;138;F;3;2;B;45;51;5
448077;2020-10-12;695;M;2;0;A;40;43;7
448108;2020-10-12;468;M;3;1;C;18;18;5
448120;2020-10-12;395;F;4;1;B;42;44;5
448169;2020-10-12;965;M;3;0;B;63;75;6
448217;2020-10-12;262;M;1;2;B;71;88;6
448283;2020-10-12;717;F;3;0;B;19;21;4
448302;2020-10-12;204;F;3;3;B;76;89;5
448387;2020-10-12;858;F;4;2;C;70;79;6
448477;2020-10-12;723;M;4;0;B;63;74;6
448492;2020-10-12;868;M;4;0;B;24;25;6
448564;2020-10-12;263;M;3;0;B;37;38;5
448593;2020-10-12;639;M;2;0;C;38;43;7
448606;2020-10-12;764;F;3;1;B;53;55;5
448609;2020-10-12;916;F;3;4;C;54;64;6
448706;2020-10-12;607;F;2;0;B;29;31;6
448722;2020-10-12;669;F;4;0;B;34;38;5
448745;2020-10-12;778;F;2;2;A;13;13;5
448778;2020-10-12;302;F;4;3;C;8;8;4
448835;2020-10-12;648;M;1;0;B;8;8;2
448925;2020-10-12;981;F;4;1;C;51;60;5
449003;2020-10-12;4;M;4;0;B;58;65;5
449057;2020-10-12;653;M;2;0;C;18;18;4
449096;2020-12-14;369;F;3;4;C;51;58;6
449156;2020-12-14;71;F;3;1;B;30;35;5
449187;2020-12-14;876;F;2;3;B;48;56;7
449269;2020-12-14;378;F;2;0;C;42;48;5
449364;2020-12-14;187;M;2;1;B;63;74;6
449407;2020-12-14;370;M;1;4;B;9;9;4
449474;2020-12-14;363;F;1;0;B;51;62;6
449519;2020-12-14;892;F;4;2;B;60;68;6
449571;2020-12-14;106;M;1;0;B;12;12;3
449590;2020-12-14;160;F;3;4;B;63;75;6
449606;2020-12-14;281;F;2;0;B;24;26;4
449677;2020-12-14;194;F;4;0;B;3;3;2
449756;2020-12-14;224;M;4;0;B;65;84;6
449794;2020-12-14;44;F;4;0;C;27;27;6
449823;2020-12-14;389;F;3;0;C;80;89;6
449836;2020-12-14;285;M;3;0;B;62;73;6
449839;2020-12-14;258;F;1;0;B;44;51;6
449907;2020-12-14;986;M;4;0;B;56;62;4
449922;2020-12-14;759;F;3;0;B;67;78;5
449953;2020-12-14;103;M;3;4;B;38;41;5
450007;2020-12-14;190;M;1;4;B;48;56;6
450069;2020-12-14;200;F;3;0;B;30;33;6
450086;2020-12-14;493;M;2;4;B;75;86;7
450167;2020-12-14;968;F;1;0;B;3;3;2
450177;2020-12-14;965;M;3;0;B;63;73;6
450188;2020-12-14;570;F;4;1;C;60;76;6
450204;2020-12-14;29;M;2;0;B;73;88;6
450291;2020-12-14;621;F;4;0;B;23;25;5
450348;2020-12-14;301;F;3;0;C;58;65;5
450422;2020-12-14;604;M;4;0;B;44;49;7
450481;2020-12-14;205;M;2;4;B;49;53;5
450559;2020-12-14;797;M;2;4;B;65;75;7
450612;2020-12-14;329;F;3;0;B;60;65;7
450692;2020-12-14;478;M;1;4;A;53;59;6
450701;2020-12-14;246;M;2;2;B;37;37;6
450778;2020-12-14;875;F;1;0;B;75;87;7
450820;2020-12-14;844;F;5;1;A;74;82;7
450835;2020-12-14;536;M;4;0;B;36;38;6
450874;2020-12-14;671;M;2;0;C;14;14;5
450973;2020-12-14;401;M;1;4;C;61;65;6
451044;2020-12-14;929;M;4;0;B;28;30;4
451126;2020-12-14;53;M;1;1;B;27;28;4
451142;2020-12-14;918;F;2;4;C;33;37;6
451217;2020-12-14;689;M;2;0;C;69;85;6
451301;2020-12-14;485;M;3;3;B;64;73;4
451399;2020-12-14;715;F;3;4;B;65;78;6
451439;2020-12-14;21;M;3;0;B;4;4;3
451454;2020-12-14;685;F;4;0;B;10;10;3
451490;2020-12-14;977;M;1;0;C;66;80;6
451513;2020-12-14;19;F;2;2;C;33;36;5
451574;2020-12-14;731;M;3;4;B;59;68;7
451604;2020-12-14;735;F;4;0;B;64;80;6
451682;2020-12-14;435;F;2;0;C;46;50;4
451739;2020-12-14;527;F;4;1;B;14;14;3
451822;2020-12-14;213;M;2;4;B;67;74;6
451868;2020-12-14;831;F;4;2;B;57;62;5
451962;2020-12-14;774;F;2;0;B;29;31;4
451991;2020-12-14;869;F;3;0;B;66;75;5
452046;2020-12-14;348;F;3;0;A;34;38;6
452111;2020-12-20;449;F;2;3;B;58;68;6
452140;2020-12-20;855;M;4;1;C;72;80;6
452151;2020-12-20;370;M;1;4;B;40;43;4
452162;2020-12-20;139;F;3;3;B;23;24;5
452211;2020-12-20;482;M;4;2;B;10;10;4
452309;2020-12-20;998;F;2;0;C;60;68;6
452332;2020-12-20;955;F;3;2;C;65;79;6
452416;2020-12-20;135;M;3;0;B;35;36;4
452497;2020-12-20;902;F;2;1;B;67;79;6
452570;2020-12-20;29;M;2;0;B;38;40;6
452654;2020-12-20;202;M;1;0;B;18;19;3
452701;2020-12-27;956;M;5;1;C;43;44;5
452756;2020-12-27;872;M;3;4;A;51;56;5
452761;2020-12-27;298;F;4;0;C;71;85;6
452775;2020-12-27;981;F;4;1;C;46;50;5
452812;2020-12-27;852;M;2;3;B;69;83;7
452833;2020-12-27;433;M;3;3;B;53;63;6
452841;2020-12-27;97;F;4;1;B;47;48;5
452862;2020-12-27;95;M;1;0;B;19;21;6
452921;2020-12-27;565;F;1;2;B;33;38;5
453000;2020-12-27;130;F;1;0;B;12;12;3
453028;2020-12-27;706;F;2;0;A;64;83;7
453100;2020-12-27;74;M;3;0;C;6;6;4
453101;2020-12-27;545;M;2;2;B;13;13;4
453140;2020-12-27;417;M;4;1;B;36;41;4
453189;2020-12-27;107;F;2;0;C;15;15;4
453229;2020-12-27;883;M;1;0;B;67;82;5
453241;2020-12-27;531;F;3;1;B;43;47;5
453318;2020-12-27;277;F;1;3;B;23;24;5
453327;2020-12-27;477;F;4;0;B;60;73;6
453376;2020-12-27;738;M;1;0;C;30;31;6
453422;2020-12-27;437;F;2;1;C;9;9;5
453489;2020-12-27;123;F;3;2;B;62;68;6
453588;2020-12-27;746;M;3;0;C;17;17;4
453670;2020-12-27;879;M;2;2;C;14;16;4
453676;2020-12-27;116;M;4;0;B;60;71;7
453727;2020-12-27;66;M;3;3;B;11;11;3
453818;2020-12-27;604;M;4;0;B;47;53;5
453899;2020-12-27;264;F;4;1;B;4;4;2
453938;2020-12-27;646;F;1;0;B;13;13;4
454030;2020-12-27;304;F;2;3;B;33;34;5
454061;2020-12-27;489;F;4;3;B;2;2;2
454140;2020-12-27;156;F;2;0;B;7;7;3
454201;2020-12-27;905;M;1;0;B;62;71;4
454281;2020-12-27;794;M;1;2;B;36;38;7
454312;2020-12-27;622;F;3;0;B;60;72;7
454373;2020-12-27;716;F;4;0;C;61;72;6
454410;2020-12-27;695;M;2;0;A;54;60;7
454453;2020-12-27;459;F;3;2;B;49;54;5
454529;2020-12-27;415;F;3;0;B;25;28;4
454624;2020-12-27;435;F;2;0;C;42;50;6
454700;2020-12-27;636;M;2;2;B;27;27;6
454711;2020-12-27;634;F;2;0;C;48;51;5
454718;2020-12-27;698;F;2;0;B;34;34;5
454816;2020-12-27;457;M;3;0;C;2;2;1
454893;2020-12-27;358;F;3;0;C;20;21;4
454986;2020-12-27;127;F;4;2;C;54;60;5
455038;2020-12-27;958;M;2;3;B;74;89;6
455062;2020-12-27;385;F;2;0;B;55;61;7
455113;2020-12-27;527;F;4;1;B;34;35;6
455183;2020-12-27;628;M;3;0;B;33;34;5
455206;2020-12-27;220;M;1;0;B;27;27;6
455237;2020-12-27;971;F;1;2;A;36;40;5
455270;2020-12-27;11;F;4;0;A;28;31;5
455328;2020-12-27;309;M;1;0;B;34;39;5
455347;2020-12-27;723;M;4;0;B;11;12;4
455441;2020-12-27;628;M;3;0;B;56;60;6
455444;2020-12-27;411;F;2;0;B;29;30;5
455503;2020-12-27;727;M;4;2;C;28;28;5
455559;2020-12-27;100;F;2;3;C;30;33;6
455634;2020-12-27;159;M;1;0;C;46;50;7
455733;2020-12-27;739;F;2;3;B;10;10;4
455815;2020-12-27;382;F;3;0;C;53;61;6
455901;2020-12-27;16;M;1;4;C;39;42;5
455944;2020-12-27;829;F;3;4;B;57;63;7
456016;2020-12-27;699;F;1;0;C;45;47;6
456026;2020-12-27;822;M;2;3;B;74;89;6
456070;2020-12-27;15;M;2;1;C;41;49;5
456085;2020-12-27;393;F;4;0;B;11;13;4
456158;2020-12-27;767;F;1;0;B;47;54;6
456242;2020-12-27;187;M;2;1;B;26;28;6
456341;2020-12-27;293;M;4;0;B;50;55;5
456393;2020-12-27;781;M;4;0;B;5;5;3
456422;2020-12-27;777;F;1;0;B;59;63;6
456517;2020-12-27;33;F;2;0;B;57;67;4
456576;2020-12-27;410;F;3;3;B;53;57;5
456610;2020-12-27;523;M;3;0;B;1;1;1
456708;2020-12-27;958;M;2;3;B;64;73;6
456769;2020-12-27;628;M;3;0;B;71;84;6
456847;2020-12-27;635;F;4;0;B;72;84;5
456896;2020-12-27;712;F;2;3;B;66;80;6
456951;2020-12-27;245;F;4;3;B;70;85;6
457000;2020-12-27;286;M;4;0;B;59;71;6
457097;2020-12-30;811;M;2;1;B;65;73;6
457186;2020-12-30;324;F;3;3;B;34;37;5
457285;2020-12-30;429;M;4;0;C;28;28;5
457379;2020-12-30;142;F;1;0;B;30;30;5
457384;2020-12-30;179;F;2;0;B;32;34;4
457457;2020-12-30;630;M;1;2;C;16;16;3
457533;2020-12-30;257;M;1;4;C;78;86;6
457551;2020-12-30;367;F;1;0;A;41;45;5
457555;2020-12-30;754;F;3;4;B;37;43;5
457651;2020-12-30;144;M;1;0;B;13;14;3
457713;2020-12-30;25;M;4;1;C;9;10;3
457764;2020-12-30;492;F;2;1;C;45;46;5
457784;2020-12-30;228;F;4;0;C;49;55;6
457811;2020-12-30;593;M;4;1;B;31;37;5
457898;2020-12-30;881;F;5;1;C;56;63;6
457969;2020-12-30;710;F;3;1;C;32;33;6
458051;2020-12-30;62;F;2;0;B;40;41;7
458142;2020-12-30;178;M;3;0;A;56;61;7
458238;2020-12-30;827;M;4;0;B;29;30;5
458296;2020-12-30;245;F;4;3;B;24;25;6
458314;2020-12-30;11;F;4;0;A;6;6;4
458347;2020-12-30;262;M;1;2;B;68;77;6
458385;2020-12-30;222;F;4;0;B;49;56;7
458478;2020-12-30;473;F;4;3;B;51;62;7
458503;2020-12-30;818;F;2;0;B;68;89;7
458557;2020-12-30;453;F;1;0;B;28;30;5
458585;2020-12-30;135;M;3;0;B;80;89;7
458676;2020-12-30;932;M;4;1;B;22;23;5
458679;2020-12-30;766;F;1;0;B;30;31;5
458692;2020-12-30;832;F;1;0;B;55;64;6
458701;2020-12-30;383;M;1;3;C;45;48;4
458743;2020-12-30;121;F;1;2;B;21;21;5
458777;2020-12-30;248;M;3;0;C;55;59;6
458871;2020-12-30;698;F;2;0;B;67;76;6
458881;2020-12-30;913;M;3;4;C;59;67;6
458898;2020-12-30;438;F;1;0;B;33;37;6
458922;2020-12-30;479;F;1;0;B;77;87;6
458949;2020-12-30;134;F;3;0;B;35;39;5
459030;2020-12-30;574;F;2;2;B;39;45;5
459096;2021-02-01;80;F;2;1;C;54;62;7
459173;2021-02-01;802;M;1;1;B;6;6;3
459256;2021-02-01;912;F;4;0;C;6;6;2
459293;2021-02-01;195;M;4;0;B;67;82;6
459332;2021-02-01;4;M;4;0;B;34;35;5
459416;2021-02-01;933;M;2;2;B;6;6;3
459495;2021-02-01;858;F;4;2;C;35;37;4
459528;2021-02-01;793;M;1;3;B;45;47;6
459575;2021-02-01;719;M;1;0;B;29;29;4
459639;2021-02-01;550;M;4;0;B;60;70;5
459671;2021-02-01;998;F;2;0;C;14;15;5
459695;2021-02-01;982;M;4;3;B;8;8;3
459746;2021-02-01;815;F;2;4;B;16;16;4
459831;2021-02-01;147;M;1;0;A;36;40;5
459843;2021-02-01;540;F;2;0;C;57;67;6
459910;2021-02-01;501;M;1;0;B;59;79;5
459989;2021-02-01;214;F;4;0;B;11;11;4
459994;2021-02-01;394;M;1;0;B;13;13;2
460015;2021-02-01;836;F;2;0;B;3;3;2
460043;2021-02-01;945;F;2;3;B;55;62;7
460102;2021-02-01;928;F;5;1;B;45;56;5
460176;2021-02-01;563;M;3;0;B;41;43;5
460263;2021-02-01;713;F;1;3;C;60;72;6
460270;2021-02-01;195;M;4;0;B;2;2;1
460342;2021-02-01;696;M;2;0;B;23;24;5
460399;2021-02-01;543;M;2;2;B;31;33;5
460491;2021-02-01;3;F;4;0;B;57;63;5
460514;2021-02-01;594;F;3;1;C;43;48;6
460534;2021-02-01;350;F;5;1;B;31;33;6
460604;2021-02-01;273;M;4;0;C;41;42;5
460701;2021-02-01;103;M;3;4;B;73;88;7
460750;2021-02-01;923;F;2;4;C;73;87;6
460763;2021-02-01;540;F;2;0;C;56;61;5
460770;2021-02-01;724;M;1;0;B;10;11;5
460792;2021-02-01;938;M;1;4;B;65;74;6
460884;2021-02-01;511;F;1;0;B;70;88;6
460939;2021-02-01;860;M;1;0;B;57;76;5
460959;2021-02-01;721;M;3;2;C;69;78;7
460978;2021-02-01;803;F;2;0;A;32;37;5
461071;2021-02-01;46;F;4;1;B;58;68;6
461134;2021-02-01;596;M;2;0;B;60;71;6
461183;2021-02-01;831;F;4;2;B;21;23;4
461184;2021-02-01;632;F;4;3;A;38;41;6
461264;2021-02-01;351;F;2;2;B;53;64;6
461332;2021-02-01;24;F;4;0;C;25;27;5
461355;2021-02-01;618;M;4;3;B;20;21;5
461409;2021-02-01;173;F;1;0;B;44;47;6
461462;2021-02-01;393;F;4;0;B;76;87;6
461512;2021-02-01;393;F;4;0;B;31;31;6
461567;2021-02-01;623;F;3;0;C;9;9;3
461654;2021-02-01;271;F;4;0;B;6;7;4
461677;2021-02-01;234;M;3;4;B;23;23;6
461761;2021-02-01;53;M;1;1;B;66;81;7
461770;2021-02-01;730;F;2;0;B;68;82;5
461795;2021-02-01;404;M;4;0;B;29;31;5
461820;2021-02-01;790;F;3;0;B;14;15;5
461879;2021-02-01;570;F;4;1;C;44;48;6
461923;2021-02-01;435;F;2;0;C;24;26;5
461986;2021-02-01;745;F;1;2;B;11;11;4
462071;2021-02-01;245;F;4;3;B;75;89;7
462093;2021-02-01;191;M;3;0;B;61;72;6
462157;2021-02-01;73;M;1;0;A;21;21;5
462241;2021-02-01;574;F;2;2;B;72;85;7
462264;2021-02-01;186;M;2;4;C;27;28;4
462287;2021-02-01;363;F;1;0;B;22;23;5
462350;2021-02-01;98;M;1;0;B;67;80;6
462355;2021-02-01;379;F;4;0;C;39;43;6
462398;2021-02-01;670;M;4;0;C;54;65;5
462422;2021-02-01;269;F;3;3;B;11;11;4
462515;2021-02-01;37;M;3;0;B;45;49;5
462531;2021-02-01;487;F;3;0;C;7;7;4
462607;2021-02-01;42;M;2;2;B;38;41;6
462647;2021-02-01;972;M;4;0;C;69;78;6
462710;2021-02-01;804;F;4;3;B;43;46;5
462787;2021-02-01;510;F;4;0;B;66;81;6
462843;2021-02-01;465;F;3;0;B;27;32;4
462933;2021-02-01;178;M;3;0;A;24;25;3
463010;2021-02-01;842;M;5;2;B;26;26;5
463079;2021-02-01;201;M;3;0;B;45;50;6
463118;2021-02-01;295;F;1;3;B;13;13;4
463164;2021-02-01;804;F;4;3;B;39;40;6
463178;2021-02-01;980;F;1;0;B;63;72;5
463206;2021-02-01;388;F;4;3;B;62;82;6
463285;2021-02-01;642;M;2;3;B;73;86;5
463317;2021-02-01;970;M;2;4;B;74;86;6
463407;2021-02-01;850;M;1;0;C;29;30;5
463477;2021-02-01;946;M;3;0;B;22;23;6
463567;2021-02-01;721;M;3;2;C;33;35;6
463641;2021-02-01;942;M;1;0;B;68;83;6
463715;2021-02-01;830;F;5;1;B;74;88;6
463789;2021-02-01;609;F;4;0;C;65;75;7
463847;2021-02-01;894;F;4;3;C;70;84;6
463861;2021-09-01;922;M;1;0;B;18;18;4
463899;2021-09-01;858;F;4;2;C;29;34;4
463963;2021-09-01;310;M;4;3;C;59;70;6
463983;2021-09-01;494;F;5;1;C;49;52;6
464073;2021-09-01;51;F;3;0;B;70;84;6
464107;2021-09-01;743;M;1;3;C;14;15;3
464205;2021-09-01;540;F;2;0;C;16;18;4
464222;2021-09-01;500;M;3;2;C;62;72;7
464308;2021-09-01;756;F;1;4;B;68;89;5
464343;2021-09-01;91;M;3;0;B;31;33;5
464399;2021-09-01;315;F;3;0;B;34;38;6
464461;2021-09-01;806;F;2;3;B;12;12;4
464556;2021-09-01;379;F;4;0;C;71;87;5
464639;2021-09-01;485;M;3;3;B;41;51;5
464690;2021-09-01;910;M;2;2;B;55;66;6
464754;2021-09-01;299;F;3;1;C;14;14;3
464789;2021-09-01;966;F;4;2;B;59;64;6
464882;2021-09-01;480;F;2;0;C;60;68;5
464936;2021-09-01;736;M;1;0;C;42;45;6
464947;2021-09-01;535;M;4;0;A;52;58;5
464994;2021-09-01;137;F;4;1;B;19;21;4
465021;2021-09-01;640;M;4;0;C;45;48;6
465088;2021-09-01;596;M;2;0;B;54;61;4
465115;2021-09-01;129;M;2;0;A;12;13;4
465123;2021-09-01;814;M;4;0;B;61;67;6
465174;2021-09-01;433;M;3;3;B;5;5;2
465175;2021-09-01;664;M;3;1;B;55;64;5
465239;2021-09-01;589;F;3;2;C;55;60;6
465246;2021-09-01;209;F;4;0;B;37;41;5
465282;2021-09-01;656;M;2;0;C;66;80;6
465303;2021-09-01;667;F;4;0;C;4;5;3
465339;2021-09-01;324;F;3;3;B;20;20;3
465411;2021-09-01;296;F;1;3;B;35;42;6
465464;2021-09-01;711;M;4;2;B;50;55;6
465517;2021-09-01;511;F;1;0;B;34;35;5
465519;2021-09-01;241;M;4;1;B;3;3;2
465553;2021-09-01;571;F;2;0;B;41;45;4
465554;2021-09-01;977;M;1;0;C;11;12;5
465561;2021-09-01;949;M;1;0;B;5;5;3
465660;2021-09-01;888;F;4;2;B;43;48;5
465739;2021-09-01;70;F;4;0;B;5;5;4
465826;2021-09-01;112;M;4;0;B;51;56;5
465836;2021-09-01;864;F;1;3;B;47;55;5
465935;2021-09-01;433;M;3;3;B;21;21;5
465986;2021-09-01;234;M;3;4;B;26;30;4
466052;2021-09-01;206;F;3;1;C;63;75;5
466064;2021-09-01;288;M;2;0;B;9;10;3
466079;2021-09-01;683;F;3;0;B;53;59;6
466104;2021-09-01;518;F;1;0;B;11;11;4
466174;2021-09-01;506;F;4;3;B;39;45;4
466205;2021-09-01;278;F;3;2;C;30;31;6
466283;2021-09-01;874;F;3;3;B;16;16;5
466345;2021-09-01;83;M;1;4;B;50;56;6
466411;2021-09-01;87;M;3;2;A;29;29;6
466484;2021-09-01;730;F;2;0;B;63;76;6
466539;2021-09-01;569;M;1;1;A;5;5;3
466620;2021-09-01;423;F;5;2;A;74;89;5
466638;2021-09-01;122;M;3;3;B;24;26;5
466663;2021-09-01;403;M;3;2;B;17;17;5
466712;2021-09-01;851;F;2;0;B;48;54;7
466724;2021-10-01;738;M;1;0;C;49;52;6
466754;2021-10-01;180;M;3;4;B;69;82;6
466779;2021-10-01;584;M;3;0;B;33;35;6
466837;2021-10-01;344;M;3;0;B;17;17;5
466860;2021-10-01;409;F;3;4;B;18;20;3
466911;2021-10-01;747;M;1;0;B;43;47;6
466986;2021-10-01;366;M;3;4;B;23;23;3
467004;2021-10-01;974;M;4;1;B;68;82;6
467067;2021-10-01;292;F;2;0;C;65;77;6
467157;2021-10-01;248;M;3;0;C;45;54;6
467223;2021-10-01;881;F;5;1;C;37;41;6
467320;2021-10-01;618;M;4;3;B;71;82;5
467370;2021-10-01;871;F;1;3;C;10;11;4
467377;2021-10-01;789;F;5;1;B;37;38;6
467379;2021-10-01;997;M;5;2;C;8;8;2
467473;2021-10-01;577;M;4;0;C;2;2;2
467475;2021-10-01;950;M;3;0;C;31;35;5
467568;2021-10-01;534;M;4;1;C;41;45;6
467605;2021-10-01;505;F;1;0;C;60;65;6
467608;2021-10-01;3;F;4;0;B;4;4;1
467614;2021-10-01;127;F;4;2;C;13;13;5
467695;2021-10-01;694;M;4;0;C;65;79;6
467774;2021-10-01;159;M;1;0;C;34;36;5
467817;2021-10-01;990;F;1;4;B;44;48;6
467877;2021-10-01;157;M;1;1;C;59;70;6
467879;2021-10-01;308;M;4;0;B;10;10;3
467945;2021-10-01;625;F;4;0;C;64;69;7
468031;2021-10-01;224;M;4;0;B;67;77;5
468050;2021-10-01;554;F;3;0;A;3;3;2
468073;2021-10-01;466;F;1;0;C;47;51;5
468121;2021-10-01;910;M;2;2;B;73;85;7
468212;2021-10-01;220;M;1;0;B;54;60;7
468237;2021-10-01;162;F;1;1;B;31;32;4
468270;2021-10-01;752;M;3;0;C;64;80;6
468298;2021-10-01;742;M;1;1;C;44;46;6
468394;2021-10-01;59;M;2;0;A;47;52;6
468413;2021-10-01;764;F;3;1;B;55;64;6
468482;2021-10-01;529;M;1;2;B;65;78;6
468518;2021-10-01;54;M;1;0;A;48;59;4
468542;2021-10-01;39;M;2;0;C;19;19;4
468607;2021-10-01;507;F;3;2;B;44;50;5
468672;2021-10-01;905;M;1;0;B;46;51;5
468726;2021-10-01;941;M;2;3;B;63;70;5
468731;2021-01-13;422;F;2;4;C;61;72;6
468736;2021-01-13;278;F;3;2;C;48;52;6
468761;2021-01-13;287;F;1;0;B;3;3;2
468801;2021-01-13;522;M;1;2;A;8;8;3
468805;2021-01-13;496;F;2;0;B;66;76;7
468881;2021-01-13;12;M;1;1;A;4;4;3
468900;2021-01-13;340;M;3;4;B;61;68;5
468915;2021-01-13;337;M;3;0;B;1;1;1
468954;2021-01-13;617;F;4;3;C;32;34;5
469021;2021-01-13;286;M;4;0;B;58;64;5
469070;2021-01-13;233;M;3;0;B;19;20;4
469099;2021-01-13;178;M;3;0;A;42;45;6
469152;2021-01-13;327;M;4;2;A;34;39;5
469246;2021-01-13;919;F;2;0;C;62;69;7
469282;2021-01-13;275;M;4;0;B;29;31;5
469337;2021-01-13;434;M;1;4;B;64;73;5
469362;2021-01-13;9;F;2;0;B;61;75;7
469426;2021-01-13;110;M;3;0;C;47;53;6
469511;2021-01-13;258;F;1;0;B;21;22;5
469581;2021-01-13;171;F;3;1;B;50;57;5
469621;2021-01-13;88;F;1;0;B;49;55;6
469649;2021-01-13;86;F;4;3;C;66;73;6
469658;2021-01-13;67;M;1;0;B;34;35;4
469694;2021-01-13;844;F;5;1;A;16;17;5
469764;2021-01-13;16;M;1;4;C;22;24;4
469810;2021-01-13;498;M;3;2;B;30;33;6
469903;2021-01-13;974;M;4;1;B;41;44;5
469999;2021-01-13;584;M;3;0;B;64;77;6
470019;2021-01-13;666;F;2;2;B;23;24;3
470035;2021-01-13;337;M;3;0;B;69;86;6
470084;2021-01-13;447;M;2;0;B;18;18;5
470145;2021-01-13;952;F;3;4;C;8;8;3
470174;2021-01-13;587;M;1;0;B;16;16;4
470183;2021-01-13;992;F;2;0;B;35;40;6
470210;2021-01-13;135;M;3;0;B;38;42;5
470297;2021-01-13;165;F;4;0;C;60;71;7
470333;2021-01-13;774;F;2;0;B;30;32;5
470384;2021-01-13;773;M;4;0;B;44;49;6
470462;2021-01-13;435;F;2;0;C;32;34;5
470505;2021-01-13;184;M;1;3;B;8;8;4
470585;2021-01-13;981;F;4;1;C;74;85;7
470627;2021-01-13;431;F;4;3;B;19;20;5
470697;2021-01-13;576;M;3;0;B;65;74;7
470770;2021-01-13;622;F;3;0;B;43;49;6
470821;2021-01-13;535;M;4;0;A;23;25;5
470869;2021-01-13;390;F;2;0;B;16;16;5
470938;2021-01-13;632;F;4;3;A;47;57;4
471034;2021-01-13;184;M;1;3;B;45;54;5
471065;2021-01-13;752;M;3;0;C;4;4;3
471153;2021-01-13;179;F;2;0;B;28;28;3
471194;2021-01-13;629;M;3;0;C;59;64;6
471284;2021-01-13;822;M;2;3;B;34;40;6
471383;2021-01-13;724;M;1;0;B;23;23;6
471445;2021-01-13;45;M;2;0;A;65;77;5
471456;2021-01-13;28;F;1;2;B;44;51;3
471528;2021-01-13;8;F;3;0;B;6;6;4
471598;2021-01-13;422;F;2;4;C;66;78;6
471636;2021-01-13;512;M;4;0;B;19;20;5
471735;2021-01-13;312;M;1;0;A;34;35;5
471786;2021-01-13;145;M;3;0;B;13;13;4
471840;2021-01-13;69;M;4;3;A;32;36;4
471842;2021-01-13;886;F;5;1;B;41;46;5
471930;2021-01-13;826;F;2;0;C;17;19;6
472028;2021-01-13;642;M;2;3;B;61;69;6
472099;2021-01-13;502;M;4;0;C;45;49;4
472136;2021-01-13;202;M;1;0;B;58;62;6
472209;2021-01-13;503;F;2;1;B;46;51;5
472293;2021-01-13;341;M;2;0;C;35;38;6
472344;2021-01-13;311;F;4;0;C;56;69;6
472354;2021-01-13;844;F;5;1;A;64;71;7
472382;2021-01-13;29;M;2;0;B;56;61;5
472432;2021-01-13;881;F;5;1;C;45;51;6
472455;2021-01-13;924;F;2;2;B;13;14;3
472524;2021-01-13;278;F;3;2;C;59;75;6
472585;2021-01-13;770;M;2;3;B;73;81;5
472594;2021-01-13;649;F;3;0;B;52;57;7
472687;2021-01-13;356;M;2;4;A;44;48;5
472713;2021-01-13;290;F;1;0;B;60;73;6
472716;2021-01-13;904;M;1;2;B;70;85;5
472799;2021-01-13;284;M;4;1;B;71;80;7
472806;2021-01-13;251;F;2;0;C;9;9;3
472814;2021-01-13;395;F;4;1;B;68;83;6
472889;2021-01-13;487;F;3;0;C;12;13;3
472963;2021-01-13;838;F;1;0;C;10;10;5
472970;2021-01-13;799;M;4;3;C;69;78;6
473041;2021-01-13;685;F;4;0;B;54;63;6
473116;2021-01-13;791;F;1;0;B;28;28;3
473210;2021-01-13;841;M;1;0;B;69;78;6
473305;2021-01-13;107;F;2;0;C;48;52;6
473314;2021-01-13;73;M;1;0;A;54;59;6
473403;2021-01-13;274;M;1;1;B;7;8;3
473450;2021-01-13;956;M;5;1;C;69;79;5
473480;2021-01-13;937;M;3;4;C;14;15;5
473496;2021-01-13;81;F;2;0;B;14;14;6
473565;2021-01-13;341;M;2;0;C;40;41;6
473606;2021-01-13;198;M;4;0;B;47;54;6
473641;2021-01-13;879;M;2;2;C;42;47;6
473654;2021-01-13;974;M;4;1;B;51;52;5
473716;2021-01-13;464;M;2;2;B;28;28;5
473780;2021-01-17;581;F;4;2;C;46;55;6
473791;2021-01-17;950;M;3;0;C;42;48;6
473879;2021-01-17;979;F;3;0;A;58;65;6
473929;2021-01-17;103;M;3;4;B;51;58;6
473937;2021-01-17;371;F;4;0;B;41;47;4
473973;2021-01-17;638;M;3;1;B;2;2;1
474064;2021-01-17;647;M;1;0;C;70;83;7
474094;2021-01-17;826;F;2;0;C;54;63;6
474131;2021-01-17;583;F;2;0;B;51;60;6
474160;2021-01-17;700;F;4;2;C;3;3;1
474210;2021-01-17;475;F;4;3;B;29;30;4
474261;2021-01-17;805;F;3;0;C;43;45;6
474274;2021-01-17;264;F;4;1;B;11;13;3
474323;2021-01-17;740;F;1;4;C;2;2;1
474391;2021-01-17;230;M;1;4;A;6;6;4
474392;2021-01-17;262;M;1;2;B;14;15;4
474418;2021-01-17;760;F;2;0;A;74;88;5
474514;2021-01-17;163;F;3;0;A;63;73;5
474546;2021-01-17;27;F;1;0;B;11;12;4
474618;2021-01-17;864;F;1;3;B;47;54;5
474643;2021-01-17;342;M;3;0;B;33;36;5
474677;2021-01-17;413;M;3;2;B;56;62;5
474775;2021-01-17;393;F;4;0;B;73;89;7
474792;2021-01-17;293;M;4;0;B;58;64;5
474844;2021-01-17;286;M;4;0;B;69;79;7
474846;2021-01-17;162;F;1;1;B;23;24;5
474880;2021-01-17;571;F;2;0;B;42;43;5
474901;2021-01-17;31;F;1;0;C;22;22;4
474954;2021-01-17;373;F;4;2;B;46;47;6
474996;2021-01-17;349;M;3;0;B;56;66;7
475064;2021-01-17;289;F;3;4;C;31;39;7
475098;2021-01-17;696;M;2;0;B;24;24;5
475125;2021-01-17;524;F;4;3;C;53;62;5
475129;2021-01-17;816;M;4;0;C;72;89;6
475178;2021-01-17;488;M;3;2;B;43;51;5
475225;2021-01-17;798;M;5;2;B;62;73;7
475315;2021-01-17;585;F;2;4;B;69;86;7
475413;2021-01-17;686;F;3;2;A;60;72;6
475471;2021-01-17;948;M;4;0;C;69;78;6
475481;2021-01-17;57;M;2;0;B;28;29;5
475531;2021-01-17;415;F;3;0;B;41;43;4
475596;2021-01-17;525;M;1;4;B;32;32;6
475688;2021-01-17;23;M;3;0;B;3;3;3
475782;2021-01-17;92;M;4;1;B;21;22;7
475828;2021-01-17;311;F;4;0;C;41;42;5
475926;2021-01-17;263;M;3;0;B;57;68;6
475942;2021-01-17;462;F;4;0;A;47;52;6
476018;2021-01-17;668;M;1;0;A;56;66;6
476097;2021-01-17;504;M;3;0;B;27;28;4
476185;2021-01-17;139;F;3;3;B;6;6;2
476187;2021-01-17;61;M;1;2;B;45;46;6
476243;2021-01-17;662;F;1;1;B;66;79;6
476280;2021-01-17;673;F;5;1;B;21;22;5
476289;2021-01-17;120;F;4;3;A;26;26;5
476378;2021-01-17;50;M;4;0;B;10;10;3
476427;2021-01-17;302;F;4;3;C;14;14;4
476477;2021-01-17;566;F;4;0;B;68;81;6
476512;2021-01-17;603;M;3;0;B;27;29;6
476560;2021-01-17;459;F;3;2;B;71;89;7
476646;2021-01-17;649;F;3;0;B;16;18;3
476662;2021-01-17;963;M;3;0;B;44;48;6
476683;2021-01-17;762;F;2;0;B;66;78;6
476777;2021-01-17;732;F;3;4;B;11;12;5
476820;2021-01-17;567;F;1;0;C;3;3;2
476825;2021-01-17;901;F;4;1;B;30;32;4
476865;2021-01-17;539;M;2;0;C;56;60;6
476939;2021-01-17;172;M;2;0;B;13;14;5
476949;2021-01-17;767;F;1;0;B;4;5;2
477026;2021-01-17;8;F;3;0;B;64;88;6
477116;2021-01-17;972;M;4;0;C;11;11;5
477167;2021-01-17;416;M;3;2;C;29;30;4
477192;2021-01-17;884;F;3;2;C;12;12;4
477269;2021-01-17;594;F;3;1;C;72;85;7
477287;2021-01-17;865;F;1;0;B;12;12;2
477317;2021-01-17;643;F;4;0;C;38;42;6
477335;2021-01-17;216;F;1;2;B;61;74;7
477418;2021-01-17;380;M;3;4;B;68;72;6
477459;2021-01-17;24;F;4;0;C;33;37;5
477471;2021-01-17;501;M;1;0;B;55;59;7
477508;2021-01-17;830;F;5;1;B;60;72;6
477606;2021-01-17;167;M;1;1;A;40;45;5
477620;2021-01-17;397;F;1;0;B;65;72;6
477700;2021-01-17;782;M;3;3;B;4;4;2
477781;2021-01-17;722;F;4;0;B;64;76;7
477787;2021-01-17;926;M;1;0;B;59;68;6
477832;2021-01-17;485;M;3;3;B;70;80;6
477849;2021-01-17;392;M;2;2;C;8;8;3
477916;2021-01-17;192;F;4;0;B;44;50;5
477996;2021-01-17;89;F;3;3;C;17;18;3
478095;2021-01-17;277;F;1;3;B;64;68;7
478153;2021-01-17;749;F;4;1;B;70;88;6
478206;2021-01-17;778;F;2;2;A;10;10;3
478267;2021-01-17;663;F;4;0;B;59;66;6
478336;2021-01-17;825;M;1;2;C;42;45;6
478426;2021-01-17;593;M;4;1;B;73;88;6
478467;2021-01-17;376;F;3;0;B;23;23;7
478500;2021-01-17;715;F;3;4;B;8;8;3
478588;2021-01-17;804;F;4;3;B;65;76;7
478604;2021-01-17;611;M;4;0;B;32;35;6
478679;2021-01-18;630;M;1;2;C;4;4;3
478702;2021-01-18;739;F;2;3;B;6;6;3
478771;2021-01-18;796;M;2;3;B;72;84;7
478806;2021-01-18;749;F;4;1;B;65;77;5
478838;2021-01-18;981;F;4;1;C;60;71;6
478889;2021-01-18;235;F;4;0;B;14;14;3
478962;2021-01-18;460;F;1;3;B;16;16;5
479037;2021-01-18;252;M;2;2;B;7;7;4
479049;2021-01-18;994;M;4;0;C;68;86;6
479062;2021-01-18;736;M;1;0;C;70;81;6
479108;2021-01-18;344;M;3;0;B;40;44;6
479115;2021-01-18;447;M;2;0;B;35;40;6
479199;2021-01-18;568;F;4;1;A;58;70;6
479212;2021-01-18;470;M;3;1;B;7;7;4
479293;2021-01-18;10;M;1;0;B;25;26;5
479324;2021-01-18;547;F;3;4;C;60;66;5
479330;2021-01-18;452;M;1;3;B;43;49;5
479406;2021-01-18;292;F;2;0;C;30;32;5
479463;2021-01-18;319;M;1;4;B;45;50;5
479478;2021-01-18;157;M;1;1;C;18;19;5
479486;2021-01-18;971;F;1;2;A;29;30;6
479530;2021-01-21;769;F;3;3;C;65;80;5
479561;2021-01-21;418;M;2;2;A;69;84;5
479646;2021-01-21;502;M;4;0;C;33;35;6
479740;2021-01-21;425;F;3;0;B;69;79;6
479825;2021-01-21;789;F;5;1;B;13;13;4
479883;2021-01-21;995;M;3;1;B;33;36;4
479918;2021-01-21;225;M;4;0;C;16;16;3
479960;2021-01-21;936;F;3;2;B;28;31;4
480033;2021-01-21;268;M;4;0;B;9;9;3
480079;2021-01-21;237;F;4;3;C;45;49;4
480096;2021-01-21;800;M;1;0;C;5;5;4
480140;2021-01-21;866;M;2;2;C;48;61;6
480143;2021-01-21;534;M;4;1;C;30;32;5
480237;2021-01-21;80;F;2;1;C;53;56;5
480271;2021-01-21;415;F;3;0;B;51;60;6
480330;2021-01-21;283;M;4;1;B;22;22;5
480405;2021-01-21;491;M;2;1;A;72;87;6
480486;2021-01-21;600;M;2;4;C;69;84;5
480579;2021-01-21;630;M;1;2;C;54;62;7
480666;2021-01-21;536;M;4;0;B;24;25;4
480675;2021-01-21;141;M;3;4;B;37;43;5
480761;2021-01-21;376;F;3;0;B;35;38;4
480785;2021-01-21;237;F;4;3;C;49;51;6
480876;2021-01-21;610;M;2;0;B;47;53;6
480970;2021-01-21;978;F;3;0;C;53;60;6
480992;2021-01-21;918;F;2;4;C;62;76;6
481016;2021-01-21;853;M;5;2;A;48;56;5
481114;2021-01-21;349;M;3;0;B;34;41;5
481211;2021-01-21;646;F;1;0;B;46;53;5
481305;2021-01-21;354;F;2;0;B;11;11;4
481348;2021-01-21;119;F;3;2;B;37;41;5
481444;2021-01-21;955;F;3;2;C;31;35;4
481449;2021-01-21;714;M;1;0;B;1;1;1
481513;2021-01-21;195;M;4;0;B;3;3;1
481576;2021-01-21;901;F;4;1;B;56;70;6
481614;2021-01-21;52;F;1;0;A;26;27;5
481684;2021-01-21;516;M;1;0;C;40;44;5
481783;2021-01-21;339;F;4;0;C;54;66;6
481789;2021-01-21;914;M;2;4;B;12;13;4
481847;2021-01-21;486;M;4;0;B;79;89;7
481867;2021-01-21;142;F;1;0;B;20;20;6
481907;2021-01-21;642;M;2;3;B;61;68;5
481973;2021-01-21;736;M;1;0;C;34;37;5
481979;2021-01-21;463;M;3;3;B;1;1;1
482027;2021-01-23;340;M;3;4;B;3;3;3
482029;2021-01-23;185;F;3;0;C;58;71;7
482099;2021-01-23;454;F;1;0;B;52;54;6
482130;2021-01-23;746;M;3;0;C;30;32;5
482182;2021-01-23;829;F;3;4;B;54;63;5
482217;2021-01-23;357;M;2;2;C;18;18;4
482279;2021-01-23;271;F;4;0;B;42;45;6
482355;2021-01-23;22;M;1;0;B;49;62;5
482398;2021-01-23;616;F;1;2;C;30;30;5
482463;2021-01-23;869;F;3;0;B;17;19;5
482536;2021-01-23;374;F;3;0;B;30;32;4
482548;2021-01-23;547;F;3;4;C;14;15;5
482607;2021-01-23;689;M;2;0;C;13;13;2
482698;2021-01-23;221;F;1;0;B;7;7;3
482724;2021-01-23;742;M;1;1;C;35;41;6
482735;2021-01-23;461;M;3;4;C;27;27;4
482764;2021-01-23;418;M;2;2;A;58;71;5
482804;2021-01-23;728;M;2;0;A;41;48;5
482903;2021-01-23;605;M;4;2;B;39;43;5
482925;2021-01-23;398;F;4;1;B;9;9;3
482987;2021-01-23;454;F;1;0;B;67;78;6
483078;2021-01-23;741;M;3;0;B;53;66;5
483080;2021-01-23;712;F;2;3;B;54;58;6
483089;2021-01-23;44;F;4;0;C;38;40;6
483112;2021-01-23;34;M;2;0;C;30;30;5
483185;2021-01-23;284;M;4;1;B;73;84;6
483271;2021-01-23;679;F;3;3;B;17;19;4
483304;2021-01-23;630;M;1;2;C;20;22;4
483329;2021-01-23;377;F;1;0;B;11;11;4
483362;2021-01-23;71;F;3;1;B;14;14;4
483447;2021-01-23;710;F;3;1;C;45;49;5
483459;2021-01-23;227;F;3;0;C;21;22;6
483548;2021-01-23;444;F;2;0;B;55;64;6
483598;2021-01-23;925;M;2;0;C;35;38;5
483642;2021-01-23;75;M;1;0;B;60;68;6
483717;2021-01-23;877;M;2;0;C;31;33;6
483731;2021-01-23;526;M;2;2;B;26;27;5
483812;2021-01-23;717;F;3;0;B;39;44;5
483819;2021-01-23;663;F;4;0;B;6;6;3
483898;2021-01-23;239;M;4;2;C;67;88;5
483985;2021-01-23;617;F;4;3;C;27;28;6
484040;2021-01-23;948;M;4;0;C;9;9;3
484114;2021-01-23;810;M;1;0;B;69;80;6
484181;2021-01-23;115;M;4;0;B;4;4;2
484185;2021-01-23;469;M;4;2;C;38;40;5
484208;2021-01-23;500;M;3;2;C;71;79;5
484250;2021-01-23;775;F;2;3;B;47;51;6
484265;2021-01-23;395;F;4;1;B;59;64;5
484307;2021-01-23;856;F;5;1;B;44;48;6
484322;2021-01-23;598;F;4;0;B;61;77;7
484357;2021-01-23;509;F;2;3;C;47;52;4
484453;2021-01-23;17;M;4;0;B;63;70;6
484521;2021-01-23;971;F;1;2;A;63;68;6
484559;2021-01-23;858;F;4;2;C;4;4;2
484572;2021-01-23;56;F;2;3;B;14;14;3
484631;2021-01-23;586;F;4;2;B;23;23;4
484654;2021-01-23;558;F;5;2;C;64;71;6
484672;2021-01-23;496;F;2;0;B;61;68;7
484720;2021-01-23;846;F;4;3;C;73;87;6
484797;2021-01-23;308;M;4;0;B;20;20;7
484806;2021-01-23;498;M;3;2;B;6;6;2
484865;2021-01-23;861;M;3;0;B;40;44;6
484918;2021-01-23;202;M;1;0;B;23;27;6
484956;2021-01-23;495;F;2;3;A;25;25;5
485049;2021-01-23;534;M;4;1;C;68;78;5
485055;2021-01-23;994;M;4;0;C;14;14;3
485072;2021-01-23;852;M;2;3;B;38;41;5
485155;2021-01-23;18;M;4;0;C;19;19;4
485220;2021-01-23;793;M;1;3;B;7;7;3
485271;2021-01-23;74;M;3;0;C;53;67;6
485343;2021-01-23;397;F;1;0;B;63;70;6
485349;2021-01-23;38;M;3;0;B;52;59;5
485386;2021-01-23;672;F;4;0;B;69;80;6
485405;2021-01-23;163;F;3;0;A;14;14;5
485418;2021-01-23;97;F;4;1;B;64;74;6
485496;2021-01-23;601;M;4;0;A;44;51;4
485505;2021-01-23;113;F;3;0;B;45;52;4
485584;2021-01-23;866;M;2;2;C;57;74;6
485674;2021-01-23;662;F;1;1;B;16;16;5
485693;2021-01-23;847;M;4;2;A;28;30;6
485748;2021-01-23;521;F;1;0;A;37;41;5
485773;2021-01-23;499;M;3;0;B;11;11;3
485816;2021-01-23;872;M;3;4;A;45;54;5
485851;2021-01-23;799;M;4;3;C;35;38;4
485866;2021-01-23;747;M;1;0;B;41;45;5
485869;2021-01-28;39;M;2;0;C;10;10;5
485953;2021-01-28;166;F;1;0;B;24;24;5
485973;2021-01-28;763;F;4;0;B;10;10;5
486067;2021-01-28;848;F;5;3;A;60;72;6
486098;2021-01-28;669;F;4;0;B;13;13;4
486113;2021-01-28;641;F;4;0;C;57;66;5
486168;2021-01-28;332;F;3;4;C;35;41;5
486205;2021-01-28;963;M;3;0;B;7;7;4
486240;2021-01-28;147;M;1;0;A;59;62;6
486266;2021-01-28;660;F;3;0;C;38;41;6
486269;2021-01-28;162;F;1;1;B;23;23;4
486361;2021-01-28;883;M;1;0;B;70;85;6
486415;2021-01-28;89;F;3;3;C;55;58;6
486510;2021-01-28;264;F;4;1;B;29;31;6
486538;2021-01-28;643;F;4;0;C;27;27;6
486616;2021-01-28;450;M;1;0;B;60;68;6
486677;2021-01-28;259;M;1;1;B;24;27;4
486741;2021-01-28;217;F;3;0;B;52;58;6
486792;2021-01-28;686;F;3;2;A;71;83;6
486815;2021-01-28;731;M;3;4;B;42;48;5
486905;2021-01-28;983;F;4;0;C;47;50;6
486926;2021-01-28;260;F;2;0;C;5;5;3
486937;2021-01-28;244;M;4;0;B;50;57;4
486992;2021-01-28;409;F;3;4;B;28;30;5
487085;2021-01-28;274;M;1;1;B;49;58;6
487162;2021-01-28;461;M;3;4;C;65;78;6
487179;2021-01-28;985;M;1;0;B;49;61;6
487181;2021-01-28;441;M;4;2;B;26;27;5
487261;2021-01-28;917;M;1;0;A;53;61;6
487331;2021-01-28;962;M;3;4;B;33;34;5
487375;2021-01-28;444;F;2;0;B;22;25;5
487474;2021-01-28;112;M;4;0;B;4;4;3
487482;2021-01-28;624;M;4;0;B;38;46;6
487570;2021-01-28;848;F;5;3;A;6;6;3
487585;2021-01-28;436;M;2;4;B;13;13;3
487597;2021-01-28;420;M;3;0;B;40;42;5
487664;2021-01-28;408;F;4;0;B;1;1;1
487685;2021-01-28;325;M;1;3;B;75;87;6
487725;2021-01-28;717;F;3;0;B;37;43;6
487771;2021-01-28;737;F;2;1;C;58;65;5
487784;2021-01-28;583;F;2;0;B;67;77;6
487810;2021-01-28;941;M;2;3;B;44;48;6
487871;2021-01-28;468;M;3;1;C;57;68;5
487877;2021-01-28;531;F;3;1;B;41;43;5
487902;2021-01-28;599;F;1;4;C;17;17;4
487906;2021-01-28;139;F;3;3;B;13;13;5
487981;2021-01-28;598;F;4;0;B;69;80;6
488032;2021-01-28;656;M;2;0;C;24;26;5
488122;2021-01-28;245;F;4;3;B;55;57;7
488153;2021-01-28;356;M;2;4;A;6;7;2
488231;2021-01-28;28;F;1;2;B;35;41;4
488273;2021-01-28;809;F;3;3;B;62;65;5
488321;2021-01-28;905;M;1;0;B;67;78;6
488415;2021-01-28;729;M;3;0;B;19;20;3
488429;2021-01-28;709;F;3;0;B;54;59;6
488464;2021-01-28;708;F;2;2;B;48;53;6
488530;2021-01-28;310;M;4;3;C;56;64;6
488546;2021-01-28;880;M;3;2;B;30;35;5
488632;2021-01-28;727;M;4;2;C;59;70;6
488660;2021-01-28;178;M;3;0;A;4;4;2
488694;2021-01-28;337;M;3;0;B;66;78;5
488746;2021-01-28;803;F;2;0;A;47;58;6
488756;2021-01-28;957;M;2;3;B;53;63;5
488804;2021-01-28;946;M;3;0;B;72;84;7
488846;2021-01-28;225;M;4;0;C;34;35;5
488852;2021-01-02;966;F;4;2;B;53;62;5
488869;2021-01-02;180;M;3;4;B;30;32;5
488910;2021-01-02;543;M;2;2;B;28;28;6
488945;2021-01-02;269;F;3;3;B;62;69;5
488990;2021-01-02;633;F;3;0;C;19;20;4
489051;2021-01-02;204;F;3;3;B;34;37;5
489061;2021-01-02;759;F;3;0;B;19;19;4
489103;2021-01-02;435;F;2;0;C;46;54;6
489190;2021-01-02;282;M;2;0;B;71;81;7
489282;2021-01-02;360;M;4;0;B;17;18;4
489335;2021-01-02;537;F;1;4;B;11;11;3
489421;2021-01-02;967;F;1;0;B;37;38;6
489505;2021-01-02;677;M;4;0;B;61;71;5
489575;2021-01-02;385;F;2;0;B;65;87;6
489604;2021-01-02;197;F;2;0;B;68;85;6
489635;2021-01-02;241;M;4;1;B;71;86;5
489711;2021-01-02;184;M;1;3;B;68;84;6
489793;2021-01-02;800;M;1;0;C;70;89;5
489797;2021-01-02;28;F;1;2;B;38;38;6
489855;2021-01-02;592;F;2;0;C;64;79;4
489905;2021-01-02;493;M;2;4;B;30;30;6
489995;2021-01-02;615;M;1;4;C;62;76;7
490024;2021-01-02;189;F;3;4;C;3;3;3
490094;2021-01-02;201;M;3;0;B;47;55;7
490135;2021-01-02;814;M;4;0;B;17;17;2
490189;2021-01-02;180;M;3;4;B;9;9;4
490250;2021-01-02;87;M;3;2;A;55;68;6
490334;2021-01-02;628;M;3;0;B;19;19;4
490402;2021-01-02;655;M;2;0;B;31;32;5
490465;2021-01-02;982;M;4;3;B;13;14;6
490508;2021-01-02;971;F;1;2;A;1;1;1
490563;2021-01-02;610;M;2;0;B;28;31;7
490592;2021-01-02;812;F;2;0;A;13;13;2
490608;2021-01-02;940;F;1;3;B;44;45;5
490690;2021-01-02;69;M;4;3;A;58;65;5
490761;2021-01-02;909;M;3;0;B;72;89;6
490780;2021-01-02;561;M;2;0;B;43;48;5
490815;2021-01-02;347;F;4;0;B;18;19;3
490829;2021-01-02;554;F;3;0;A;22;23;5
490866;2021-01-02;812;F;2;0;A;15;16;5
490938;2021-01-02;72;F;2;0;A;42;45;7
491002;2021-01-02;324;F;3;3;B;58;64;7
491049;2021-01-02;382;F;3;0;C;19;21;4
491144;2021-01-02;815;F;2;4;B;63;71;6
491175;2021-01-02;615;M;1;4;C;37;39;5
491224;2021-01-02;973;F;4;0;B;20;20;4
491242;2021-01-02;55;F;3;0;B;31;33;6
491267;2021-01-02;968;F;1;0;B;39;49;6
491345;2021-01-02;409;F;3;4;B;25;29;5
491365;2021-01-02;139;F;3;3;B;19;20;6
491458;2021-01-02;40;M;2;1;B;19;20;5
491466;2021-01-02;981;F;4;1;C;50;53;6
491520;2021-01-02;956;M;5;1;C;6;6;3
491538;2021-01-02;533;F;4;0;A;48;56;5
491621;2021-01-02;617;F;4;3;C;66;70;6
491707;2021-08-02;250;F;4;1;B;7;7;3
491802;2021-08-02;759;F;3;0;B;20;20;5
491901;2021-08-02;112;M;4;0;B;7;8;4
491936;2021-08-02;621;F;4;0;B;50;56;6
491956;2021-08-02;3;F;4;0;B;59;66;5
492004;2021-08-02;75;M;1;0;B;57;63;6
492051;2021-08-02;79;F;2;0;C;66;81;6
492117;2021-08-02;481;M;3;0;B;7;8;3
492173;2021-08-02;929;M;4;0;B;63;75;7
492249;2021-08-02;53;M;1;1;B;51;56;7
492340;2021-08-02;914;M;2;4;B;40;41;5
492412;2021-08-02;229;M;2;2;C;4;4;3
492433;2021-08-02;182;F;1;4;B;19;22;4
492484;2021-08-02;49;M;2;0;C;74;89;6
492529;2021-08-02;3;F;4;0;B;45;50;5
492574;2021-08-02;329;F;3;0;B;24;24;6
492628;2021-08-02;978;F;3;0;C;63;77;5
492676;2021-08-02;982;M;4;3;B;33;35;6
492707;2021-08-02;214;F;4;0;B;67;85;7
492801;2021-08-02;341;M;2;0;C;69;83;6
492885;2021-08-02;496;F;2;0;B;24;26;5
492984;2021-08-02;839;F;1;3;B;11;11;3
493078;2021-08-02;61;M;1;2;B;44;52;4
493127;2021-08-02;222;F;4;0;B;21;22;3
493187;2021-08-02;962;M;3;4;B;22;24;4
493276;2021-08-02;431;F;4;3;B;47;55;6
493340;2021-08-02;539;M;2;0;C;64;76;5
493360;2021-08-02;424;M;1;4;B;30;38;4
493387;2021-08-02;210;M;2;2;C;62;67;6
493446;2021-08-02;449;F;2;3;B;60;67;6
493447;2021-08-02;247;M;1;0;B;52;57;5
493467;2021-09-02;545;M;2;2;B;41;48;5
493529;2021-09-02;700;F;4;2;C;57;67;6
493606;2021-09-02;936;F;3;2;B;60;77;6
493636;2021-09-02;612;F;3;4;B;8;8;3
493692;2021-09-02;580;M;3;0;B;55;66;6
493765;2021-09-02;383;M;1;3;C;46;54;5
493809;2021-09-02;390;F;2;0;B;68;77;6
493814;2021-09-02;542;M;3;1;B;40;42;5
493850;2021-09-02;240;M;4;0;B;56;62;6
493907;2021-09-02;755;M;3;4;B;31;32;5
494002;2021-09-02;740;F;1;4;C;45;48;7
494063;2021-09-02;942;M;1;0;B;19;19;6
494126;2021-09-02;174;M;4;3;C;75;89;6
494191;2021-09-02;937;M;3;4;C;6;6;3
494214;2021-09-02;225;M;4;0;C;44;49;6
494260;2021-09-02;51;F;3;0;B;62;70;5
494308;2021-09-02;329;F;3;0;B;49;52;6
494405;2021-09-02;828;F;2;4;B;43;44;5
494428;2021-09-02;579;F;3;0;B;58;70;6
494478;2021-09-02;206;F;3;1;C;75;86;6
494550;2021-09-02;765;F;5;1;B;22;24;5
494608;2021-09-02;185;F;3;0;C;51;57;6
494621;2021-09-02;214;F;4;0;B;26;27;5
494633;2021-09-02;867;M;2;3;B;69;78;7
494660;2021-09-02;872;M;3;4;A;12;12;3
494706;2021-09-02;573;F;1;0;C;42;44;5
494739;2021-09-02;463;M;3;3;B;63;82;5
494782;2021-09-02;22;M;1;0;B;26;27;6
494878;2021-09-02;602;M;3;0;B;37;37;5
494943;2021-09-02;240;M;4;0;B;63;76;4
495014;2021-09-02;626;M;3;1;C;12;12;4
495097;2021-09-02;307;M;1;0;B;22;24;5
495185;2021-09-02;812;F;2;0;A;7;8;4
495218;2021-09-02;638;M;3;1;B;53;58;6
495315;2021-09-02;956;M;5;1;C;68;79;6
495397;2021-09-02;404;M;4;0;B;56;63;7
495472;2021-09-02;52;F;1;0;A;43;53;5
495548;2021-09-02;831;F;4;2;B;22;24;6
495557;2021-09-02;831;F;4;2;B;68;83;7
495608;2021-09-02;347;F;4;0;B;68;79;6
495639;2021-09-02;360;M;4;0;B;24;24;5
495678;2021-09-02;958;M;2;3;B;54;66;6
495701;2021-09-02;469;M;4;2;C;24;31;4
495730;2021-09-02;388;F;4;3;B;70;83;6
495829;2021-09-02;302;F;4;3;C;61;79;5
495910;2021-09-02;872;M;3;4;A;55;68;6
495990;2021-09-02;693;F;4;0;B;71;87;6
496022;2021-09-02;796;M;2;3;B;30;32;5
496045;2021-09-02;625;F;4;0;C;62;73;5
496139;2021-09-02;550;M;4;0;B;42;48;5
496170;2021-09-02;423;F;5;2;A;60;70;6
496212;2021-09-02;771;F;4;0;B;53;64;5
496242;2021-02-14;882;F;4;1;B;31;31;6
496280;2021-02-14;459;F;3;2;B;77;89;5
496341;2021-02-14;484;M;3;2;C;42;46;6
496366;2021-02-14;245;F;4;3;B;54;58;6
496399;2021-02-14;891;F;3;2;B;38;42;5
496433;2021-02-14;208;M;3;0;B;9;11;4
496501;2021-02-14;723;M;4;0;B;30;32;5
496571;2021-02-14;411;F;2;0;B;65;75;5
496633;2021-02-14;760;F;2;0;A;31;36;5
496672;2021-02-14;375;M;4;0;B;46;51;4
496743;2021-02-14;976;M;4;2;B;75;86;6
496810;2021-02-14;692;F;4;0;B;59;64;7
496878;2021-02-14;166;F;1;0;B;68;74;6
496916;2021-02-14;559;F;3;1;A;14;15;5
496956;2021-02-14;409;F;3;4;B;1;1;1
497017;2021-02-14;663;F;4;0;B;61;68;6
497113;2021-02-14;171;F;3;1;B;31;31;6
497163;2021-02-14;578;M;4;0;B;61;66;5
497235;2021-02-14;819;M;4;0;B;53;65;6
497246;2021-02-14;937;M;3;4;C;67;73;6
497308;2021-02-14;422;F;2;4;C;71;88;7
497402;2021-02-14;58;M;2;2;B;64;74;6
497488;2021-02-14;624;M;4;0;B;9;9;4
497542;2021-02-14;709;F;3;0;B;22;24;5
497565;2021-02-14;257;M;1;4;C;27;32;6
497615;2021-02-14;222;F;4;0;B;37;40;5
497696;2021-02-14;128;F;2;0;B;18;18;4
497722;2021-02-14;566;F;4;0;B;43;52;6
497738;2021-02-14;999;M;2;2;C;51;56;7
497798;2021-02-14;872;M;3;4;A;55;64;6
497837;2021-02-14;520;M;1;0;B;60;74;6
497866;2021-02-14;592;F;2;0;C;24;24;5
497926;2021-02-14;227;F;3;0;C;15;17;3
498014;2021-02-14;922;M;1;0;B;60;65;6
498058;2021-02-14;536;M;4;0;B;23;24;4
498143;2021-02-14;759;F;3;0;B;3;3;1
498236;2021-02-14;357;M;2;2;C;6;6;2
498309;2021-02-14;594;F;3;1;C;32;37;7
498353;2021-02-14;584;M;3;0;B;51;52;5
498421;2021-02-14;310;M;4;3;C;17;17;5
498436;2021-02-14;373;F;4;2;B;64;74;7
498504;2021-02-14;642;M;2;3;B;49;54;6
498534;2021-02-14;727;M;4;2;C;52;60;6
498610;2021-02-14;847;M;4;2;A;8;8;4
498686;2021-02-14;933;M;2;2;B;69;83;6
498709;2021-02-14;797;M;2;4;B;71;83;7
498721;2021-02-14;878;F;4;3;C;66;73;6
498759;2021-02-14;470;M;3;1;B;52;56;5
498813;2021-02-14;696;M;2;0;B;33;36;5
498833;2021-02-14;85;M;1;0;B;58;67;6
498878;2021-02-14;366;M;3;4;B;10;11;3
498916;2021-02-14;525;M;1;4;B;53;59;6
498939;2021-02-14;576;M;3;0;B;49;55;6
498965;2021-02-16;136;F;2;1;B;15;15;4
499049;2021-02-16;953;M;1;1;B;56;66;6
499103;2021-02-16;958;M;2;3;B;43;49;4
499130;2021-02-16;848;F;5;3;A;70;84;6
499206;2021-02-16;508;F;3;0;B;10;10;5
499300;2021-02-16;370;M;1;4;B;71;88;6
499320;2021-02-16;137;F;4;1;B;68;82;6
499330;2021-02-16;176;F;2;0;B;60;72;6
499400;2021-02-16;820;M;1;4;B;24;27;6
499438;2021-02-16;54;M;1;0;A;48;55;6
499465;2021-02-16;9;F;2;0;B;40;46;3
499547;2021-02-16;60;F;2;3;B;19;20;6
499564;2021-02-16;847;M;4;2;A;68;80;6
499643;2021-02-16;888;F;4;2;B;52;57;6
499722;2021-02-16;114;F;3;3;B;1;1;1
499790;2021-02-16;482;M;4;2;B;8;8;3
499868;2021-02-16;706;F;2;0;A;13;13;4
499900;2021-02-16;574;F;2;2;B;11;11;3
499903;2021-02-16;559;F;3;1;A;51;63;5
499940;2021-02-16;717;F;3;0;B;63;69;7
499975;2021-02-16;476;M;3;0;C;72;84;6
500009;2021-02-16;678;F;3;0;C;8;8;2
500011;2021-02-16;629;M;3;0;C;6;6;2
500044;2021-02-16;496;F;2;0;B;38;49;5
500056;2021-02-16;343;F;1;0;B;50;53;7
500137;2021-02-16;71;F;3;1;B;38;40;5
500139;2021-02-16;385;F;2;0;B;46;49;5
500175;2021-02-16;580;M;3;0;B;43;46;5
500261;2021-02-16;255;M;4;0;B;66;81;5
500341;2021-02-16;712;F;2;3;B;69;88;6
500344;2021-02-16;3;F;4;0;B;5;5;3
500410;2021-02-16;636;M;2;2;B;71;89;6
500420;2021-02-16;959;M;5;1;B;70;80;7
500509;2021-02-16;392;M;2;2;C;57;62;7
500516;2021-02-16;895;M;3;0;B;56;68;6
500526;2021-02-16;611;M;4;0;B;5;5;2
500581;2021-02-16;11;F;4;0;A;3;3;2
500630;2021-02-16;646;F;1;0;B;48;58;4
500723;2021-02-16;543;M;2;2;B;18;18;4
500727;2021-02-16;987;F;1;0;B;28;31;6
500754;2021-02-16;636;M;2;2;B;68;88;6
500777;2021-02-16;547;F;3;4;C;54;58;5
500864;2021-02-16;250;F;4;1;B;25;27;5
500866;2021-02-16;813;F;4;0;C;9;9;4
500867;2021-02-16;255;M;4;0;B;20;21;3
500939;2021-02-16;660;F;3;0;C;70;77;6
500970;2021-02-16;760;F;2;0;A;71;87;5
501047;2021-02-16;394;M;1;0;B;11;12;3
501087;2021-02-16;326;F;1;0;B;69;85;5
501167;2021-02-16;986;M;4;0;B;65;75;6
501266;2021-02-16;120;F;4;3;A;19;19;5
501298;2021-02-16;178;M;3;0;A;29;32;5
501347;2021-02-16;377;F;1;0;B;12;13;4
501435;2021-02-16;966;F;4;2;B;7;7;4
501491;2021-02-16;618;M;4;3;B;19;19;5
501579;2021-02-16;945;F;2;3;B;19;20;6
501617;2021-02-16;249;F;4;0;B;70;85;6
501677;2021-02-16;293;M;4;0;B;16;18;4
501748;2021-02-16;209;F;4;0;B;35;35;6
501775;2021-02-20;445;M;2;0;B;21;22;5
501814;2021-02-20;833;F;1;4;B;23;23;4
501855;2021-02-20;436;M;2;4;B;7;7;4
501923;2021-02-20;71;F;3;1;B;41;43;6
501940;2021-02-20;470;M;3;1;B;46;50;6
501989;2021-02-20;52;F;1;0;A;61;74;5
502030;2021-02-20;807;M;1;3;B;41;45;5
502110;2021-02-20;509;F;2;3;C;57;67;6
502185;2021-02-20;97;F;4;1;B;4;4;2
502243;2021-02-20;969;M;1;3;B;51;58;5
502335;2021-02-20;372;M;1;4;B;5;5;3
502355;2021-02-20;712;F;2;3;B;9;9;4
502390;2021-02-20;602;M;3;0;B;15;15;5
502455;2021-02-20;487;F;3;0;C;16;16;5
502485;2021-02-20;787;F;3;0;A;18;18;5
502584;2021-02-20;670;M;4;0;C;43;49;6
502672;2021-02-20;414;F;1;0;B;27;30;5
502732;2021-02-20;792;F;2;0;B;48;50;5
502775;2021-02-20;215;M;2;4;B;70;87;6
502819;2021-02-20;566;F;4;0;B;39;40;5
502840;2021-02-20;200;F;3;0;B;58;69;5
502867;2021-02-20;549;M;2;3;C;46;55;6
502903;2021-02-20;268;M;4;0;B;46;53;7
502945;2021-02-20;307;M;1;0;B;32;33;6
503011;2021-02-20;889;F;3;4;B;68;79;6
503029;2021-02-20;917;M;1;0;A;53;66;7
503105;2021-02-20;900;F;3;0;B;44;49;5
503148;2021-02-20;265;M;2;3;B;46;53;6
503246;2021-02-20;366;M;3;4;B;39;43;5
503249;2021-02-20;227;F;3;0;C;60;73;7
503280;2021-02-20;971;F;1;2;A;45;51;5
503365;2021-02-20;639;M;2;0;C;72;89;6
503409;2021-02-20;736;M;1;0;C;67;81;6
503474;2021-02-20;191;M;3;0;B;39;43;4
503532;2021-02-20;654;M;1;1;B;19;19;4
503621;2021-02-20;930;F;4;1;B;12;14;5
503628;2021-02-24;884;F;3;2;C;32;34;5
503706;2021-02-24;787;F;3;0;A;39;44;5
503723;2021-02-24;184;M;1;3;B;74;85;6
503789;2021-02-24;767;F;1;0;B;42;47;6
503790;2021-02-24;650;F;2;0;C;59;68;6
503834;2021-02-24;270;F;3;1;B;54;61;5
503888;2021-02-24;583;F;2;0;B;67;81;6
503946;2021-02-24;638;M;3;1;B;37;40;6
503976;2021-02-24;814;M;4;0;B;76;88;6
504040;2021-02-24;820;M;1;4;B;14;14;5
504086;2021-02-24;837;F;2;0;C;12;13;4
504104;2021-02-24;100;F;2;3;C;7;8;3
504176;2021-02-24;22;M;1;0;B;73;86;6
504198;2021-02-24;887;F;3;0;B;22;26;5
504286;2021-02-24;838;F;1;0;C;4;4;2
504368;2021-02-24;813;F;4;0;C;40;45;6
504446;2021-02-24;310;M;4;3;C;70;83;6
504525;2021-02-24;543;M;2;2;B;26;26;5
504565;2021-02-24;755;M;3;4;B;43;48;6
504608;2021-02-24;911;F;2;0;B;32;35;5
504637;2021-02-24;884;F;3;2;C;50;61;7
504674;2021-02-24;753;F;1;3;C;57;62;7
504738;2021-02-24;624;M;4;0;B;55;63;6
504791;2021-02-24;417;M;4;1;B;11;12;3
504832;2021-02-24;314;F;1;1;A;47;53;5
504840;2021-02-24;413;M;3;2;B;41;49;4
504891;2021-02-24;148;M;3;4;A;38;43;5
504956;2021-02-24;68;F;2;1;A;6;6;4
505009;2021-02-24;100;F;2;3;C;14;15;5
505047;2021-02-24;60;F;2;3;B;69;80;6
505091;2021-02-24;151;F;1;0;B;65;74;6
505101;2021-02-24;492;F;2;1;C;66;77;5
505144;2021-02-24;108;M;1;0;B;10;10;3
505165;2021-02-24;853;M;5;2;A;64;75;6
505223;2021-02-24;101;F;1;0;C;33;35;4
505286;2021-02-24;560;M;2;0;B;7;7;4
505379;2021-02-27;643;F;4;0;C;62;74;6
505474;2021-02-27;12;M;1;1;A;49;56;4
505514;2021-02-27;13;M;2;1;B;51;59;6
505613;2021-02-27;288;M;2;0;B;1;1;1
505685;2021-02-27;357;M;2;2;C;28;28;4
505757;2021-02-27;89;F;3;3;C;73;83;6
505801;2021-02-27;947;F;3;1;B;55;65;6
505892;2021-02-27;426;F;3;0;C;69;75;6
505976;2021-02-27;780;M;3;2;B;23;23;4
505986;2021-02-27;886;F;5;1;B;71;82;6
505995;2021-02-27;83;M;1;4;B;49;53;4
506078;2021-02-27;14;M;1;3;B;60;69;5
506098;2021-02-27;628;M;3;0;B;26;27;3
506139;2021-02-27;660;F;3;0;C;41;49;6
506232;2021-02-27;908;M;3;2;C;48;55;6
506330;2021-02-27;839;F;1;3;B;52;64;6
506331;2021-02-27;206;F;3;1;C;6;6;2
506413;2021-02-27;581;F;4;2;C;36;38;4
506458;2021-02-27;543;M;2;2;B;19;20;4
506517;2021-02-27;598;F;4;0;B;35;38;5
506589;2021-02-27;397;F;1;0;B;47;56;6
506622;2021-02-27;489;F;4;3;B;50;59;6
506695;2021-02-27;164;M;2;3;A;29;32;6
506770;2021-02-27;655;M;2;0;B;45;49;6
506840;2021-02-27;299;F;3;1;C;31;33;6
506847;2021-02-27;318;M;1;2;B;21;23;5
506858;2021-02-27;541;F;3;0;B;19;19;5
506894;2021-02-27;715;F;3;4;B;22;22;4
506919;2021-02-27;793;M;1;3;B;18;19;5
506973;2021-02-27;26;F;4;1;A;5;5;3
507043;2021-02-27;323;M;1;3;B;25;26;4
507137;2021-02-27;587;M;1;0;B;71;89;6
507147;2021-02-27;824;F;1;0;B;73;88;6
507175;2021-02-27;492;F;2;1;C;35;37;5
507241;2021-02-27;560;M;2;0;B;4;4;2
507249;2021-02-27;579;F;3;0;B;23;23;4
507269;2021-02-27;17;M;4;0;B;9;9;4
507359;2021-02-27;775;F;2;3;B;1;1;1
507440;2021-02-27;467;F;2;2;B;65;78;6
507490;2021-02-27;51;F;3;0;B;13;14;4
507583;2021-02-27;516;M;1;0;C;50;54;6
507621;2021-02-27;317;M;3;0;B;60;67;6
507624;2021-02-27;661;M;3;0;B;57;68;6
507659;2021-02-27;404;M;4;0;B;71;88;6
507683;2021-02-27;255;M;4;0;B;65;78;6
507738;2021-02-27;971;F;1;2;A;41;45;4
507739;2021-02-27;341;M;2;0;C;15;15;3
507824;2021-02-27;402;M;2;0;C;23;23;4
507857;2021-02-27;598;F;4;0;B;41;44;5
507906;2021-02-27;345;F;2;3;B;64;77;6
507911;2021-02-27;417;M;4;1;B;37;39;6
507927;2021-02-27;131;F;2;0;C;20;22;4
508026;2021-02-27;988;F;2;0;C;19;21;4
508027;2021-02-27;955;F;3;2;C;63;76;6
508030;2021-02-27;468;M;3;1;C;32;35;6
508108;2021-02-27;372;M;1;4;B;1;1;1
508131;2021-02-27;343;F;1;0;B;39;46;6
508138;2021-02-27;636;M;2;2;B;59;75;7
508150;2021-02-27;95;M;1;0;B;42;44;5
508229;2021-02-27;682;F;2;2;B;59;65;6
508258;2021-02-27;345;F;2;3;B;39;45;5
508347;2021-03-03;107;F;2;0;C;7;7;2
508368;2021-03-03;146;F;2;0;B;22;22;4
508447;2021-03-03;905;M;1;0;B;3;3;2
508484;2021-03-03;625;F;4;0;C;63;83;5
508554;2021-03-03;509;F;2;3;C;80;89;6
508610;2021-03-03;17;M;4;0;B;72;89;7
508658;2021-03-03;286;M;4;0;B;66;79;6
508661;2021-03-03;301;F;3;0;C;71;84;6
508749;2021-03-03;310;M;4;3;C;4;4;3
508801;2021-03-03;708;F;2;2;B;66;85;6
508896;2021-03-03;640;M;4;0;C;72;85;6
508933;2021-06-03;580;M;3;0;B;70;77;7
508986;2021-06-03;695;M;2;0;A;4;4;3
509012;2021-06-03;398;F;4;1;B;11;11;4
509048;2021-06-03;208;M;3;0;B;51;62;6
509125;2021-06-03;266;F;3;3;B;66;75;5
509223;2021-06-03;936;F;3;2;B;65;73;6
509260;2021-06-03;35;M;3;0;B;38;44;3
509340;2021-06-03;737;F;2;1;C;54;62;5
509425;2021-06-03;901;F;4;1;B;70;86;7
509480;2021-06-03;412;M;2;0;B;4;4;3
509503;2021-06-03;959;M;5;1;B;16;17;5
509588;2021-06-03;650;F;2;0;C;58;64;6
509596;2021-06-03;737;F;2;1;C;53;63;6
509672;2021-06-03;205;M;2;4;B;31;33;5
509766;2021-06-03;122;M;3;3;B;37;39;4
509850;2021-06-03;415;F;3;0;B;63;70;6
509865;2021-06-03;92;M;4;1;B;9;9;4
509940;2021-06-03;320;M;3;4;B;7;8;4
509943;2021-06-03;394;M;1;0;B;20;21;7
509945;2021-06-03;635;F;4;0;B;35;36;5
510040;2021-06-03;783;F;1;0;B;6;6;3
510111;2021-06-03;924;F;2;2;B;29;32;4
510115;2021-06-03;138;F;3;2;B;66;86;6
510190;2021-06-03;129;M;2;0;A;42;50;5
510216;2021-06-03;328;M;2;0;B;58;63;6
510292;2021-06-03;40;M;2;1;B;3;3;2
510317;2021-06-03;547;F;3;4;C;72;88;7
510331;2021-06-03;545;M;2;2;B;6;6;4
510347;2021-06-03;186;M;2;4;C;20;23;5
510443;2021-06-03;866;M;2;2;C;39;41;5
510519;2021-06-03;192;F;4;0;B;7;7;2
510548;2021-06-03;622;F;3;0;B;37;41;6
510570;2021-06-03;142;F;1;0;B;58;65;5
510655;2021-06-03;303;M;3;4;B;20;23;5
510730;2021-06-03;571;F;2;0;B;15;16;5
510800;2021-06-03;773;M;4;0;B;37;43;5
510824;2021-06-03;111;M;2;4;C;2;2;2
510903;2021-06-03;454;F;1;0;B;68;76;7
510940;2021-06-03;160;F;3;4;B;65;74;7
511005;2021-06-03;223;F;3;0;B;28;31;6
511025;2021-06-03;234;M;3;4;B;39;42;6
511093;2021-06-03;354;F;2;0;B;46;54;7
511134;2021-06-03;143;F;1;4;B;41;45;7
511146;2021-06-03;759;F;3;0;B;33;35;5
511203;2021-06-03;270;F;3;1;B;53;59;4
511223;2021-06-03;18;M;4;0;C;29;31;5
511230;2021-06-03;664;M;3;1;B;61;69;6
511243;2021-06-03;283;M;4;1;B;7;7;3
511299;2021-06-03;613;F;3;0;B;59;70;6
511338;2021-06-03;942;M;1;0;B;64;73;5
511374;2021-06-03;263;M;3;0;B;66;76;7
511399;2021-06-03;928;F;5;1;B;75;86;7
511451;2021-06-03;840;F;3;3;C;42;46;7
511518;2021-06-03;485;M;3;3;B;35;36;5
511564;2021-06-03;123;F;3;2;B;63;76;6
511570;2021-06-03;468;M;3;1;C;37;43;5
511642;2021-06-03;809;F;3;3;B;27;27;5
511650;2021-06-03;73;M;1;0;A;31;35;6
511740;2021-06-03;946;M;3;0;B;8;8;3
511758;2021-06-03;73;M;1;0;A;33;35;6
511821;2021-06-03;739;F;2;3;B;19;19;6
511878;2021-06-03;816;M;4;0;C;16;17;5
511943;2021-06-03;605;M;4;2;B;74;88;5
511987;2021-06-03;890;M;3;0;C;71;87;6
512004;2021-06-03;932;M;4;1;B;60;73;6
512066;2021-06-03;279;M;1;2;B;33;37;5
512154;2021-06-03;424;M;1;4;B;54;61;6
512176;2021-06-03;128;F;2;0;B;39;40;7
512198;2021-06-03;676;M;2;3;B;54;58;7
512254;2021-06-03;863;F;1;4;B;34;36;5
512315;2021-06-03;487;F;3;0;C;46;50;6
512340;2021-06-03;329;F;3;0;B;17;19;3
512417;2021-06-03;688;M;1;1;A;50;59;5
512474;2021-06-03;911;F;2;0;B;4;4;4
512557;2021-06-03;368;M;4;0;C;20;20;5
512635;2021-06-03;264;F;4;1;B;63;76;7
512657;2021-06-03;116;M;4;0;B;14;14;3
512691;2021-06-03;761;F;1;4;B;71;84;6
512713;2021-06-03;419;F;2;1;B;74;79;6
512752;2021-06-03;781;M;4;0;B;64;71;7
512788;2021-06-03;318;M;1;2;B;71;85;5
512844;2021-06-03;112;M;4;0;B;62;73;6
512853;2021-06-03;397;F;1;0;B;16;18;4
512870;2021-06-03;303;M;3;4;B;69;81;7
512935;2021-06-03;228;F;4;0;C;27;29;4
513020;2021-06-03;822;M;2;3;B;69;80;6
513025;2021-09-03;369;F;3;4;C;64;73;6
513076;2021-09-03;378;F;2;0;C;45;50;5
513169;2021-09-03;908;M;3;2;C;4;4;1
513261;2021-09-03;95;M;1;0;B;25;27;6
513312;2021-09-03;48;M;4;1;B;53;60;6
513383;2021-09-03;508;F;3;0;B;53;62;6
513453;2021-09-03;739;F;2;3;B;63;74;7
513541;2021-09-03;627;M;3;1;B;26;30;7
513624;2021-09-03;129;M;2;0;A;51;60;6
513669;2021-09-03;230;M;1;4;A;42;49;5
513752;2021-09-03;295;F;1;3;B;73;85;5
513797;2021-09-03;494;F;5;1;C;60;66;7
513845;2021-09-03;255;M;4;0;B;7;7;4
513866;2021-09-03;985;M;1;0;B;26;26;4
513875;2021-09-03;683;F;3;0;B;51;54;5
513909;2021-09-03;332;F;3;4;C;74;81;6
513939;2021-09-03;320;M;3;4;B;50;56;6
513987;2021-09-03;759;F;3;0;B;13;13;4
514052;2021-09-03;364;F;4;2;C;1;1;1
514068;2021-09-03;702;M;1;0;B;53;58;7
514104;2021-09-03;856;F;5;1;B;47;50;5
514136;2021-09-03;919;F;2;0;C;77;86;6
514211;2021-09-03;905;M;1;0;B;15;15;4
514262;2021-09-03;890;M;3;0;C;73;87;6
514338;2021-09-03;813;F;4;0;C;25;26;5
514397;2021-09-03;492;F;2;1;C;19;19;5
514447;2021-09-03;323;M;1;3;B;41;42;5
514523;2021-09-03;692;F;4;0;B;1;1;1
514603;2021-09-03;848;F;5;3;A;68;86;6
514693;2021-09-03;495;F;2;3;A;32;35;5
514787;2021-09-03;153;M;4;1;B;34;40;6
514788;2021-09-03;151;F;1;0;B;35;41;6
514820;2021-09-03;751;F;2;0;B;62;71;6
514901;2021-09-03;387;M;2;2;B;52;63;6
514949;2021-09-03;839;F;1;3;B;50;57;6
514990;2021-09-03;630;M;1;2;C;23;23;5
514996;2021-09-03;874;F;3;3;B;6;6;3
515051;2021-09-03;699;F;1;0;C;63;73;6
515094;2021-09-03;734;F;4;2;B;40;44;6
515113;2021-09-03;960;F;4;2;B;51;54;5
515156;2021-09-03;865;F;1;0;B;15;15;4
515236;2021-09-03;235;F;4;0;B;59;67;5
515239;2021-09-03;153;M;4;1;B;47;53;5
515283;2021-09-03;823;M;5;3;B;29;33;5
515379;2021-09-03;652;F;4;0;B;72;85;6
515380;2021-09-03;203;F;3;0;A;58;66;5
515395;2021-09-03;870;F;1;0;B;55;57;5
515448;2021-09-03;454;F;1;0;B;38;42;5
515449;2021-09-03;462;F;4;0;A;9;9;4
515458;2021-09-03;110;M;3;0;C;21;21;4
515512;2021-09-03;60;F;2;3;B;71;83;5
515602;2021-09-03;872;M;3;4;A;12;12;4
515611;2021-09-03;99;F;1;4;C;43;44;5
515698;2021-09-03;838;F;1;0;C;41;45;6
515761;2021-09-03;231;F;4;2;B;28;28;5
515834;2021-09-03;579;F;3;0;B;14;14;3
515889;2021-09-03;710;F;3;1;C;15;16;4
515926;2021-09-03;231;F;4;2;B;59;70;6
515975;2021-09-03;446;M;1;4;B;4;4;2
516028;2021-09-03;37;M;3;0;B;36;40;6
516097;2021-09-03;360;M;4;0;B;63;75;6
516115;2021-09-03;301;F;3;0;C;56;65;6
516133;2021-09-03;54;M;1;0;A;45;46;4
516204;2021-09-03;11;F;4;0;A;28;29;6
516207;2021-09-03;786;F;1;4;C;65;75;7
516269;2021-09-03;550;M;4;0;B;29;31;4
516351;2021-09-03;18;M;4;0;C;26;27;5
516356;2021-09-03;429;M;4;0;C;20;21;3
516436;2021-09-03;263;M;3;0;B;69;83;6
516518;2021-09-03;109;M;2;1;B;40;42;7
516598;2021-09-03;817;M;3;0;B;66;76;6
516696;2021-09-03;571;F;2;0;B;71;89;6
516762;2021-09-03;303;M;3;4;B;27;28;4
516798;2021-09-03;468;M;3;1;C;52;57;6
516889;2021-09-03;12;M;1;1;A;5;5;4
516950;2021-09-03;380;M;3;4;B;8;9;4
516962;2021-09-03;816;M;4;0;C;58;62;6
516984;2021-09-03;1;M;1;0;C;12;14;3
517009;2021-09-03;702;M;1;0;B;32;32;6
517022;2021-09-03;995;M;3;1;B;19;20;4
517094;2021-09-03;14;M;1;3;B;56;69;6
517096;2021-09-03;536;M;4;0;B;40;44;4
517115;2021-09-03;330;F;1;0;B;75;89;5
517134;2021-09-03;217;F;3;0;B;36;42;5
517169;2021-09-03;224;M;4;0;B;69;81;6
517233;2021-09-03;853;M;5;2;A;55;65;6
517239;2021-09-03;972;M;4;0;C;43;50;7
517308;2021-09-03;634;F;2;0;C;42;48;7
517357;2021-09-03;886;F;5;1;B;54;61;6
517414;2021-09-03;154;M;2;3;B;29;29;6
517426;2021-09-03;650;F;2;0;C;37;39;7
517505;2021-09-03;868;M;4;0;B;51;61;5
517574;2021-09-03;977;M;1;0;C;74;85;6
517669;2021-09-03;345;F;2;3;B;62;75;6
517705;2021-09-03;176;F;2;0;B;12;12;3
517770;2021-09-03;287;F;1;0;B;44;54;7
517808;2021-03-16;884;F;3;2;C;22;23;4
517848;2021-03-16;916;F;3;4;C;42;52;4
517898;2021-03-16;363;F;1;0;B;23;23;5
517956;2021-03-16;381;F;1;1;B;48;53;6
518039;2021-03-16;637;F;1;0;B;26;26;5
518071;2021-03-16;405;F;4;0;B;61;66;6
518147;2021-03-16;746;M;3;0;C;64;74;5
518204;2021-03-16;468;M;3;1;C;20;21;5
518270;2021-03-16;510;F;4;0;B;48;54;6
518297;2021-03-16;842;M;5;2;B;11;11;3
518328;2021-03-16;594;F;3;1;C;46;51;5
518386;2021-03-16;880;M;3;2;B;26;30;4
518451;2021-03-16;989;M;2;0;B;59;66;5
518546;2021-03-16;241;M;4;1;B;55;63;7
518568;2021-03-16;47;F;4;0;B;10;10;3
518643;2021-03-16;718;F;3;2;B;52;63;5
518734;2021-03-16;294;F;4;0;C;70;83;7
518759;2021-03-16;781;M;4;0;B;29;35;5
518823;2021-03-16;479;F;1;0;B;70;84;5
518850;2021-03-16;497;M;3;0;B;38;46;5
518858;2021-03-16;711;M;4;2;B;15;16;6
518906;2021-03-16;26;F;4;1;A;59;67;6
518955;2021-03-16;803;F;2;0;A;63;77;5
519029;2021-03-16;956;M;5;1;C;53;60;5
519040;2021-03-16;915;F;3;0;B;16;17;4
519076;2021-03-16;95;M;1;0;B;5;5;2
519110;2021-03-16;463;M;3;3;B;44;47;6
519173;2021-03-16;965;M;3;0;B;1;1;1
519197;2021-03-16;147;M;1;0;A;59;69;6
519225;2021-03-16;512;M;4;0;B;59;62;6
519300;2021-03-16;628;M;3;0;B;54;60;5
519351;2021-03-16;44;F;4;0;C;34;37;5
519433;2021-03-16;502;M;4;0;C;32;33;6
519463;2021-03-16;348;F;3;0;A;21;22;5
519515;2021-03-16;679;F;3;3;B;55;62;6
519605;2021-03-16;108;M;1;0;B;64;79;6
519625;2021-03-16;192;F;4;0;B;70;79;6
519635;2021-03-16;564;M;3;2;B;46;54;7
519646;2021-03-16;7;M;1;3;B;62;73;5
519730;2021-03-16;638;M;3;1;B;11;12;3
519813;2021-03-16;414;F;1;0;B;15;17;4
519849;2021-03-16;286;M;4;0;B;36;36;5
519941;2021-03-16;202;M;1;0;B;12;12;5
519983;2021-03-16;600;M;2;4;C;29;32;5
520033;2021-03-16;45;M;2;0;A;39;46;5
520084;2021-03-16;512;M;4;0;B;33;35;6
520095;2021-03-16;335;F;3;0;C;36;39;5
520177;2021-03-16;788;F;4;2;B;73;81;6
520185;2021-03-16;137;F;4;1;B;57;68;6
520258;2021-03-16;297;M;4;0;B;54;60;5
520287;2021-03-16;932;M;4;1;B;38;42;5
520330;2021-03-16;43;M;2;0;B;55;67;5
520378;2021-03-16;814;M;4;0;B;34;41;5
520401;2021-03-16;501;M;1;0;B;30;33;5
520438;2021-03-16;103;M;3;4;B;58;66;4
520514;2021-03-16;543;M;2;2;B;3;3;3
520565;2021-03-16;713;F;1;3;C;51;59;6
520634;2021-03-16;523;M;3;0;B;73;88;7
520693;2021-03-16;473;F;4;3;B;60;72;6
520699;2021-03-16;263;M;3;0;B;49;62;6
520748;2021-03-16;557;F;2;0;A;75;88;7
520795;2021-03-16;373;F;4;2;B;2;2;2
520880;2021-03-16;619;M;4;1;B;24;24;5
520958;2021-03-16;790;F;3;0;B;56;67;5
521012;2021-03-18;109;M;2;1;B;73;86;5
521095;2021-03-18;311;F;4;0;C;10;10;4
521129;2021-03-18;92;M;4;1;B;60;68;5
521179;2021-03-18;610;M;2;0;B;42;45;6
521238;2021-03-18;606;M;1;0;B;64;70;5
521310;2021-03-18;13;M;2;1;B;62;74;6
521384;2021-03-18;924;F;2;2;B;31;33;5
521457;2021-03-18;335;F;3;0;C;17;18;4
521543;2021-03-18;227;F;3;0;C;49;52;6
521604;2021-03-18;887;F;3;0;B;59;68;6
521651;2021-03-18;949;M;1;0;B;58;66;6
521689;2021-03-18;723;M;4;0;B;48;54;5
521785;2021-03-18;390;F;2;0;B;40;43;4
521825;2021-03-18;275;M;4;0;B;16;16;5
521854;2021-03-18;239;M;4;2;C;33;34;4
521916;2021-03-18;727;M;4;2;C;75;86;6
522009;2021-03-18;547;F;3;4;C;16;16;3
522048;2021-03-18;408;F;4;0;B;59;65;6
522077;2021-03-18;904;M;1;2;B;68;80;5
522174;2021-03-18;804;F;4;3;B;34;35;4
522180;2021-03-18;496;F;2;0;B;25;28;3
522208;2021-03-18;231;F;4;2;B;37;41;4
522248;2021-03-18;123;F;3;2;B;66;74;7
522316;2021-03-18;549;M;2;3;C;63;76;6
522396;2021-03-18;386;M;4;2;A;25;28;4
522444;2021-03-18;432;F;1;0;C;60;74;7
522474;2021-03-18;672;F;4;0;B;66;78;6
522565;2021-03-18;866;M;2;2;C;53;57;6
522577;2021-03-18;644;M;1;0;C;69;83;6
522619;2021-03-18;418;M;2;2;A;31;36;4
522680;2021-03-18;120;F;4;3;A;4;4;3
522750;2021-03-18;516;M;1;0;C;55;58;7
522829;2021-03-18;268;M;4;0;B;62;71;6
522924;2021-03-18;863;F;1;4;B;29;30;5
522967;2021-03-18;328;M;2;0;B;55;67;6
523044;2021-03-18;405;F;4;0;B;2;2;2
523104;2021-03-18;386;M;4;2;A;16;17;4
523155;2021-03-18;111;M;2;4;C;67;76;5
523248;2021-03-18;57;M;2;0;B;18;19;5
523285;2021-03-18;534;M;4;1;C;28;31;3
523379;2021-03-18;206;F;3;1;C;54;63;5
523413;2021-03-18;933;M;2;2;B;40;42;5
523466;2021-03-18;522;M;1;2;A;46;53;7
523503;2021-03-18;217;F;3;0;B;34;38;6
523554;2021-03-18;333;F;2;0;C;68;78;6
523567;2021-03-18;419;F;2;1;B;71;84;6
523605;2021-03-18;400;F;4;1;C;10;10;3
523697;2021-03-18;749;F;4;1;B;3;3;2
523727;2021-03-18;212;F;2;1;B;23;24;5
523794;2021-03-18;921;M;2;3;B;54;68;6
523804;2021-03-18;488;M;3;2;B;47;53;6
523868;2021-03-18;356;M;2;4;A;1;1;1
523900;2021-03-18;16;M;1;4;C;16;16;5
523931;2021-03-18;496;F;2;0;B;33;37;7
523997;2021-03-18;262;M;1;2;B;12;12;4
524091;2021-03-18;174;M;4;3;C;20;20;4
524172;2021-03-18;212;F;2;1;B;70;84;7
524192;2021-03-18;780;M;3;2;B;13;13;3
524199;2021-03-18;107;F;2;0;C;32;34;4
524297;2021-03-18;136;F;2;1;B;50;56;5
524375;2021-03-18;836;F;2;0;B;47;51;6
524403;2021-03-18;60;F;2;3;B;13;13;4
524486;2021-03-18;629;M;3;0;C;54;66;6
524522;2021-03-18;8;F;3;0;B;65;78;4
524550;2021-03-18;883;M;1;0;B;51;56;6
524636;2021-03-18;441;M;4;2;B;43;46;5
524713;2021-03-18;586;F;4;2;B;56;62;5
524746;2021-03-18;581;F;4;2;C;9;9;4
524781;2021-03-18;760;F;2;0;A;55;58;6
524863;2021-03-18;822;M;2;3;B;35;39;6
524899;2021-03-18;473;F;4;3;B;29;31;5
524931;2021-03-18;673;F;5;1;B;50;53;5
524986;2021-03-18;680;F;3;0;C;74;88;7
525062;2021-03-22;563;M;3;0;B;38;40;6
525144;2021-03-22;951;M;2;0;B;38;38;7
525146;2021-03-22;401;M;1;4;C;33;35;5
525170;2021-03-22;995;M;3;1;B;60;66;7
525266;2021-03-22;559;F;3;1;A;53;63;6
525340;2021-03-22;474;M;2;0;B;28;29;4
525344;2021-03-22;52;F;1;0;A;20;22;4
525350;2021-03-22;341;M;2;0;C;20;21;4
525440;2021-03-22;277;F;1;3;B;41;50;5
525502;2021-03-22;984;F;4;3;B;63;71;5
525533;2021-03-22;154;M;2;3;B;14;14;4
525565;2021-03-22;642;M;2;3;B;47;55;6
525658;2021-03-22;983;F;4;0;C;15;15;3
525738;2021-03-22;370;M;1;4;B;50;56;7
525791;2021-03-22;182;F;1;4;B;39;43;5
525874;2021-03-22;537;F;1;4;B;44;48;5
525878;2021-03-22;329;F;3;0;B;45;47;6
525930;2021-03-22;493;M;2;4;B;60;71;5
526017;2021-03-22;787;F;3;0;A;2;2;2
526085;2021-03-22;314;F;1;1;A;38;44;5
526105;2021-03-22;416;M;3;2;C;45;53;5
526130;2021-03-22;876;F;2;3;B;65;78;5
526202;2021-03-22;558;F;5;2;C;16;17;6
526289;2021-03-22;99;F;1;4;C;64;72;7
526328;2021-03-22;94;M;1;2;C;23;24;4
526410;2021-03-22;302;F;4;3;C;36;40;5
526493;2021-03-22;3;F;4;0;B;59;63;5
526551;2021-03-22;186;M;2;4;C;39;40;6
526620;2021-03-22;693;F;4;0;B;57;65;6
526719;2021-03-22;496;F;2;0;B;37;40;6
526802;2021-03-22;944;F;3;1;B;59;70;7
526897;2021-03-22;597;M;3;0;C;36;38;5
526953;2021-03-22;956;M;5;1;C;65;74;6
527038;2021-03-22;866;M;2;2;C;13;13;3
527120;2021-03-22;947;F;3;1;B;72;85;5
527186;2021-03-22;498;M;3;2;B;47;51;6
527230;2021-03-22;667;F;4;0;C;70;83;7
527264;2021-03-22;254;F;5;2;B;62;65;6
527325;2021-03-28;319;M;1;4;B;37;39;6
527415;2021-03-28;910;M;2;2;B;60;62;5
527458;2021-03-28;537;F;1;4;B;10;10;5
527509;2021-03-28;634;F;2;0;C;57;68;6
527604;2021-03-28;113;F;3;0;B;13;14;5
527700;2021-03-28;901;F;4;1;B;42;49;6
527762;2021-03-28;178;M;3;0;A;18;18;4
527774;2021-03-28;265;M;2;3;B;71;86;5
527824;2021-03-28;908;M;3;2;C;64;69;6
527836;2021-03-28;827;M;4;0;B;26;26;4
527907;2021-03-28;815;F;2;4;B;51;54;4
527912;2021-03-28;825;M;1;2;C;25;27;6
527938;2021-03-28;825;M;1;2;C;24;24;3
527984;2021-03-28;858;F;4;2;C;21;23;5
528081;2021-03-28;736;M;1;0;C;44;46;4
528122;2021-03-28;871;F;1;3;C;65;84;7
528151;2021-03-28;57;M;2;0;B;20;22;5
528179;2021-03-28;387;M;2;2;B;9;10;4
528195;2021-03-28;317;M;3;0;B;59;69;6
528256;2021-03-28;927;M;1;1;C;42;45;4
528346;2021-03-28;920;F;5;3;B;69;79;6
528385;2021-03-28;570;F;4;1;C;19;22;3
528447;2021-03-30;354;F;2;0;B;57;66;6
528517;2021-03-30;261;F;4;0;B;29;29;5
528616;2021-03-30;80;F;2;1;C;57;67;5
528629;2021-03-30;89;F;3;3;C;36;37;6
528696;2021-03-30;30;M;4;0;B;31;34;6
528729;2021-03-30;805;F;3;0;C;59;69;6
528798;2021-03-30;256;F;4;0;B;23;24;5
528870;2021-03-30;156;F;2;0;B;53;58;6
528885;2021-03-30;533;F;4;0;A;2;2;2
528902;2021-03-30;453;F;1;0;B;39;44;6
528936;2021-03-30;372;M;1;4;B;41;47;5
529004;2021-03-30;278;F;3;2;C;10;11;4
529052;2021-03-30;185;F;3;0;C;31;33;6
529148;2021-03-30;266;F;3;3;B;57;63;7
529208;2021-03-30;875;F;1;0;B;44;45;5
529254;2021-03-30;837;F;2;0;C;70;83;5
529332;2021-03-30;843;F;5;1;C;38;39;5
529371;2021-03-30;980;F;1;0;B;56;68;6
529412;2021-03-30;165;F;4;0;C;62;72;7
529501;2021-03-30;841;M;1;0;B;17;18;5
529552;2021-03-30;682;F;2;2;B;60;67;7
529611;2021-03-30;823;M;5;3;B;8;8;3
529663;2021-03-30;357;M;2;2;C;63;71;6
529738;2021-03-30;275;M;4;0;B;66;72;6
529749;2021-03-30;51;F;3;0;B;3;3;2
529806;2021-03-30;660;F;3;0;C;12;12;5
529820;2021-03-30;918;F;2;4;C;41;44;5
529918;2021-03-30;952;F;3;4;C;75;87;6
529949;2021-03-30;705;M;1;0;B;52;63;6
530001;2021-03-30;425;F;3;0;B;8;8;3
530034;2021-03-30;945;F;2;3;B;5;5;3
530084;2021-03-30;208;M;3;0;B;30;33;6
530100;2021-03-30;69;M;4;3;A;46;51;6
530148;2021-03-30;573;F;1;0;C;72;87;6
530243;2021-03-30;610;M;2;0;B;9;9;3
530325;2021-03-30;118;M;2;4;A;2;2;2
530343;2021-03-30;482;M;4;2;B;32;34;5
530398;2021-03-30;263;M;3;0;B;23;24;6
530447;2021-03-30;965;M;3;0;B;49;54;6
530533;2021-03-30;246;M;2;2;B;58;67;6
530595;2021-03-30;154;M;2;3;B;61;77;7
530628;2021-03-30;578;M;4;0;B;69;83;6
530638;2021-03-30;793;M;1;3;B;8;9;2
530693;2021-03-30;965;M;3;0;B;63;71;7
530770;2021-03-30;955;F;3;2;C;33;37;5
530774;2021-03-30;158;M;3;0;B;31;33;5
530782;2021-03-30;289;F;3;4;C;44;46;5
530844;2021-03-30;346;F;2;4;C;52;59;6
530847;2021-03-30;409;F;3;4;B;6;6;3
530871;2021-03-30;955;F;3;2;C;47;50;6
530885;2021-03-30;532;F;2;3;B;47;59;6
530918;2021-03-30;20;M;4;0;B;29;30;6
530956;2021-03-30;63;F;3;0;B;67;79;5
531004;2021-03-30;559;F;3;1;A;7;8;2
531055;2021-03-30;63;F;3;0;B;61;74;5
531116;2021-03-30;827;M;4;0;B;71;75;6
531136;2021-03-30;705;M;1;0;B;12;13;3
531230;2021-03-30;921;M;2;3;B;11;11;6
531301;2021-03-30;223;F;3;0;B;20;20;4
531396;2021-03-30;639;M;2;0;C;34;35;6
531489;2021-03-30;99;F;1;4;C;55;63;7
531559;2021-02-04;217;F;3;0;B;4;4;2
531572;2021-02-04;775;F;2;3;B;56;67;6
531581;2021-02-04;987;F;1;0;B;21;21;4
531680;2021-02-04;889;F;3;4;B;5;5;3
531771;2021-02-04;574;F;2;2;B;22;23;4
531801;2021-02-04;88;F;1;0;B;22;23;5
531893;2021-02-04;571;F;2;0;B;35;39;5
531939;2021-02-04;238;M;2;1;B;16;16;4
532024;2021-02-04;748;M;4;0;B;14;15;4
532094;2021-02-04;365;M;4;0;A;35;36;5
532184;2021-02-04;634;F;2;0;C;39;47;4
532274;2021-02-04;669;F;4;0;B;40;44;6
532355;2021-02-04;337;M;3;0;B;13;14;5
532364;2021-02-04;941;M;2;3;B;16;16;5
532428;2021-02-04;500;M;3;2;C;73;86;6
532495;2021-02-04;91;M;3;0;B;59;72;6
532590;2021-02-04;103;M;3;4;B;52;66;6
532591;2021-02-04;284;M;4;1;B;52;56;7
532627;2021-02-04;87;M;3;2;A;19;19;4
532703;2021-02-04;952;F;3;4;C;17;21;5
532735;2021-02-04;185;F;3;0;C;29;32;5
532736;2021-02-04;228;F;4;0;C;54;62;6
532795;2021-02-04;711;M;4;2;B;70;84;6
532855;2021-02-04;352;M;4;2;B;9;9;4
532889;2021-02-04;238;M;2;1;B;68;85;7
532914;2021-02-04;420;M;3;0;B;15;16;3
532927;2021-02-04;189;F;3;4;C;51;59;6
532961;2021-02-04;208;M;3;0;B;69;88;6
532969;2021-02-04;485;M;3;3;B;71;89;6
532987;2021-02-04;180;M;3;4;B;55;61;5
533035;2021-02-04;792;F;2;0;B;26;26;6
533044;2021-02-04;706;F;2;0;A;46;49;6
533130;2021-02-04;657;M;2;3;B;12;12;3
533179;2021-02-04;926;M;1;0;B;38;38;5
533196;2021-02-04;147;M;1;0;A;67;87;6
533262;2021-02-04;758;F;3;0;B;73;85;7
533324;2021-02-04;560;M;2;0;B;69;87;6
533407;2021-02-04;707;M;4;0;B;27;31;4
533497;2021-02-04;556;F;4;0;B;20;20;6
533531;2021-02-04;559;F;3;1;A;63;75;5
533574;2021-02-04;102;F;1;2;C;59;62;5
533575;2021-02-04;616;F;1;2;C;67;75;5
533611;2021-02-04;144;M;1;0;B;69;79;5
533685;2021-02-04;837;F;2;0;C;59;74;6
533735;2021-02-04;719;M;1;0;B;15;16;4
533747;2021-02-04;794;M;1;2;B;60;68;6
533825;2021-02-04;266;F;3;3;B;73;87;5
533888;2021-02-04;891;F;3;2;B;18;19;4
533940;2021-02-04;227;F;3;0;C;46;51;4
533959;2021-02-04;857;F;2;2;B;13;14;3
534041;2021-02-04;686;F;3;2;A;37;39;6
534043;2021-02-04;478;M;1;4;A;4;4;2
534084;2021-02-04;773;M;4;0;B;65;76;6
534139;2021-02-04;205;M;2;4;B;64;71;6
534148;2021-02-04;36;F;3;0;C;9;9;4
534184;2021-02-04;524;F;4;3;C;39;41;5
534279;2021-02-04;321;M;2;0;B;7;7;2
534350;2021-02-04;306;F;3;0;B;37;40;6
534392;2021-02-04;294;F;4;0;C;1;1;1
534486;2021-02-04;431;F;4;3;B;55;58;7
534561;2021-02-04;847;M;4;2;A;48;52;5
534640;2021-02-04;645;F;4;0;B;74;87;5
534688;2021-02-04;591;M;4;1;B;61;71;6
534710;2021-02-04;127;F;4;2;C;44;45;6
534734;2021-02-04;994;M;4;0;C;11;11;4
534823;2021-02-04;650;F;2;0;C;17;17;4
534890;2021-02-04;785;M;1;4;C;53;59;7
534969;2021-02-04;374;F;3;0;B;59;75;6
535057;2021-02-04;834;M;3;3;B;19;19;5
535156;2021-02-04;357;M;2;2;C;34;39;5
535185;2021-02-04;818;F;2;0;B;48;57;5
535270;2021-02-04;180;M;3;4;B;7;8;3
535319;2021-02-04;637;F;1;0;B;16;18;4
535322;2021-02-04;866;M;2;2;C;37;39;5
535379;2021-02-04;1;M;1;0;C;29;30;4
535454;2021-02-04;549;M;2;3;C;30;30;5
535542;2021-02-04;111;M;2;4;C;74;88;6
535579;2021-02-04;959;M;5;1;B;9;9;3
535618;2021-02-04;30;M;4;0;B;21;21;5
535698;2021-02-04;580;M;3;0;B;58;63;6
535711;2021-02-04;959;M;5;1;B;19;20;5
535773;2021-02-04;551;M;1;0;C;20;25;6
535815;2021-02-04;367;F;1;0;A;71;83;6
535837;2021-02-04;416;M;3;2;C;61;69;6
535877;2021-02-04;776;F;2;0;B;44;48;5
535970;2021-02-04;479;F;1;0;B;7;7;3
536042;2021-02-04;549;M;2;3;C;55;62;6
536137;2021-02-04;40;M;2;1;B;62;68;5
536177;2021-02-04;248;M;3;0;C;69;81;6
536244;2021-02-04;522;M;1;2;A;5;5;2
536281;2021-02-04;428;F;2;0;A;70;76;6
536284;2021-02-04;909;M;3;0;B;6;6;3
536377;2021-02-04;829;F;3;4;B;60;71;5
536466;2021-02-04;846;F;4;3;C;17;18;4
536474;2021-02-04;198;M;4;0;B;37;37;5
536492;2021-02-04;346;F;2;4;C;10;10;4
536528;2021-07-04;44;F;4;0;C;18;19;4
536605;2021-07-04;531;F;3;1;B;63;73;4
536652;2021-07-04;516;M;1;0;C;31;34;4
536744;2021-07-04;903;M;1;0;B;34;36;5
536818;2021-07-04;189;F;3;4;C;45;53;6
536875;2021-07-04;95;M;1;0;B;18;19;6
536918;2021-07-04;426;F;3;0;C;31;34;6
536999;2021-07-04;481;M;3;0;B;47;53;6
537047;2021-07-04;713;F;1;3;C;50;58;6
537085;2021-07-04;307;M;1;0;B;62;65;6
537095;2021-07-04;334;M;3;0;C;31;34;6
537100;2021-07-04;989;M;2;0;B;27;28;3
537119;2021-07-04;120;F;4;3;A;5;5;1
537198;2021-07-04;670;M;4;0;C;64;68;6
537254;2021-07-04;564;M;3;2;B;5;5;2
537261;2021-07-04;831;F;4;2;B;33;37;6
537293;2021-07-04;829;F;3;4;B;53;57;5
537380;2021-07-04;721;M;3;2;C;8;8;4
537412;2021-07-04;336;F;1;0;C;39;42;5
537509;2021-07-04;294;F;4;0;C;19;19;4
537552;2021-07-04;312;M;1;0;A;33;36;4
537586;2021-07-04;261;F;4;0;B;69;77;6
537653;2021-07-04;998;F;2;0;C;36;37;5
537658;2021-07-04;805;F;3;0;C;57;63;6
537739;2021-07-04;475;F;4;3;B;35;38;5
537829;2021-07-04;197;F;2;0;B;35;36;5
537927;2021-07-04;392;M;2;2;C;28;31;5
537988;2021-07-04;456;M;1;4;B;77;86;6
538013;2021-07-04;220;M;1;0;B;31;32;7
538095;2021-07-04;403;M;3;2;B;10;10;4
538157;2021-07-04;489;F;4;3;B;35;35;5
538187;2021-07-04;579;F;3;0;B;8;8;3
538283;2021-07-04;106;M;1;0;B;3;3;2
538337;2021-07-04;394;M;1;0;B;69;85;6
538403;2021-07-04;939;M;2;1;C;6;7;3
538487;2021-07-04;104;F;3;2;B;46;53;6
538563;2021-07-04;980;F;1;0;B;43;48;6
538608;2021-07-04;377;F;1;0;B;60;73;5
538610;2021-07-04;774;F;2;0;B;9;9;4
538669;2021-07-04;275;M;4;0;B;52;58;6
538706;2021-07-04;312;M;1;0;A;57;60;7
538732;2021-07-04;2;M;3;0;B;8;8;3
538750;2021-07-04;643;F;4;0;C;42;47;7
538766;2021-07-04;53;M;1;1;B;71;76;6
538803;2021-07-04;260;F;2;0;C;21;22;5
538872;2021-07-04;282;M;2;0;B;13;13;4
538936;2021-07-04;592;F;2;0;C;62;66;6
539000;2021-07-04;942;M;1;0;B;44;49;6
539071;2021-07-04;526;M;2;2;B;56;64;6
539170;2021-07-04;877;M;2;0;C;51;57;6
539205;2021-07-04;179;F;2;0;B;30;31;5
539245;2021-07-04;880;M;3;2;B;30;33;6
539329;2021-07-04;128;F;2;0;B;6;6;2
539401;2021-07-04;483;M;1;0;C;56;65;6
539411;2021-07-04;394;M;1;0;B;13;13;3
539476;2021-07-04;85;M;1;0;B;2;2;2
539573;2021-07-04;867;M;2;3;B;7;8;5
539668;2021-07-04;570;F;4;1;C;29;30;6
539700;2021-07-04;64;F;4;0;B;49;54;6
539775;2021-07-04;228;F;4;0;C;72;78;7
539852;2021-07-04;3;F;4;0;B;73;83;5
539863;2021-07-04;485;M;3;3;B;69;85;5
539880;2021-07-04;42;M;2;2;B;43;50;5
539979;2021-07-04;411;F;2;0;B;61;74;5
540011;2021-07-04;186;M;2;4;C;75;86;6
540064;2021-07-04;598;F;4;0;B;23;26;4
540066;2021-07-04;531;F;3;1;B;34;41;7
540107;2021-07-04;669;F;4;0;B;62;76;5
540198;2021-07-04;947;F;3;1;B;17;18;4
540205;2021-07-04;410;F;3;3;B;60;67;5
540285;2021-07-04;211;M;2;1;B;20;21;5
540308;2021-07-04;744;M;4;0;A;61;65;4
540346;2021-07-04;367;F;1;0;A;64;71;5
540371;2021-07-04;793;M;1;3;B;48;49;6
540415;2021-07-04;796;M;2;3;B;12;12;4
540448;2021-09-04;885;F;3;1;A;41;47;5
540477;2021-09-04;538;M;3;0;B;61;75;7
540555;2021-09-04;793;M;1;3;B;58;66;6
540647;2021-09-04;872;M;3;4;A;17;17;4
540695;2021-09-04;314;F;1;1;A;60;69;6
540749;2021-09-04;805;F;3;0;C;62;68;5
540824;2021-09-04;507;F;3;2;B;15;15;5
540913;2021-09-04;558;F;5;2;C;59;70;7
540972;2021-09-04;361;F;1;0;C;50;52;7
541044;2021-09-04;965;M;3;0;B;62;73;5
541130;2021-09-04;91;M;3;0;B;43;54;6
541228;2021-09-04;140;F;1;0;C;11;11;3
541254;2021-09-04;794;M;1;2;B;8;8;4
541304;2021-09-04;595;M;1;0;B;66;80;7
541313;2021-09-04;464;M;2;2;B;1;1;1
541397;2021-09-04;873;F;3;0;B;1;1;1
541468;2021-09-04;847;M;4;2;A;39;48;7
541513;2021-09-04;444;F;2;0;B;14;14;5
541554;2021-09-04;190;M;1;4;B;43;49;5
541629;2021-09-04;235;F;4;0;B;35;38;5
541681;2021-09-04;606;M;1;0;B;35;38;4
541727;2021-09-04;671;M;2;0;C;2;2;1
541763;2021-09-04;92;M;4;1;B;71;80;6
541785;2021-09-04;665;M;1;4;B;59;68;6
541844;2021-09-04;365;M;4;0;A;60;66;6
541942;2021-09-04;86;F;4;3;C;6;6;3
541991;2021-09-04;627;M;3;1;B;69;89;6
542036;2021-09-04;411;F;2;0;B;31;33;5
542062;2021-09-04;717;F;3;0;B;42;44;6
542107;2021-09-04;666;F;2;2;B;73;84;6
542119;2021-09-04;974;M;4;1;B;55;59;6
542215;2021-09-04;327;M;4;2;A;58;64;6
542286;2021-09-04;889;F;3;4;B;54;62;6
542384;2021-09-04;251;F;2;0;C;27;27;6
542452;2021-09-04;640;M;4;0;C;46;51;6
542456;2021-09-04;169;F;1;1;B;45;50;5
542514;2021-09-04;560;M;2;0;B;3;3;2
542526;2021-09-04;55;F;3;0;B;6;6;2
542573;2021-09-04;772;F;2;0;B;24;26;6
542640;2021-09-04;519;M;2;4;B;13;13;3
542715;2021-09-04;221;F;1;0;B;23;24;5
542742;2021-09-04;183;M;4;1;B;13;13;4
542799;2021-09-04;2;M;3;0;B;40;42;6
542842;2021-09-04;516;M;1;0;C;66;74;6
542919;2021-09-04;413;M;3;2;B;64;75;7
542974;2021-09-04;323;M;1;3;B;18;19;6
542979;2021-09-04;951;M;2;0;B;34;38;6
543075;2021-09-04;509;F;2;3;C;14;15;2
543137;2021-09-04;187;M;2;1;B;62;74;5
543161;2021-09-04;820;M;1;4;B;78;88;6
543173;2021-09-04;915;F;3;0;B;45;52;6
543256;2021-09-04;763;F;4;0;B;9;9;2
543294;2021-09-04;287;F;1;0;B;61;70;5
543361;2021-09-04;563;M;3;0;B;36;39;6
543423;2021-09-04;398;F;4;1;B;69;87;5
543509;2021-09-04;28;F;1;2;B;14;14;5
543581;2021-09-04;582;F;2;0;B;54;65;6
543604;2021-09-04;460;F;1;3;B;19;22;5
543637;2021-09-04;387;M;2;2;B;12;12;4
543690;2021-09-04;244;M;4;0;B;28;28;5
543745;2021-09-04;161;M;5;2;B;70;83;6
543767;2021-09-04;424;M;1;4;B;12;14;3
543859;2021-09-04;342;M;3;0;B;40;45;6
543931;2021-09-04;410;F;3;3;B;69;84;5
543937;2021-09-04;29;M;2;0;B;47;51;5
543972;2021-09-04;98;M;1;0;B;32;33;5
544009;2021-09-04;668;M;1;0;A;4;4;2
544095;2021-09-04;717;F;3;0;B;28;28;5
544186;2021-09-04;772;F;2;0;B;32;34;6
544213;2021-09-04;549;M;2;3;C;68;81;6
544246;2021-09-04;497;M;3;0;B;72;84;7
544250;2021-09-04;712;F;2;3;B;53;58;4
544315;2021-09-04;406;M;2;4;C;68;77;6
544368;2021-09-04;420;M;3;0;B;69;74;6
544373;2021-09-04;685;F;4;0;B;59;68;6
544446;2021-09-04;939;M;2;1;C;17;18;4
544519;2021-09-04;637;F;1;0;B;51;60;6
544588;2021-09-04;619;M;4;1;B;57;65;6
544634;2021-09-04;521;F;1;0;A;54;57;5
544680;2021-09-04;463;M;3;3;B;50;63;6
544689;2021-09-04;259;M;1;1;B;32;35;6
544776;2021-09-04;878;F;4;3;C;4;4;2
544866;2021-09-04;40;M;2;1;B;3;3;1
544909;2021-09-04;110;M;3;0;C;55;69;6
544931;2021-09-04;843;F;5;1;C;63;74;7
544967;2021-09-04;770;M;2;3;B;34;37;7
544976;2021-09-04;690;F;1;3;B;63;74;6
544991;2021-09-04;931;M;2;0;A;47;49;6
545059;2021-09-04;913;M;3;4;C;6;6;3
545061;2021-09-04;11;F;4;0;A;20;20;4
545075;2021-09-04;709;F;3;0;B;22;22;5
545079;2021-09-04;996;F;1;4;B;12;12;4
545100;2021-09-04;917;M;1;0;A;61;73;6
545163;2021-09-04;870;F;1;0;B;5;5;3
545260;2021-09-04;136;F;2;1;B;67;76;6
545316;2021-09-04;627;M;3;1;B;56;66;4
545342;2021-10-04;103;M;3;4;B;26;29;5
545407;2021-10-04;105;F;4;0;C;61;75;7
545505;2021-10-04;370;M;1;4;B;50;56;6
545506;2021-10-04;89;F;3;3;C;70;81;5
545591;2021-10-04;37;M;3;0;B;61;73;7
545675;2021-10-04;785;M;1;4;C;21;23;5
545683;2021-10-04;99;F;1;4;C;65;78;6
545726;2021-10-04;881;F;5;1;C;33;37;5
545760;2021-10-04;404;M;4;0;B;46;55;6
545762;2021-10-04;430;F;4;1;B;41;46;5
545763;2021-10-04;573;F;1;0;C;72;80;5
545774;2021-10-04;603;M;3;0;B;65;76;5
545833;2021-10-04;675;M;4;0;B;14;14;4
545877;2021-10-04;434;M;1;4;B;69;76;6
545935;2021-10-04;968;F;1;0;B;38;44;6
546011;2021-10-04;6;F;2;0;B;71;82;6
546013;2021-10-04;642;M;2;3;B;61;67;6
546074;2021-10-04;880;M;3;2;B;35;35;4
546096;2021-10-04;819;M;4;0;B;49;60;6
546181;2021-10-04;488;M;3;2;B;15;16;3
546221;2021-10-04;231;F;4;2;B;47;55;5
546279;2021-10-04;345;F;2;3;B;74;84;5
546365;2021-10-04;618;M;4;3;B;46;51;6
546429;2021-10-04;566;F;4;0;B;65;71;6
546523;2021-10-04;880;M;3;2;B;21;23;5
546589;2021-10-04;666;F;2;2;B;18;19;4
546662;2021-10-04;627;M;3;1;B;57;65;6
546664;2021-10-04;133;F;2;0;B;35;39;6
546667;2021-10-04;840;F;3;3;C;17;18;4
546735;2021-10-04;593;M;4;1;B;19;19;4
546781;2021-10-04;953;M;1;1;B;32;36;6
546857;2021-10-04;55;F;3;0;B;69;81;7
546956;2021-10-04;875;F;1;0;B;14;14;5
547024;2021-04-15;533;F;4;0;A;60;70;6
547106;2021-04-15;19;F;2;2;C;44;46;6
547198;2021-04-15;378;F;2;0;C;15;16;4
547201;2021-04-15;825;M;1;2;C;16;16;5
547292;2021-04-15;369;F;3;4;C;57;65;6
547299;2021-04-15;561;M;2;0;B;40;42;4
547310;2021-04-15;259;M;1;1;B;2;4;2
547388;2021-04-15;752;M;3;0;C;10;10;3
547401;2021-04-15;195;M;4;0;B;39;43;5
547496;2021-04-15;848;F;5;3;A;42;47;5
547572;2021-04-15;826;F;2;0;C;71;87;5
547633;2021-04-15;532;F;2;3;B;25;27;5
547664;2021-04-15;496;F;2;0;B;44;49;7
547677;2021-04-15;528;M;2;2;C;21;22;6
547770;2021-04-15;658;F;1;1;B;26;33;5
547784;2021-04-15;384;F;3;2;C;37;46;6
547850;2021-04-15;403;M;3;2;B;46;49;5
547858;2021-04-15;958;M;2;3;B;63;72;6
547941;2021-04-15;134;F;3;0;B;57;62;6
547946;2021-04-15;299;F;3;1;C;59;66;6
547984;2021-04-15;331;F;4;0;B;1;1;1
548053;2021-04-15;186;M;2;4;C;21;22;4
548119;2021-04-15;838;F;1;0;C;46;55;6
548179;2021-04-15;982;M;4;3;B;32;33;5
548229;2021-04-15;969;M;1;3;B;51;53;4
548311;2021-04-15;40;M;2;1;B;61;71;5
548365;2021-04-15;254;F;5;2;B;12;13;4
548416;2021-04-15;169;F;1;1;B;74;85;6
548418;2021-04-15;270;F;3;1;B;24;26;6
548500;2021-04-15;408;F;4;0;B;55;60;5
548547;2021-04-15;670;M;4;0;C;42;48;6
548608;2021-04-15;222;F;4;0;B;58;68;5
548675;2021-04-15;905;M;1;0;B;40;44;6
548700;2021-04-15;520;M;1;0;B;47;58;5
548789;2021-04-15;227;F;3;0;C;27;28;5
548837;2021-04-15;351;F;2;2;B;32;33;5
548887;2021-04-15;373;F;4;2;B;25;26;5
548933;2021-04-15;836;F;2;0;B;47;51;5
548962;2021-04-15;175;M;1;0;B;63;80;5
548983;2021-04-15;642;M;2;3;B;54;58;5
549002;2021-04-15;314;F;1;1;A;2;2;2
549015;2021-04-20;698;F;2;0;B;72;89;7
549102;2021-04-20;452;M;1;3;B;61;73;6
549175;2021-04-20;616;F;1;2;C;66;76;5
549233;2021-04-20;254;F;5;2;B;14;14;5
549239;2021-04-20;965;M;3;0;B;57;78;6
549317;2021-04-20;470;M;3;1;B;55;60;6
549338;2021-04-20;173;F;1;0;B;15;17;5
549390;2021-04-20;338;M;2;0;B;56;63;6
549409;2021-04-20;799;M;4;3;C;3;3;1
549440;2021-04-20;247;M;1;0;B;49;57;6
549532;2021-04-20;474;M;2;0;B;39;43;6
549617;2021-04-20;126;M;1;0;C;3;3;1
549631;2021-04-20;810;M;1;0;B;64;75;6
549667;2021-04-20;774;F;2;0;B;70;79;5
549674;2021-04-20;357;M;2;2;C;10;11;3
549762;2021-04-20;674;M;4;1;B;57;65;6
549803;2021-04-20;741;M;3;0;B;62;75;6
549871;2021-04-20;121;F;1;2;B;74;89;7
549893;2021-04-20;841;M;1;0;B;53;56;6
549935;2021-04-20;91;M;3;0;B;63;76;6
550005;2021-04-20;776;F;2;0;B;28;29;4
550015;2021-04-20;10;M;1;0;B;29;30;6
550100;2021-04-20;762;F;2;0;B;72;87;6
550141;2021-04-20;23;M;3;0;B;43;45;7
550230;2021-04-20;959;M;5;1;B;42;46;6
550284;2021-04-20;649;F;3;0;B;23;23;3
550297;2021-04-20;644;M;1;0;C;47;55;6
550382;2021-04-20;61;M;1;2;B;19;20;6
550411;2021-04-20;341;M;2;0;C;38;39;6
550418;2021-04-20;98;M;1;0;B;75;87;6
550475;2021-04-20;841;M;1;0;B;9;9;3
550490;2021-04-20;754;F;3;4;B;21;23;4
550583;2021-04-20;330;F;1;0;B;60;73;6
550585;2021-04-20;685;F;4;0;B;56;62;6
550651;2021-04-20;706;F;2;0;A;69;83;6
550750;2021-04-20;817;M;3;0;B;56;58;6
550849;2021-04-20;107;F;2;0;C;45;52;4
550937;2021-04-20;692;F;4;0;B;50;55;6
550980;2021-04-20;110;M;3;0;C;64;77;6
550997;2021-04-20;713;F;1;3;C;47;57;4
551034;2021-04-20;223;F;3;0;B;39;42;5
551123;2021-04-20;829;F;3;4;B;30;31;6
551187;2021-04-20;128;F;2;0;B;32;33;4
551216;2021-04-20;369;F;3;4;C;32;33;4
551243;2021-04-20;196;M;2;0;B;67;78;7
551251;2021-04-20;108;M;1;0;B;25;26;7
551285;2021-04-20;207;F;3;0;B;43;46;6
551382;2021-04-20;70;F;4;0;B;26;31;5
551423;2021-04-20;976;M;4;2;B;9;9;4
551480;2021-04-20;874;F;3;3;B;2;2;1
551489;2021-04-20;370;M;1;4;B;11;11;3
551514;2021-04-20;768;F;4;0;B;46;51;5
551607;2021-04-20;592;F;2;0;C;31;32;6
551685;2021-04-20;137;F;4;1;B;21;23;5
551777;2021-04-23;484;M;3;2;C;62;68;7
551778;2021-04-23;347;F;4;0;B;6;7;3
551824;2021-04-23;398;F;4;1;B;66;75;6
551893;2021-04-23;807;M;1;3;B;56;60;6
551989;2021-04-23;389;F;3;0;C;56;66;7
552086;2021-04-23;455;F;2;0;C;36;37;6
552128;2021-04-23;79;F;2;0;C;18;19;6
552131;2021-04-23;508;F;3;0;B;6;6;2
552150;2021-04-23;537;F;1;4;B;46;53;5
552235;2021-04-23;66;M;3;3;B;66;80;6
552309;2021-04-23;166;F;1;0;B;70;83;6
552380;2021-04-23;94;M;1;2;C;38;44;5
552457;2021-04-23;676;M;2;3;B;39;41;5
552521;2021-04-23;915;F;3;0;B;2;2;1
552530;2021-04-23;313;M;3;0;B;62;74;6
552592;2021-04-23;480;F;2;0;C;65;79;5
552616;2021-04-23;80;F;2;1;C;72;78;6
552638;2021-04-23;455;F;2;0;C;56;67;6
552676;2021-04-23;597;M;3;0;C;27;28;5
552715;2021-04-23;375;M;4;0;B;14;14;4
552763;2021-04-23;308;M;4;0;B;11;11;4
552825;2021-04-23;492;F;2;1;C;12;12;2
552832;2021-04-23;328;M;2;0;B;15;16;5
552925;2021-04-23;281;F;2;0;B;18;19;5
552937;2021-04-23;643;F;4;0;C;26;26;4
553007;2021-04-23;886;F;5;1;B;41;46;6
553057;2021-04-23;97;F;4;1;B;37;40;6
553060;2021-04-23;886;F;5;1;B;26;27;5
553154;2021-04-23;425;F;3;0;B;56;66;6
553167;2021-04-23;561;M;2;0;B;37;39;5
553244;2021-04-23;18;M;4;0;C;2;2;2
553311;2021-04-23;387;M;2;2;B;51;57;6
553409;2021-04-23;112;M;4;0;B;21;22;5
553469;2021-04-23;823;M;5;3;B;68;76;6
553504;2021-04-23;690;F;1;3;B;71;87;6
553520;2021-04-23;197;F;2;0;B;27;28;5
553550;2021-04-23;186;M;2;4;C;66;83;6
553569;2021-04-23;838;F;1;0;C;70;78;6
553581;2021-04-23;524;F;4;3;C;7;7;3
553629;2021-04-23;536;M;4;0;B;31;32;5
553680;2021-04-23;108;M;1;0;B;52;60;6
553746;2021-04-23;255;M;4;0;B;42;44;7
553752;2021-04-23;342;M;3;0;B;59;66;6
553772;2021-04-23;64;F;4;0;B;12;12;3
553852;2021-04-23;868;M;4;0;B;9;9;3
553877;2021-04-23;371;F;4;0;B;64;76;7
553950;2021-04-23;497;M;3;0;B;26;28;5
554033;2021-04-23;507;F;3;2;B;10;11;2
554061;2021-04-23;539;M;2;0;C;26;28;5
554098;2021-04-23;683;F;3;0;B;18;19;3
554126;2021-04-23;434;M;1;4;B;71;84;6
554153;2021-04-23;286;M;4;0;B;57;63;6
554167;2021-04-23;914;M;2;4;B;59;67;6
554206;2021-04-23;475;F;4;3;B;1;1;1
554288;2021-04-23;147;M;1;0;A;22;23;5
554332;2021-04-23;631;M;1;4;C;69;87;7
554337;2021-04-23;718;F;3;2;B;10;10;3
554338;2021-04-23;389;F;3;0;C;69;75;6
554386;2021-04-23;857;F;2;2;B;57;62;5
554427;2021-04-23;156;F;2;0;B;71;83;6
554452;2021-04-23;60;F;2;3;B;71;80;6
554493;2021-04-23;227;F;3;0;C;63;66;6
554537;2021-04-23;167;M;1;1;A;74;89;6
554550;2021-04-23;642;M;2;3;B;59;67;6
554632;2021-04-23;274;M;1;1;B;43;50;5
554721;2021-04-23;110;M;3;0;C;59;69;5
554771;2021-04-23;579;F;3;0;B;6;6;2
554852;2021-04-23;917;M;1;0;A;54;58;6
554942;2021-04-23;444;F;2;0;B;50;55;6
554948;2021-04-23;498;M;3;2;B;39;45;4
554970;2021-04-23;766;F;1;0;B;34;38;5
555047;2021-04-23;50;M;4;0;B;20;21;6
555102;2021-04-23;425;F;3;0;B;38;41;5
555188;2021-04-23;690;F;1;3;B;62;72;7
555199;2021-04-23;697;M;3;0;C;27;32;6
555265;2021-04-23;478;M;1;4;A;20;20;5
555302;2021-04-23;170;F;4;2;B;61;73;7
555308;2021-04-23;333;F;2;0;C;30;34;4
555333;2021-04-23;653;M;2;0;C;32;38;5
555351;2021-04-23;246;M;2;2;B;53;62;6
555362;2021-04-23;894;F;4;3;C;30;33;5
555444;2021-04-23;494;F;5;1;C;49;55;6
555533;2021-04-23;834;M;3;3;B;68;89;6
555598;2021-04-23;905;M;1;0;B;44;49;5
555640;2021-04-23;131;F;2;0;C;46;49;6
555652;2021-04-23;580;M;3;0;B;59;73;6
555673;2021-04-23;773;M;4;0;B;51;54;5
555686;2021-04-23;857;F;2;2;B;1;1;1
555765;2021-04-23;319;M;1;4;B;34;40;5
555780;2021-04-23;607;F;2;0;B;48;53;6
555875;2021-04-23;663;F;4;0;B;44;47;5
555898;2021-04-23;598;F;4;0;B;5;5;3
555907;2021-04-27;630;M;1;2;C;60;68;6
555978;2021-04-27;675;M;4;0;B;34;39;5
556000;2021-04-27;15;M;2;1;C;37;41;7
556010;2021-04-27;751;F;2;0;B;66;79;6
556054;2021-04-27;732;F;3;4;B;7;7;4
556105;2021-04-27;962;M;3;4;B;56;59;5
556194;2021-04-27;376;F;3;0;B;44;49;4
556207;2021-04-27;461;M;3;4;C;24;24;5
556280;2021-04-27;276;F;3;0;B;38;41;6
556342;2021-04-27;502;M;4;0;C;66;76;7
556356;2021-04-27;651;F;2;0;B;35;37;4
556390;2021-04-27;175;M;1;0;B;68;80;6
556442;2021-04-27;914;M;2;4;B;33;36;6
556522;2021-04-27;646;F;1;0;B;36;45;5
556572;2021-04-27;598;F;4;0;B;46;50;4
556576;2021-04-27;844;F;5;1;A;72;87;7
556649;2021-04-27;769;F;3;3;C;22;23;5
556722;2021-04-27;790;F;3;0;B;21;21;5
556808;2021-04-27;532;F;2;3;B;13;13;3
556829;2021-04-27;825;M;1;2;C;21;21;6
556917;2021-04-27;726;M;2;0;B;24;25;3
557002;2021-04-27;696;M;2;0;B;41;44;5
557006;2021-04-27;109;M;2;1;B;64;79;6
557036;2021-04-27;272;M;4;3;C;49;60;6
557060;2021-04-27;241;M;4;1;B;58;67;5
557126;2021-04-27;635;F;4;0;B;41;43;6
557205;2021-04-27;527;F;4;1;B;28;29;5
557260;2021-04-27;924;F;2;2;B;6;6;4
557300;2021-04-27;450;M;1;0;B;35;38;5
557320;2021-04-27;829;F;3;4;B;36;39;7
557396;2021-04-27;826;F;2;0;C;43;48;6
557470;2021-04-27;19;F;2;2;C;29;31;6
557519;2021-04-27;199;M;3;3;B;53;58;6
557576;2021-04-27;463;M;3;3;B;4;4;3
557672;2021-04-27;302;F;4;3;C;1;1;1
557712;2021-04-27;400;F;4;1;C;67;72;6
557760;2021-04-27;533;F;4;0;A;26;26;5
557829;2021-04-27;501;M;1;0;B;3;3;3
557849;2021-04-27;236;M;2;2;C;39;41;5
557902;2021-04-27;197;F;2;0;B;38;42;4
557984;2021-04-27;27;F;1;0;B;4;4;2
558069;2021-04-27;517;F;3;1;B;67;77;5
558143;2021-04-27;107;F;2;0;C;28;29;5
558178;2021-04-27;842;M;5;2;B;40;44;6
558236;2021-04-27;351;F;2;2;B;8;9;5
558241;2021-04-27;483;M;1;0;C;66;80;6
558300;2021-04-27;171;F;3;1;B;14;15;2
558305;2021-04-27;185;F;3;0;C;9;9;4
558390;2021-04-27;171;F;3;1;B;55;64;6
558481;2021-04-27;782;M;3;3;B;45;50;6
558492;2021-04-27;996;F;1;4;B;66;82;6
558584;2021-04-27;746;M;3;0;C;59;71;7
558665;2021-04-27;994;M;4;0;C;36;41;4
558703;2021-04-27;276;F;3;0;B;33;36;5
558773;2021-04-27;614;F;4;1;B;3;3;1
558836;2021-04-27;359;F;1;0;B;51;53;6
558892;2021-04-27;299;F;3;1;C;3;4;2
558928;2021-04-27;648;M;1;0;B;6;6;4
558931;2021-04-27;731;M;3;4;B;26;26;5
558949;2021-04-27;534;M;4;1;C;26;28;4
558988;2021-04-27;827;M;4;0;B;18;18;3
559013;2021-04-27;660;F;3;0;C;11;11;5
559106;2021-03-05;591;M;4;1;B;5;5;2
559191;2021-03-05;36;F;3;0;C;74;82;5
559257;2021-03-05;35;M;3;0;B;51;57;6
559291;2021-03-05;441;M;4;2;B;64;75;5
559363;2021-03-05;794;M;1;2;B;13;13;6
559364;2021-03-05;88;F;1;0;B;58;69;5
559366;2021-03-05;949;M;1;0;B;7;7;4
559391;2021-03-05;665;M;1;4;B;26;28;5
559482;2021-03-05;646;F;1;0;B;57;61;6
559513;2021-03-05;429;M;4;0;C;40;46;5
559522;2021-03-05;828;F;2;4;B;61;70;6
559603;2021-03-05;425;F;3;0;B;6;6;3
559638;2021-03-05;156;F;2;0;B;43;48;5
559665;2021-03-05;218;M;4;0;B;78;88;6
559685;2021-03-05;96;F;1;1;C;13;13;2
559746;2021-03-05;633;F;3;0;C;21;21;6
559800;2021-03-05;904;M;1;2;B;55;63;6
559850;2021-03-05;674;M;4;1;B;53;56;4
559888;2021-03-05;33;F;2;0;B;11;11;3
559894;2021-03-05;98;M;1;0;B;72;87;7
559952;2021-03-05;631;M;1;4;C;14;15;3
559957;2021-03-05;962;M;3;4;B;50;54;6
559960;2021-03-05;839;F;1;3;B;59;63;6
559994;2021-03-05;485;M;3;3;B;18;19;5
560024;2021-03-05;821;F;2;3;B;67;78;6
560099;2021-03-05;939;M;2;1;C;2;2;2
560137;2021-03-05;387;M;2;2;B;14;17;3
560183;2021-03-05;535;M;4;0;A;59;73;5
560279;2021-03-05;579;F;3;0;B;55;63;6
560283;2021-03-05;921;M;2;3;B;12;12;5
560367;2021-03-05;332;F;3;4;C;57;64;6
560388;2021-03-05;370;M;1;4;B;2;2;1
560459;2021-03-05;534;M;4;1;C;18;18;5
560543;2021-03-05;883;M;1;0;B;71;79;6
560600;2021-03-05;331;F;4;0;B;60;64;6
560624;2021-03-05;565;F;1;2;B;33;37;4
560653;2021-03-05;847;M;4;2;A;56;66;5
560675;2021-03-05;9;F;2;0;B;60;75;6
560704;2021-03-05;829;F;3;4;B;16;18;5
560774;2021-03-05;448;F;2;0;A;66;81;6
560837;2021-03-05;898;F;4;0;C;14;14;4
560870;2021-03-05;656;M;2;0;C;38;46;5
560925;2021-03-05;642;M;2;3;B;5;5;3
560977;2021-03-05;552;M;4;0;B;25;26;5
560983;2021-03-05;383;M;1;3;C;64;84;7
561028;2021-03-05;74;M;3;0;C;10;10;5
561099;2021-03-05;406;M;2;4;C;13;15;4
561122;2021-03-05;66;M;3;3;B;55;59;5
561220;2021-03-05;757;F;4;3;C;49;57;6
561246;2021-03-05;837;F;2;0;C;36;38;6
561289;2021-03-05;448;F;2;0;A;49;56;6
561361;2021-03-05;31;F;1;0;C;26;28;6
561453;2021-03-05;63;F;3;0;B;54;59;6
561489;2021-03-05;954;F;4;2;B;56;64;6
561549;2021-03-05;157;M;1;1;C;57;61;7
561565;2021-03-05;520;M;1;0;B;36;39;6
561637;2021-03-05;330;F;1;0;B;11;12;5
561639;2021-03-05;780;M;3;2;B;48;53;4
561684;2021-03-05;407;F;3;3;A;35;40;5
561716;2021-03-05;448;F;2;0;A;20;21;5
561739;2021-03-05;334;M;3;0;C;17;17;4
561760;2021-03-05;667;F;4;0;C;49;56;7
561848;2021-03-05;111;M;2;4;C;74;83;6
561865;2021-03-05;227;F;3;0;C;51;56;5
561913;2021-03-05;486;M;4;0;B;4;4;3
561966;2021-03-05;640;M;4;0;C;34;39;6
562016;2021-03-05;949;M;1;0;B;72;87;5
562080;2021-03-05;915;F;3;0;B;6;6;2
562159;2021-03-05;767;F;1;0;B;60;71;5
562220;2021-03-05;490;F;2;4;C;56;63;6
562302;2021-03-05;452;M;1;3;B;10;10;4
562367;2021-03-05;368;M;4;0;C;69;79;6
562428;2021-03-05;667;F;4;0;C;9;9;4
562434;2021-03-05;927;M;1;1;C;20;21;5
562443;2021-03-05;126;M;1;0;C;26;26;7
562541;2021-03-05;520;M;1;0;B;25;28;4
562622;2021-03-05;234;M;3;4;B;64;73;5
562701;2021-05-05;795;F;4;2;B;33;39;5
562788;2021-05-05;800;M;1;0;C;32;34;5
562821;2021-05-05;256;F;4;0;B;44;48;6
562911;2021-05-05;231;F;4;2;B;4;4;2
562923;2021-05-05;384;F;3;2;C;24;26;5
563020;2021-05-05;261;F;4;0;B;36;39;5
563092;2021-05-05;344;M;3;0;B;35;38;5
563146;2021-05-05;292;F;2;0;C;4;4;2
563200;2021-05-05;488;M;3;2;B;16;17;4
563268;2021-05-05;279;M;1;2;B;34;34;5
563288;2021-05-05;644;M;1;0;C;76;88;5
563386;2021-05-05;193;F;4;0;B;15;16;4
563452;2021-05-05;933;M;2;2;B;71;84;6
563544;2021-05-05;275;M;4;0;B;29;31;5
563624;2021-05-05;382;F;3;0;C;36;39;4
563659;2021-05-05;162;F;1;1;B;68;84;6
563663;2021-05-05;370;M;1;4;B;46;50;7
563741;2021-05-05;755;M;3;4;B;25;25;6
563837;2021-05-05;706;F;2;0;A;46;56;6
563914;2021-05-05;769;F;3;3;C;25;25;5
563924;2021-05-05;853;M;5;2;A;53;60;6
563980;2021-05-05;220;M;1;0;B;6;6;3
564037;2021-05-05;532;F;2;3;B;70;75;7
564047;2021-05-05;646;F;1;0;B;26;26;4
564129;2021-05-05;743;M;1;3;C;68;78;5
564174;2021-05-05;25;M;4;1;C;55;61;6
564204;2021-05-05;619;M;4;1;B;40;42;7
564236;2021-05-05;31;F;1;0;C;6;6;3
564270;2021-05-05;656;M;2;0;C;28;29;5
564294;2021-05-05;387;M;2;2;B;66;74;6
564372;2021-05-05;738;M;1;0;C;43;44;6
564466;2021-05-05;384;F;3;2;C;15;15;5
564478;2021-05-05;573;F;1;0;C;52;61;5
564547;2021-05-05;41;M;3;0;C;55;59;5
564558;2021-05-05;49;M;2;0;C;55;65;7
564570;2021-05-05;617;F;4;3;C;40;46;6
564587;2021-05-05;455;F;2;0;C;70;88;6
564616;2021-07-05;900;F;3;0;B;72;87;6
564618;2021-07-05;375;M;4;0;B;32;35;5
564639;2021-07-05;434;M;1;4;B;48;56;7
564682;2021-07-05;389;F;3;0;C;36;41;6
564736;2021-07-05;457;M;3;0;C;58;74;6
564767;2021-07-05;573;F;1;0;C;16;16;5
564796;2021-07-05;545;M;2;2;B;49;50;6
564840;2021-07-05;988;F;2;0;C;74;89;6
564888;2021-07-05;461;M;3;4;C;44;47;5
564928;2021-07-05;418;M;2;2;A;53;59;6
564951;2021-07-05;852;M;2;3;B;39;46;5
564963;2021-07-05;689;M;2;0;C;63;78;6
565005;2021-07-05;85;M;1;0;B;43;46;5
565010;2021-07-05;883;M;1;0;B;3;3;3
565022;2021-07-05;857;F;2;2;B;31;32;6
565023;2021-07-05;586;F;4;2;B;55;69;6
565093;2021-07-05;38;M;3;0;B;29;30;6
565140;2021-07-05;934;F;2;2;B;39;42;5
565188;2021-07-05;447;M;2;0;B;62;69;6
565281;2021-07-05;579;F;3;0;B;33;36;4
565371;2021-07-05;148;M;3;4;A;7;7;3
565443;2021-07-05;989;M;2;0;B;62;69;5
565447;2021-07-05;110;M;3;0;C;60;64;6
565512;2021-07-05;134;F;3;0;B;27;27;6
565549;2021-07-05;156;F;2;0;B;50;57;5
565576;2021-07-05;923;F;2;4;C;54;62;6
565610;2021-07-05;934;F;2;2;B;33;34;4
565654;2021-07-05;928;F;5;1;B;39;42;5
565711;2021-07-05;190;M;1;4;B;31;34;5
565715;2021-07-05;569;M;1;1;A;32;33;4
565772;2021-07-05;409;F;3;4;B;64;72;5
565814;2021-07-05;522;M;1;2;A;2;2;1
565912;2021-07-05;18;M;4;0;C;31;34;6
565919;2021-07-05;426;F;3;0;C;66;79;7
565960;2021-07-05;299;F;3;1;C;16;18;6
566057;2021-07-05;589;F;3;2;C;64;74;7
566129;2021-07-05;274;M;1;1;B;11;13;5
566131;2021-07-05;399;F;4;1;C;64;72;7
566189;2021-07-05;767;F;1;0;B;65;74;6
566254;2021-07-05;109;M;2;1;B;24;25;5
566271;2021-07-05;356;M;2;4;A;73;84;7
566315;2021-07-05;193;F;4;0;B;43;50;6
566326;2021-07-05;444;F;2;0;B;52;61;6
566331;2021-07-05;705;M;1;0;B;57;62;4
566341;2021-07-05;313;M;3;0;B;22;22;6
566414;2021-07-05;887;F;3;0;B;48;52;6
566501;2021-07-05;401;M;1;4;C;58;68;4
566531;2021-07-05;759;F;3;0;B;46;50;5
566540;2021-07-05;331;F;4;0;B;72;86;6
566626;2021-07-05;70;F;4;0;B;75;88;6
566654;2021-07-05;592;F;2;0;C;79;89;6
566664;2021-07-05;678;F;3;0;C;70;77;6
566679;2021-07-05;963;M;3;0;B;53;57;6
566762;2021-07-05;1;M;1;0;C;70;87;5
566802;2021-07-05;485;M;3;3;B;51;58;6
566883;2021-07-05;266;F;3;3;B;33;38;5
566982;2021-07-05;800;M;1;0;C;59;66;6
566999;2021-07-05;702;M;1;0;B;75;89;6
567004;2021-07-05;183;M;4;1;B;68;83;6
567060;2021-07-05;186;M;2;4;C;13;13;4
567078;2021-07-05;531;F;3;1;B;48;53;5
567103;2021-07-05;563;M;3;0;B;20;21;5
567104;2021-07-05;74;M;3;0;C;66;72;6
567169;2021-07-05;859;M;1;0;B;50;58;5
567256;2021-07-05;534;M;4;1;C;57;68;5
567291;2021-07-05;873;F;3;0;B;37;43;4
567384;2021-07-05;993;M;5;1;B;32;38;4
567420;2021-07-05;986;M;4;0;B;8;8;4
567496;2021-07-05;199;M;3;3;B;76;86;6
567562;2021-07-05;339;F;4;0;C;36;40;6
567628;2021-07-05;814;M;4;0;B;33;39;6
567702;2021-07-05;419;F;2;1;B;56;64;6
567785;2021-07-05;404;M;4;0;B;5;5;3
567871;2021-07-05;672;F;4;0;B;54;59;6
567959;2021-07-05;573;F;1;0;C;36;41;4
567979;2021-07-05;318;M;1;2;B;65;77;7
568020;2021-07-05;764;F;3;1;B;28;29;6
568042;2021-12-05;220;M;1;0;B;63;70;6
568049;2021-12-05;679;F;3;3;B;21;21;5
568054;2021-12-05;328;M;2;0;B;76;89;5
568108;2021-12-05;608;F;3;0;C;51;55;6
568152;2021-12-05;322;M;2;0;B;61;76;5
568213;2021-12-05;447;M;2;0;B;64;79;6
568279;2021-12-05;158;M;3;0;B;61;68;6
568306;2021-12-05;708;F;2;2;B;46;52;5
568384;2021-12-05;231;F;4;2;B;50;59;6
568428;2021-12-05;194;F;4;0;B;29;32;5
568473;2021-12-05;720;M;2;3;B;34;34;5
568510;2021-12-05;157;M;1;1;C;51;62;6
568556;2021-12-05;475;F;4;3;B;10;10;4
568643;2021-12-05;839;F;1;3;B;36;39;6
568715;2021-12-05;742;M;1;1;C;38;41;6
568726;2021-12-05;264;F;4;1;B;55;58;6
568730;2021-12-05;412;M;2;0;B;31;33;7
568737;2021-12-05;784;F;1;3;B;11;11;4
568787;2021-12-05;546;F;4;0;B;38;40;6
568845;2021-12-05;555;M;4;3;A;61;68;7
568857;2021-12-05;164;M;2;3;A;30;33;5
568892;2021-12-05;59;M;2;0;A;14;14;5
568918;2021-12-05;97;F;4;1;B;18;18;5
568969;2021-12-05;715;F;3;4;B;10;10;3
568992;2021-12-05;118;M;2;4;A;69;82;6
569052;2021-12-05;192;F;4;0;B;48;49;7
569061;2021-12-05;585;F;2;4;B;12;13;4
569080;2021-12-05;621;F;4;0;B;75;89;7
569156;2021-12-05;731;M;3;4;B;70;79;6
569183;2021-12-05;722;F;4;0;B;41;47;6
569208;2021-12-05;871;F;1;3;C;65;81;5
569238;2021-12-05;873;F;3;0;B;59;66;6
569319;2021-12-05;720;M;2;3;B;55;58;4
569401;2021-12-05;510;F;4;0;B;26;30;5
569433;2021-12-05;798;M;5;2;B;6;6;3
569454;2021-12-05;72;F;2;0;A;7;7;6
569542;2021-12-05;415;F;3;0;B;47;54;5
569614;2021-12-05;422;F;2;4;C;34;35;3
569654;2021-12-05;34;M;2;0;C;44;48;6
569726;2021-12-05;851;F;2;0;B;40;44;5
569803;2021-12-05;323;M;1;3;B;6;6;4
569867;2021-12-05;830;F;5;1;B;67;80;6
569906;2021-12-05;412;M;2;0;B;61;67;6
569974;2021-12-05;832;F;1;0;B;40;42;5
570045;2021-12-05;92;M;4;1;B;8;8;3
570130;2021-12-05;617;F;4;3;C;58;62;6
570166;2021-12-05;715;F;3;4;B;26;26;3
570209;2021-12-05;121;F;1;2;B;67;78;6
570304;2021-12-05;868;M;4;0;B;59;72;6
570307;2021-12-05;156;F;2;0;B;6;6;4
570348;2021-12-05;621;F;4;0;B;41;42;5
570404;2021-12-05;719;M;1;0;B;51;60;6
570477;2021-12-05;543;M;2;2;B;62;71;5
570553;2021-12-05;398;F;4;1;B;1;1;1
570647;2021-12-05;129;M;2;0;A;18;22;5
570732;2021-12-05;27;F;1;0;B;8;8;3
570734;2021-12-05;641;F;4;0;C;61;66;6
570792;2021-12-05;71;F;3;1;B;25;27;6
570856;2021-12-05;235;F;4;0;B;13;13;4
570906;2021-12-05;89;F;3;3;C;26;28;4
570931;2021-12-05;586;F;4;2;B;10;10;3
570947;2021-12-05;247;M;1;0;B;16;17;3
570963;2021-12-05;929;M;4;0;B;27;30;5
571033;2021-12-05;663;F;4;0;B;57;63;6
571109;2021-12-05;51;F;3;0;B;68;85;6
571146;2021-12-05;991;F;2;2;C;30;32;6
571181;2021-12-05;532;F;2;3;B;25;29;4
571216;2021-12-05;951;M;2;0;B;65;79;6
571286;2021-12-05;118;M;2;4;A;27;29;5
571291;2021-12-05;982;M;4;3;B;1;1;1
571385;2021-05-19;242;F;4;0;B;75;85;5
571403;2021-05-19;989;M;2;0;B;18;19;6
571462;2021-05-19;113;F;3;0;B;46;53;6
571499;2021-05-19;358;F;3;0;C;47;53;6
571568;2021-05-19;688;M;1;1;A;19;20;4
571619;2021-05-19;605;M;4;2;B;37;40;5
571626;2021-05-19;607;F;2;0;B;77;84;6
571720;2021-05-19;933;M;2;2;B;46;55;6
571816;2021-05-19;14;M;1;3;B;49;58;6
571850;2021-05-19;651;F;2;0;B;51;59;6
571906;2021-05-19;861;M;3;0;B;51;63;7
571958;2021-05-19;359;F;1;0;B;57;68;7
572048;2021-05-19;489;F;4;3;B;46;51;5
572058;2021-05-19;349;M;3;0;B;5;5;4
572070;2021-05-19;301;F;3;0;C;52;59;6
572152;2021-05-19;554;F;3;0;A;51;60;5
572210;2021-05-19;630;M;1;2;C;14;14;5
572217;2021-05-19;260;F;2;0;C;21;24;4
572295;2021-05-19;609;F;4;0;C;21;22;4
572388;2021-05-19;729;M;3;0;B;61;77;6
572414;2021-05-19;140;F;1;0;C;41;43;4
572455;2021-05-19;311;F;4;0;C;75;88;6
572464;2021-05-19;865;F;1;0;B;45;52;5
572534;2021-05-19;297;M;4;0;B;43;47;5
572607;2021-05-19;915;F;3;0;B;52;59;6
572624;2021-05-19;532;F;2;3;B;73;87;6
572652;2021-05-19;793;M;1;3;B;73;89;6
572661;2021-05-26;222;F;4;0;B;5;5;3
572722;2021-05-26;934;F;2;2;B;41;48;5
572809;2021-05-26;929;M;4;0;B;24;26;4
572829;2021-05-26;799;M;4;3;C;4;4;3
572848;2021-05-26;865;F;1;0;B;10;10;4
572888;2021-05-26;445;M;2;0;B;51;55;5
572901;2021-05-26;709;F;3;0;B;14;14;4
572941;2021-05-26;602;M;3;0;B;20;20;6
573030;2021-05-26;379;F;4;0;C;55;60;6
573103;2021-05-26;776;F;2;0;B;4;4;2
573173;2021-05-26;120;F;4;3;A;29;32;4
573267;2021-05-26;419;F;2;1;B;36;39;6
573308;2021-05-26;319;M;1;4;B;75;86;7
573369;2021-05-26;489;F;4;3;B;24;26;5
573452;2021-05-26;170;F;4;2;B;67;79;5
573486;2021-05-26;362;F;3;0;B;71;79;6
573556;2021-05-26;761;F;1;4;B;65;75;7
573604;2021-05-26;700;F;4;2;C;45;53;6
573681;2021-05-26;952;F;3;4;C;68;83;6
573728;2021-05-26;612;F;3;4;B;40;49;6
573765;2021-05-26;432;F;1;0;C;58;70;6
573811;2021-05-26;798;M;5;2;B;37;39;5
573849;2021-05-26;934;F;2;2;B;3;3;2
573863;2021-05-26;131;F;2;0;C;28;32;5
573957;2021-05-26;56;F;2;3;B;50;52;7
574040;2021-05-26;497;M;3;0;B;43;44;6
574112;2021-05-26;757;F;4;3;C;25;28;4
574147;2021-05-26;568;F;4;1;A;28;33;5
574235;2021-05-26;195;M;4;0;B;2;2;2
574301;2021-05-26;592;F;2;0;C;25;25;4
574330;2021-05-26;67;M;1;0;B;47;55;6
574416;2021-05-26;689;M;2;0;C;58;74;6
574497;2021-05-26;905;M;1;0;B;68;83;6
574512;2021-05-26;636;M;2;2;B;63;76;6
574605;2021-05-26;671;M;2;0;C;66;77;6
574703;2021-05-26;569;M;1;1;A;1;1;1
574775;2021-05-26;18;M;4;0;C;66;85;6
574828;2021-05-31;143;F;1;4;B;42;48;6
574860;2021-05-31;714;M;1;0;B;68;77;6
574921;2021-05-31;57;M;2;0;B;15;16;3
574972;2021-05-31;109;M;2;1;B;28;28;6
575062;2021-05-31;146;F;2;0;B;13;13;5
575121;2021-05-31;856;F;5;1;B;53;63;6
575161;2021-05-31;910;M;2;2;B;14;16;4
575206;2021-05-31;372;M;1;4;B;45;50;6
575282;2021-05-31;616;F;1;2;C;16;16;5
575346;2021-05-31;73;M;1;0;A;9;9;3
575384;2021-05-31;556;F;4;0;B;32;33;5
575459;2021-05-31;588;F;1;4;C;6;6;3
575540;2021-05-31;584;M;3;0;B;54;61;6
575565;2021-05-31;948;M;4;0;C;44;51;6
575600;2021-05-31;751;F;2;0;B;20;20;4
575696;2021-05-31;480;F;2;0;C;52;58;7
575709;2021-05-31;199;M;3;3;B;61;68;6
575787;2021-05-31;251;F;2;0;C;70;80;5
575874;2021-05-31;729;M;3;0;B;41;43;5
575928;2021-05-31;682;F;2;2;B;51;60;7
575983;2021-05-31;604;M;4;0;B;62;74;5
576051;2021-05-31;8;F;3;0;B;19;19;4
576064;2021-05-31;411;F;2;0;B;13;13;4
576091;2021-05-31;274;M;1;1;B;58;64;5
576096;2021-05-31;610;M;2;0;B;27;27;5
576119;2021-05-31;417;M;4;1;B;15;15;5
576165;2021-05-31;440;F;4;0;C;47;51;5
576259;2021-05-31;805;F;3;0;C;71;77;6
576350;2021-05-31;328;M;2;0;B;3;3;1
576416;2021-05-31;44;F;4;0;C;68;80;6
576433;2021-05-31;615;M;1;4;C;56;63;5
576518;2021-05-31;161;M;5;2;B;28;29;4
576577;2021-05-31;873;F;3;0;B;38;44;5
576629;2021-05-31;467;F;2;2;B;64;72;5
576712;2021-05-31;507;F;3;2;B;10;10;3
576805;2021-05-31;746;M;3;0;C;71;85;6
576828;2021-05-31;442;F;3;2;B;49;55;5
576869;2021-05-31;943;F;1;0;C;12;12;4
576875;2021-05-31;101;F;1;0;C;38;40;4
576903;2021-05-31;348;F;3;0;A;74;89;6
576981;2021-05-31;102;F;1;2;C;55;63;6
577028;2021-05-31;673;F;5;1;B;58;62;6
577108;2021-05-31;14;M;1;3;B;65;75;6
577205;2021-05-31;203;F;3;0;A;69;87;6
577255;2021-05-31;771;F;4;0;B;41;43;6
577311;2021-05-31;258;F;1;0;B;66;80;7
577369;2021-05-31;53;M;1;1;B;43;47;5
577409;2021-05-31;819;M;4;0;B;13;14;4
577469;2021-05-31;622;F;3;0;B;54;66;6
577534;2021-05-31;630;M;1;2;C;65;80;5
577600;2021-05-31;940;F;1;3;B;63;69;6
577608;2021-05-31;188;M;2;2;B;3;3;3
577662;2021-05-31;336;F;1;0;C;33;38;5
577672;2021-05-31;638;M;3;1;B;74;87;6
577675;2021-05-31;400;F;4;1;C;13;14;4
577730;2021-05-31;281;F;2;0;B;65;79;6
577760;2021-05-31;185;F;3;0;C;60;72;6
577848;2021-05-31;574;F;2;2;B;65;74;6
577912;2021-05-31;690;F;1;3;B;21;23;5
577947;2021-05-31;495;F;2;3;A;44;56;6
578046;2021-05-31;103;M;3;4;B;21;22;5
578112;2021-05-31;746;M;3;0;C;48;54;5
578138;2021-05-31;369;F;3;4;C;69;80;6
578183;2021-05-31;531;F;3;1;B;44;46;6
578207;2021-05-31;62;F;2;0;B;13;13;4
578302;2021-05-31;782;M;3;3;B;35;38;6
578394;2021-05-31;995;M;3;1;B;7;7;5
578470;2021-05-31;648;M;1;0;B;23;26;4
578544;2021-05-31;375;M;4;0;B;58;71;6
578546;2021-05-31;190;M;1;4;B;45;49;6
578592;2021-05-31;30;M;4;0;B;61;69;5
578644;2021-05-31;231;F;4;2;B;44;46;6
578650;2021-05-31;599;F;1;4;C;15;17;4
578677;2021-01-06;22;M;1;0;B;63;73;7
578712;2021-01-06;847;M;4;2;A;14;15;3
578759;2021-01-06;756;F;1;4;B;63;70;5
578808;2021-01-06;486;M;4;0;B;47;53;6
578813;2021-01-06;371;F;4;0;B;66;76;5
578888;2021-01-06;940;F;1;3;B;10;10;3
578941;2021-01-06;526;M;2;2;B;26;27;6
578964;2021-01-06;447;M;2;0;B;68;76;7
579028;2021-01-06;963;M;3;0;B;54;56;6
579121;2021-01-06;784;F;1;3;B;45;49;5
579138;2021-01-06;5;F;4;3;C;33;40;6
579178;2021-01-06;136;F;2;1;B;30;33;5
579222;2021-01-06;554;F;3;0;A;57;66;7
579250;2021-01-06;912;F;4;0;C;19;20;5
579303;2021-01-06;700;F;4;2;C;58;67;6
579344;2021-01-06;799;M;4;3;C;50;62;6
579403;2021-01-06;960;F;4;2;B;41;48;6
579472;2021-01-06;716;F;4;0;C;65;76;7
579530;2021-01-06;594;F;3;1;C;33;35;6
579600;2021-01-06;871;F;1;3;C;43;49;4
579628;2021-01-06;697;M;3;0;C;50;57;7
579636;2021-01-06;590;M;4;3;B;64;75;6
579667;2021-01-06;624;M;4;0;B;69;83;6
579753;2021-01-06;683;F;3;0;B;36;43;5
579790;2021-01-06;119;F;3;2;B;56;61;6
579801;2021-01-06;687;M;2;3;C;46;56;7
579870;2021-01-06;268;M;4;0;B;50;57;5
579925;2021-01-06;838;F;1;0;C;28;29;5
579997;2021-01-06;493;M;2;4;B;58;72;6
580046;2021-01-06;997;M;5;2;C;69;86;7
580071;2021-01-06;306;F;3;0;B;30;37;6
580134;2021-01-06;673;F;5;1;B;28;30;4
580169;2021-01-06;229;M;2;2;C;34;39;5
580263;2021-01-06;525;M;1;4;B;34;36;6
580341;2021-01-06;428;F;2;0;A;43;45;6
580391;2021-01-06;31;F;1;0;C;38;40;5
580399;2021-01-06;684;F;3;0;C;68;83;6
580417;2021-01-06;751;F;2;0;B;35;40;5
580514;2021-01-06;826;F;2;0;C;11;11;5
580572;2021-01-06;967;F;1;0;B;60;67;6
580621;2021-01-06;881;F;5;1;C;35;37;5
580645;2021-01-06;49;M;2;0;C;21;22;4
580676;2021-01-06;492;F;2;1;C;63;72;7
580686;2021-01-06;244;M;4;0;B;47;54;6
580740;2021-01-06;266;F;3;3;B;29;31;5
580829;2021-01-06;392;M;2;2;C;7;7;3
580893;2021-01-06;578;M;4;0;B;26;30;6
580954;2021-01-06;408;F;4;0;B;27;27;6
580996;2021-01-06;254;F;5;2;B;64;78;7
581025;2021-01-06;464;M;2;2;B;17;19;4
581097;2021-01-06;674;M;4;1;B;70;82;6
581192;2021-01-06;460;F;1;3;B;45;51;6
581291;2021-01-06;633;F;3;0;C;36;42;5
581389;2021-01-06;951;M;2;0;B;29;30;4
581409;2021-01-06;693;F;4;0;B;18;18;5
581464;2021-01-06;66;M;3;3;B;37;38;6
581530;2021-01-06;163;F;3;0;A;8;8;4
581558;2021-01-06;16;M;1;4;C;43;47;5
581652;2021-01-06;90;F;2;2;B;49;56;6
581740;2021-01-06;665;M;1;4;B;46;52;6
581808;2021-01-06;864;F;1;3;B;71;87;6
581837;2021-01-06;875;F;1;0;B;52;57;6
581869;2021-01-06;28;F;1;2;B;12;12;4
581887;2021-01-06;698;F;2;0;B;40;43;5
581971;2021-01-06;465;F;3;0;B;65;70;6
582036;2021-01-06;159;M;1;0;C;22;23;5
582083;2021-04-06;358;F;3;0;C;46;53;5
582101;2021-04-06;189;F;3;4;C;51;57;5
582121;2021-04-06;504;M;3;0;B;24;26;5
582189;2021-04-06;683;F;3;0;B;24;27;4
582263;2021-04-06;113;F;3;0;B;1;1;1
582330;2021-04-06;151;F;1;0;B;55;58;7
582343;2021-04-06;645;F;4;0;B;61;72;6
582380;2021-04-06;470;M;3;1;B;73;88;7
582445;2021-04-06;927;M;1;1;C;20;22;4
582489;2021-04-06;97;F;4;1;B;63;73;6
582572;2021-04-06;462;F;4;0;A;66;80;6
582619;2021-04-06;251;F;2;0;C;40;43;6
582690;2021-04-06;414;F;1;0;B;57;65;6
582783;2021-04-06;263;M;3;0;B;65;73;6
582862;2021-04-06;611;M;4;0;B;62;71;6
582949;2021-04-06;14;M;1;3;B;52;66;6
583028;2021-04-06;923;F;2;4;C;38;43;5
583090;2021-04-06;734;F;4;2;B;5;5;3
583115;2021-04-06;506;F;4;3;B;21;21;5
583131;2021-04-06;134;F;3;0;B;60;70;6
583212;2021-04-06;774;F;2;0;B;42;46;7
583299;2021-04-06;360;M;4;0;B;45;54;5
583353;2021-04-06;123;F;3;2;B;71;84;5
583423;2021-04-06;731;M;3;4;B;69;87;5
583505;2021-04-06;433;M;3;3;B;23;25;5
583588;2021-04-06;913;M;3;4;C;2;3;2
583641;2021-04-06;384;F;3;2;C;27;29;5
583701;2021-04-06;939;M;2;1;C;33;34;5
583724;2021-04-06;499;M;3;0;B;6;6;3
583761;2021-04-06;338;M;2;0;B;70;84;7
583767;2021-04-06;381;F;1;1;B;21;24;4
583863;2021-04-06;382;F;3;0;C;34;37;6
583938;2021-04-06;249;F;4;0;B;46;53;6
583981;2021-04-06;507;F;3;2;B;36;40;5
584014;2021-04-06;461;M;3;4;C;20;23;4
584050;2021-04-06;974;M;4;1;B;71;85;7
584052;2021-04-06;800;M;1;0;C;44;53;5
584151;2021-04-06;756;F;1;4;B;50;55;5
584193;2021-04-06;7;M;1;3;B;30;31;5
584277;2021-04-06;376;F;3;0;B;73;88;5
584321;2021-04-06;198;M;4;0;B;75;87;7
584379;2021-04-06;688;M;1;1;A;35;38;5
584404;2021-04-06;188;M;2;2;B;69;78;6
584409;2021-04-06;594;F;3;1;C;33;34;5
584425;2021-04-06;134;F;3;0;B;72;78;7
584522;2021-04-06;861;M;3;0;B;61;73;6
584561;2021-04-06;969;M;1;3;B;17;18;5
584571;2021-04-06;174;M;4;3;C;60;74;6
584640;2021-04-06;928;F;5;1;B;60;75;6
584690;2021-04-06;833;F;1;4;B;78;89;7
584769;2021-04-06;329;F;3;0;B;15;15;4
584849;2021-04-06;976;M;4;2;B;26;26;6
584927;2021-04-06;207;F;3;0;B;28;29;4
584956;2021-04-06;230;M;1;4;A;45;50;6
585022;2021-04-06;598;F;4;0;B;77;88;5
585081;2021-04-06;601;M;4;0;A;52;60;6
585142;2021-04-06;38;M;3;0;B;32;34;5
585205;2021-04-06;996;F;1;4;B;11;11;3
585293;2021-04-06;503;F;2;1;B;21;21;5
585374;2021-04-06;602;M;3;0;B;61;71;6
585459;2021-04-06;274;M;1;1;B;39;45;5
585513;2021-04-06;518;F;1;0;B;72;78;6
585574;2021-04-06;327;M;4;2;A;2;2;2
585663;2021-04-06;448;F;2;0;A;1;1;1
585693;2021-04-06;738;M;1;0;C;68;76;5
585756;2021-04-06;117;M;2;3;B;54;56;6
585795;2021-04-06;400;F;4;1;C;13;13;4
585862;2021-04-06;668;M;1;0;A;5;5;3
585891;2021-04-06;538;M;3;0;B;60;68;6
585979;2021-04-06;445;M;2;0;B;77;89;7
585987;2021-04-06;779;M;3;4;A;4;4;2
586012;2021-04-06;840;F;3;3;C;35;39;6
586104;2021-04-06;597;M;3;0;C;70;84;6
586175;2021-04-06;107;F;2;0;C;63;76;6
586267;2021-04-06;5;F;4;3;C;28;28;5
586296;2021-04-06;233;M;3;0;B;57;66;6
586394;2021-04-06;154;M;2;3;B;15;16;4
586456;2021-04-06;910;M;2;2;B;15;15;3
586545;2021-04-06;296;F;1;3;B;45;49;7
586620;2021-04-06;888;F;4;2;B;41;49;5
586710;2021-06-06;517;F;3;1;B;40;44;6
586712;2021-06-06;907;M;3;1;B;61;66;6
586776;2021-06-06;388;F;4;3;B;16;16;4
586787;2021-06-06;295;F;1;3;B;8;8;3
586860;2021-06-06;857;F;2;2;B;30;34;5
586882;2021-06-06;140;F;1;0;C;3;3;2
586922;2021-06-06;235;F;4;0;B;55;62;6
586940;2021-06-06;1;M;1;0;C;21;24;3
586946;2021-06-06;587;M;1;0;B;35;37;6
586956;2021-06-06;238;M;2;1;B;48;57;4
587054;2021-06-06;323;M;1;3;B;69;77;7
587084;2021-06-06;779;M;3;4;A;28;30;3
587160;2021-06-06;943;F;1;0;C;29;31;6
587255;2021-06-06;338;M;2;0;B;33;33;6
587353;2021-06-06;134;F;3;0;B;46;50;6
587427;2021-06-06;664;M;3;1;B;59;68;6
587439;2021-06-06;616;F;1;2;C;25;25;6
587449;2021-06-06;27;F;1;0;B;56;66;6
587520;2021-06-06;621;F;4;0;B;59;69;6
587591;2021-06-06;368;M;4;0;C;60;72;7
587612;2021-06-06;536;M;4;0;B;17;17;4
587671;2021-06-06;778;F;2;2;A;42;46;6
587721;2021-06-06;745;F;1;2;B;41;46;5
587770;2021-06-06;683;F;3;0;B;11;12;4
587844;2021-06-06;229;M;2;2;C;36;36;6
587936;2021-06-06;379;F;4;0;C;32;34;6
587989;2021-06-06;300;F;1;3;C;45;53;5
588075;2021-06-06;600;M;2;4;C;23;25;6
588085;2021-06-06;591;M;4;1;B;1;1;1
588132;2021-06-06;701;M;3;0;B;24;27;5
588138;2021-06-06;247;M;1;0;B;9;9;4
588197;2021-06-06;14;M;1;3;B;34;35;5
588250;2021-06-06;709;F;3;0;B;55;60;6
588261;2021-06-06;899;F;4;0;C;34;35;5
588332;2021-08-06;627;M;3;1;B;64;77;6
588399;2021-08-06;598;F;4;0;B;48;55;6
588498;2021-08-06;400;F;4;1;C;47;51;6
588507;2021-08-06;344;M;3;0;B;39;40;6
588528;2021-08-06;231;F;4;2;B;3;3;3
588536;2021-08-06;956;M;5;1;C;62;70;6
588554;2021-08-06;318;M;1;2;B;29;31;5
588613;2021-08-06;698;F;2;0;B;45;46;4
588615;2021-08-06;292;F;2;0;C;7;7;4
588644;2021-08-06;365;M;4;0;A;26;27;5
588711;2021-08-06;461;M;3;4;C;50;60;6
588766;2021-08-06;550;M;4;0;B;26;26;6
588857;2021-08-06;786;F;1;4;C;20;23;3
588891;2021-08-06;418;M;2;2;A;54;65;6
588972;2021-08-06;183;M;4;1;B;14;14;3
589065;2021-08-06;349;M;3;0;B;59;71;6
589082;2021-08-06;437;F;2;1;C;59;72;7
589105;2021-08-06;264;F;4;1;B;65;75;6
589157;2021-08-06;835;F;1;0;A;10;10;3
589199;2021-08-06;912;F;4;0;C;5;5;4
589211;2021-08-06;971;F;1;2;A;72;83;6
589240;2021-08-06;701;M;3;0;B;32;32;5
589250;2021-08-06;807;M;1;3;B;36;42;4
589304;2021-08-06;786;F;1;4;C;44;49;5
589386;2021-08-06;810;M;1;0;B;9;9;2
589436;2021-08-06;129;M;2;0;A;64;80;5
589463;2021-08-06;276;F;3;0;B;11;11;4
589492;2021-08-06;847;M;4;2;A;67;78;7
589514;2021-08-06;608;F;3;0;C;46;56;6
589610;2021-08-06;369;F;3;4;C;32;34;5
589616;2021-08-06;907;M;3;1;B;30;31;6
589683;2021-08-06;854;F;5;1;C;16;16;4
589770;2021-08-06;60;F;2;3;B;18;18;5
589846;2021-08-06;181;F;2;2;B;71;85;6
589906;2021-08-06;107;F;2;0;C;25;27;4
589994;2021-08-06;759;F;3;0;B;62;69;5
590043;2021-06-13;233;M;3;0;B;43;44;6
590089;2021-06-13;880;M;3;2;B;24;25;4
590096;2021-06-13;364;F;4;2;C;51;59;6
590160;2021-06-13;883;M;1;0;B;57;68;5
590178;2021-06-13;486;M;4;0;B;28;32;5
590211;2021-06-13;888;F;4;2;B;49;58;6
590310;2021-06-13;491;M;2;1;A;70;84;6
590405;2021-06-13;992;F;2;0;B;51;57;5
590471;2021-06-13;442;F;3;2;B;31;34;6
590553;2021-06-13;916;F;3;4;C;39;44;5
590595;2021-06-13;432;F;1;0;C;69;74;6
590653;2021-06-13;596;M;2;0;B;27;28;5
590692;2021-06-13;553;F;4;0;B;15;15;5
590695;2021-06-13;96;F;1;1;C;63;71;7
590722;2021-06-13;106;M;1;0;B;49;55;6
590728;2021-06-13;645;F;4;0;B;41;44;7
590754;2021-06-13;703;M;1;3;B;63;72;6
590778;2021-06-13;452;M;1;3;B;12;12;5
590809;2021-06-13;578;M;4;0;B;62;71;5
590850;2021-06-13;442;F;3;2;B;21;23;4
590868;2021-06-13;243;F;1;4;C;20;22;5
590918;2021-06-13;335;F;3;0;C;13;14;4
590964;2021-06-13;860;M;1;0;B;50;56;6
591056;2021-06-13;585;F;2;4;B;45;53;6
591089;2021-06-13;925;M;2;0;C;37;39;5
591171;2021-06-13;998;F;2;0;C;49;60;6
591264;2021-06-13;752;M;3;0;C;57;65;6
591340;2021-06-13;835;F;1;0;A;76;89;7
591384;2021-06-13;683;F;3;0;B;45;50;6
591388;2021-06-19;814;M;4;0;B;63;72;6
591415;2021-06-19;423;F;5;2;A;64;75;7
591450;2021-06-19;194;F;4;0;B;26;29;4
591499;2021-06-19;437;F;2;1;C;49;53;5
591545;2021-06-19;535;M;4;0;A;52;67;6
591582;2021-06-19;143;F;1;4;B;30;33;4
591621;2021-06-19;914;M;2;4;B;66;71;5
591720;2021-06-19;85;M;1;0;B;67;81;4
591797;2021-06-19;987;F;1;0;B;55;64;5
591876;2021-06-19;32;F;1;0;B;29;34;5
591898;2021-06-19;427;M;3;0;B;46;54;6
591975;2021-06-19;609;F;4;0;C;37;40;5
592047;2021-06-19;2;M;3;0;B;64;80;6
592131;2021-06-19;943;F;1;0;C;21;21;5
592171;2021-06-19;606;M;1;0;B;58;65;6
592174;2021-06-19;260;F;2;0;C;35;37;6
592269;2021-06-19;235;F;4;0;B;50;62;6
592271;2021-06-19;503;F;2;1;B;62;69;6
592368;2021-06-19;839;F;1;3;B;47;51;5
592433;2021-06-19;964;M;2;0;B;6;6;3
592527;2021-06-19;890;M;3;0;C;31;33;5
592582;2021-06-19;60;F;2;3;B;12;13;3
592632;2021-06-19;796;M;2;3;B;16;16;3
592635;2021-06-19;816;M;4;0;C;52;58;6
592715;2021-06-19;497;M;3;0;B;18;18;4
592774;2021-06-19;782;M;3;3;B;65;77;7
592781;2021-06-19;81;F;2;0;B;58;74;6
592823;2021-06-19;718;F;3;2;B;72;87;6
592870;2021-06-19;530;F;1;0;A;62;71;7
592955;2021-06-19;986;M;4;0;B;57;69;6
593031;2021-06-19;986;M;4;0;B;5;5;2
593061;2021-06-19;766;F;1;0;B;8;8;4
593122;2021-06-19;376;F;3;0;B;62;78;5
593151;2021-06-19;746;M;3;0;C;5;5;3
593241;2021-06-19;744;M;4;0;A;76;89;6
593285;2021-06-19;287;F;1;0;B;54;60;6
593356;2021-06-19;187;M;2;1;B;29;32;5
593365;2021-06-19;800;M;1;0;C;31;33;4
593382;2021-06-19;511;F;1;0;B;50;55;5
593456;2021-06-19;325;M;1;3;B;54;64;5
593473;2021-06-19;19;F;2;2;C;42;43;5
593488;2021-06-19;481;M;3;0;B;61;70;6
593493;2021-06-22;49;M;2;0;C;54;60;6
593506;2021-06-22;907;M;3;1;B;3;3;1
593568;2021-06-22;16;M;1;4;C;26;27;6
593622;2021-06-22;889;F;3;4;B;54;61;4
593669;2021-06-22;492;F;2;1;C;57;62;7
593759;2021-06-22;265;M;2;3;B;45;53;5
593855;2021-06-22;572;M;1;0;C;52;59;6
593901;2021-06-22;279;M;1;2;B;34;36;6
593961;2021-06-22;943;F;1;0;C;50;61;7
594040;2021-06-22;352;M;4;2;B;41;44;6
594075;2021-06-22;16;M;1;4;C;64;75;6
594082;2021-06-22;303;M;3;4;B;4;4;2
594146;2021-06-22;364;F;4;2;C;4;4;3
594237;2021-06-22;415;F;3;0;B;6;6;3
594259;2021-06-22;555;M;4;3;A;55;63;6
594316;2021-06-22;816;M;4;0;C;7;7;3
594381;2021-06-22;115;M;4;0;B;16;18;5
594467;2021-06-22;803;F;2;0;A;30;32;5
594526;2021-06-22;620;M;2;0;B;21;23;3
594619;2021-06-22;150;M;1;4;B;45;49;6
594699;2021-06-22;627;M;3;1;B;14;14;5
594768;2021-06-22;526;M;2;2;B;20;20;4
594808;2021-06-22;821;F;2;3;B;11;11;6
594864;2021-06-22;536;M;4;0;B;24;24;4
594932;2021-06-22;916;F;3;4;C;68;82;6
594989;2021-06-22;662;F;1;1;B;37;39;6
595062;2021-06-22;590;M;4;3;B;70;86;6
595146;2021-06-22;60;F;2;3;B;8;9;3
595226;2021-06-22;566;F;4;0;B;20;20;2
595250;2021-06-22;122;M;3;3;B;3;3;2
595285;2021-06-22;78;M;1;0;B;54;60;7
595383;2021-06-22;922;M;1;0;B;19;20;4
595442;2021-06-22;748;M;4;0;B;68;77;6
595489;2021-06-22;225;M;4;0;C;3;3;2
595565;2021-06-22;478;M;1;4;A;26;29;6
595588;2021-06-22;222;F;4;0;B;50;57;6
595675;2021-06-22;939;M;2;1;C;22;23;5
595708;2021-06-22;838;F;1;0;C;34;37;4
595717;2021-06-22;122;M;3;3;B;34;37;5
595743;2021-06-22;784;F;1;3;B;29;31;4
595765;2021-06-22;296;F;1;3;B;58;71;6
595772;2021-06-22;959;M;5;1;B;66;74;7
595855;2021-06-22;249;F;4;0;B;27;28;5
595932;2021-06-22;640;M;4;0;C;11;11;4
595963;2021-06-22;736;M;1;0;C;46;52;6
596060;2021-06-22;461;M;3;4;C;71;89;6
596139;2021-06-22;831;F;4;2;B;18;20;5
596164;2021-06-22;986;M;4;0;B;24;25;6
596215;2021-06-22;142;F;1;0;B;56;60;6
596240;2021-06-22;790;F;3;0;B;2;2;1
596312;2021-06-22;88;F;1;0;B;32;35;4
596328;2021-06-22;977;M;1;0;C;40;44;4
596344;2021-06-22;444;F;2;0;B;1;1;1
596384;2021-06-22;179;F;2;0;B;50;56;5
596414;2021-06-22;422;F;2;4;C;30;36;7
596504;2021-06-22;97;F;4;1;B;19;20;4
596558;2021-06-22;548;F;4;0;C;27;33;6
596589;2021-06-22;626;M;3;1;C;17;18;4
596664;2021-06-22;710;F;3;1;C;67;82;7
596674;2021-06-22;819;M;4;0;B;47;56;6
596764;2021-06-22;819;M;4;0;B;71;81;6
596834;2021-06-22;294;F;4;0;C;10;10;2
596919;2021-06-22;470;M;3;1;B;44;54;6
596930;2021-06-22;125;M;3;0;B;34;34;5
596967;2021-06-22;458;F;3;4;C;72;85;6
597035;2021-06-22;62;F;2;0;B;67;89;6
597077;2021-06-22;241;M;4;1;B;3;3;2
597093;2021-06-22;687;M;2;3;C;13;13;3
597128;2021-06-22;511;F;1;0;B;31;35;5
597140;2021-06-22;620;M;2;0;B;21;22;5
597174;2021-06-22;484;M;3;2;C;38;41;6
597258;2021-06-22;537;F;1;4;B;32;34;6
597290;2021-06-22;276;F;3;0;B;13;13;4
597327;2021-06-22;162;F;1;1;B;27;29;5
597335;2021-06-22;338;M;2;0;B;70;82;6
597352;2021-06-22;307;M;1;0;B;3;3;2
597428;2021-06-22;512;M;4;0;B;25;26;5
597456;2021-06-22;798;M;5;2;B;67;75;6
597485;2021-06-22;505;F;1;0;C;32;33;5
597547;2021-06-22;945;F;2;3;B;3;3;2
597646;2021-06-22;731;M;3;4;B;24;26;4
597703;2021-06-22;999;M;2;2;C;55;62;6
597777;2021-06-22;644;M;1;0;C;75;88;7
597784;2021-06-22;103;M;3;4;B;27;30;4
597793;2021-06-22;61;M;1;2;B;11;11;5
597794;2021-06-22;635;F;4;0;B;25;26;3
597837;2021-06-22;553;F;4;0;B;11;11;5
597845;2021-06-22;15;M;2;1;C;70;85;6
597865;2021-06-22;491;M;2;1;A;42;46;6
597895;2021-06-22;456;M;1;4;B;76;89;7
597972;2021-06-22;741;M;3;0;B;61;66;6
597983;2021-06-24;669;F;4;0;B;38;41;5
598048;2021-06-24;753;F;1;3;C;63;72;5
598078;2021-06-24;437;F;2;1;C;59;62;7
598141;2021-06-24;452;M;1;3;B;43;48;5
598239;2021-06-24;322;M;2;0;B;41;43;5
598264;2021-06-24;966;F;4;2;B;12;13;4
598346;2021-06-24;249;F;4;0;B;19;21;5
598393;2021-06-24;466;F;1;0;C;45;57;5
598491;2021-06-24;433;M;3;3;B;71;84;6
598530;2021-06-24;498;M;3;2;B;19;22;4
598594;2021-06-24;27;F;1;0;B;37;41;5
598660;2021-06-24;535;M;4;0;A;70;85;6
598739;2021-06-24;24;F;4;0;C;27;30;6
598800;2021-06-24;191;M;3;0;B;37;38;6
598834;2021-06-24;40;M;2;1;B;72;85;7
598879;2021-06-24;638;M;3;1;B;74;82;6
598945;2021-06-24;624;M;4;0;B;18;19;3
599007;2021-06-24;893;F;1;0;B;63;75;5
599088;2021-06-24;840;F;3;3;C;61;74;7
599118;2021-06-24;284;M;4;1;B;58;66;7
599170;2021-06-24;624;M;4;0;B;31;35;5
599184;2021-06-24;653;M;2;0;C;45;49;6
599253;2021-06-24;826;F;2;0;C;55;65;5
599281;2021-06-24;691;M;4;0;B;48;52;6
599327;2021-06-24;878;F;4;3;C;32;34;4
599383;2021-06-24;487;F;3;0;C;1;1;1
599408;2021-06-24;373;F;4;2;B;57;62;4
599431;2021-06-24;151;F;1;0;B;36;40;6
599473;2021-06-24;157;M;1;1;C;18;19;5
599481;2021-06-29;120;F;4;3;A;32;36;6
599502;2021-06-29;364;F;4;2;C;71;83;7
599587;2021-06-29;319;M;1;4;B;58;68;6
599631;2021-06-29;301;F;3;0;C;74;85;7
599714;2021-06-29;288;M;2;0;B;69;85;6
599727;2021-06-29;39;M;2;0;C;26;27;4
599749;2021-06-29;837;F;2;0;C;13;13;3
599770;2021-06-29;261;F;4;0;B;54;58;5
599773;2021-06-29;943;F;1;0;C;49;59;6
599859;2021-06-29;310;M;4;3;C;58;70;6
599878;2021-06-29;810;M;1;0;B;60;69;7
599975;2021-06-29;553;F;4;0;B;54;63;6
600072;2021-06-29;714;M;1;0;B;31;33;6
600157;2021-06-29;465;F;3;0;B;19;19;4
600202;2021-06-29;700;F;4;2;C;29;32;6
600234;2021-06-29;809;F;3;3;B;52;60;5
600328;2021-06-29;563;M;3;0;B;30;31;4
600392;2021-06-29;328;M;2;0;B;8;8;4
600469;2021-06-29;907;M;3;1;B;56;63;5
600483;2021-06-29;8;F;3;0;B;73;88;7
600490;2021-06-29;976;M;4;2;B;68;79;5
600582;2021-06-29;16;M;1;4;C;46;50;5
600626;2021-06-29;298;F;4;0;C;52;61;6
600693;2021-06-29;114;F;3;3;B;53;60;6
600789;2021-06-29;625;F;4;0;C;60;69;6
600814;2021-06-29;318;M;1;2;B;47;54;5
600883;2021-06-29;609;F;4;0;C;42;46;5
600961;2021-06-29;845;F;3;3;C;56;63;6
600981;2021-06-29;938;M;1;4;B;5;5;3
601055;2021-06-29;106;M;1;0;B;48;53;6
601100;2021-06-29;905;M;1;0;B;75;88;6
601114;2021-06-29;983;F;4;0;C;8;10;3
601189;2021-06-29;325;M;1;3;B;19;19;4
601224;2021-06-29;907;M;3;1;B;20;20;4
601290;2021-06-29;417;M;4;1;B;32;35;4
601326;2021-06-29;984;F;4;3;B;8;8;2
601327;2021-06-29;961;F;1;0;C;43;49;5
601420;2021-06-29;245;F;4;3;B;55;63;6
601448;2021-06-29;14;M;1;3;B;49;52;4
601478;2021-06-29;718;F;3;2;B;60;65;7
601526;2021-06-29;943;F;1;0;C;72;89;6
601542;2021-06-29;640;M;4;0;C;46;50;4
601574;2021-06-29;853;M;5;2;A;70;83;6
601588;2021-06-29;41;M;3;0;C;26;28;6
601644;2021-06-29;536;M;4;0;B;6;7;3
601676;2021-06-29;872;M;3;4;A;72;81;7
601742;2021-06-29;924;F;2;2;B;64;71;6
601836;2021-06-29;1000;F;4;1;B;35;37;4
601935;2021-06-29;517;F;3;1;B;25;26;5
602018;2021-06-29;262;M;1;2;B;37;42;5
602099;2021-06-29;376;F;3;0;B;35;36;5
602189;2021-06-29;919;F;2;0;C;13;13;4
602244;2021-06-29;55;F;3;0;B;39;45;7
602296;2021-01-07;103;M;3;4;B;44;48;6
602388;2021-01-07;702;M;1;0;B;17;18;4
602406;2021-01-07;407;F;3;3;A;66;78;6
602407;2021-01-07;171;F;3;1;B;3;3;1
602413;2021-01-07;602;M;3;0;B;36;37;5
602419;2021-01-07;631;M;1;4;C;55;68;6
602518;2021-01-07;956;M;5;1;C;16;16;4
602572;2021-01-07;826;F;2;0;C;57;70;6
602600;2021-01-07;985;M;1;0;B;17;18;4
602643;2021-01-07;590;M;4;3;B;10;10;4
602658;2021-01-07;547;F;3;4;C;45;49;6
602753;2021-01-07;720;M;2;3;B;42;45;5
602841;2021-01-07;25;M;4;1;C;32;33;5
602847;2021-01-07;643;F;4;0;C;25;28;4
602893;2021-01-07;999;M;2;2;C;44;53;5
602936;2021-01-07;310;M;4;3;C;39;46;7
602948;2021-01-07;379;F;4;0;C;73;82;6
603043;2021-01-07;913;M;3;4;C;50;52;5
603081;2021-01-07;187;M;2;1;B;33;37;6
603119;2021-01-07;998;F;2;0;C;3;3;3
603187;2021-01-07;450;M;1;0;B;40;44;5
603280;2021-01-07;549;M;2;3;C;14;16;5
603335;2021-01-07;433;M;3;3;B;35;35;5
603341;2021-01-07;542;M;3;1;B;8;8;3
603414;2021-01-07;292;F;2;0;C;59;70;7
603421;2021-01-07;656;M;2;0;C;49;53;7
603448;2021-01-07;106;M;1;0;B;43;46;6
603518;2021-01-07;597;M;3;0;C;33;34;4
603550;2021-01-07;823;M;5;3;B;48;57;5
603596;2021-01-07;11;F;4;0;A;73;85;6
603686;2021-01-07;296;F;1;3;B;63;70;6
603784;2021-01-07;836;F;2;0;B;44;48;6
603842;2021-01-07;15;M;2;1;C;12;12;4
603862;2021-01-07;528;M;2;2;C;49;52;7
603887;2021-01-07;814;M;4;0;B;16;17;5
603918;2021-01-07;892;F;4;2;B;36;40;5
603974;2021-01-07;567;F;1;0;C;36;39;7
604023;2021-01-07;589;F;3;2;C;44;51;6
604103;2021-01-07;425;F;3;0;B;8;8;4
604118;2021-01-07;122;M;3;3;B;30;36;4
604208;2021-01-07;296;F;1;3;B;10;10;4
604263;2021-01-07;95;M;1;0;B;18;18;5
604306;2021-01-07;537;F;1;4;B;3;3;2
604390;2021-01-07;267;F;4;2;B;27;29;5
604437;2021-01-07;860;M;1;0;B;14;14;3
604453;2021-01-07;550;M;4;0;B;61;70;6
604463;2021-01-07;457;M;3;0;C;42;48;7
604490;2021-01-07;107;F;2;0;C;12;12;3
604528;2021-01-07;852;M;2;3;B;64;67;4
604536;2021-01-07;183;M;4;1;B;64;76;6
604588;2021-01-07;831;F;4;2;B;64;72;6
604633;2021-01-07;917;M;1;0;A;53;66;5
604678;2021-03-07;297;M;4;0;B;56;62;6
604734;2021-03-07;646;F;1;0;B;71;78;6
604743;2021-03-07;820;M;1;4;B;4;4;3
604793;2021-03-07;272;M;4;3;C;10;10;3
604841;2021-03-07;70;F;4;0;B;19;19;4
604932;2021-03-07;194;F;4;0;B;35;39;6
604962;2021-03-07;697;M;3;0;C;4;4;4
604982;2021-03-07;347;F;4;0;B;53;61;5
604998;2021-03-07;877;M;2;0;C;58;73;4
605062;2021-03-07;636;M;2;2;B;58;63;6
605133;2021-03-07;748;M;4;0;B;37;41;5
605183;2021-03-07;468;M;3;1;C;63;77;6
605203;2021-03-07;650;F;2;0;C;38;40;7
605260;2021-03-07;126;M;1;0;C;63;69;6
605333;2021-03-07;448;F;2;0;A;71;81;6
605384;2021-03-07;675;M;4;0;B;59;70;6
605458;2021-03-07;501;M;1;0;B;40;42;5
605524;2021-03-07;423;F;5;2;A;64;77;6
605600;2021-03-07;650;F;2;0;C;45;47;6
605677;2021-03-07;15;M;2;1;C;67;81;7
605775;2021-03-07;997;M;5;2;C;32;35;4
605785;2021-03-07;545;M;2;2;B;68;86;6
605820;2021-03-07;788;F;4;2;B;33;36;6
605869;2021-03-07;365;M;4;0;A;40;43;5
605957;2021-03-07;690;F;1;3;B;27;28;5
605962;2021-03-07;50;M;4;0;B;64;73;5
606020;2021-03-07;668;M;1;0;A;68;88;6
606051;2021-03-07;471;F;4;0;A;58;66;5
606103;2021-03-07;395;F;4;1;B;19;19;5
606144;2021-03-07;661;M;3;0;B;3;3;2
606207;2021-03-07;585;F;2;4;B;66;74;6
606238;2021-03-07;980;F;1;0;B;3;3;2
606246;2021-03-07;797;M;2;4;B;10;10;4
606249;2021-03-07;967;F;1;0;B;74;85;6
606268;2021-03-07;352;M;4;2;B;54;65;5
606291;2021-03-07;311;F;4;0;C;62;77;6
606360;2021-07-07;862;M;4;0;B;52;59;6
606396;2021-07-07;469;M;4;2;C;54;61;6
606424;2021-07-07;713;F;1;3;C;75;88;6
606518;2021-07-07;193;F;4;0;B;12;12;3
606590;2021-07-07;764;F;3;1;B;26;29;4
606592;2021-07-07;25;M;4;1;C;13;13;5
606640;2021-07-07;291;F;3;0;C;31;32;5
606669;2021-07-07;509;F;2;3;C;63;76;6
606740;2021-07-07;391;F;2;0;A;63;67;7
606837;2021-07-07;274;M;1;1;B;39;45;5
606914;2021-07-07;390;F;2;0;B;48;55;5
607005;2021-07-07;674;M;4;1;B;21;21;5
607041;2021-07-07;890;M;3;0;C;39;41;5
607076;2021-07-07;398;F;4;1;B;17;19;5
607127;2021-07-07;766;F;1;0;B;69;87;6
607135;2021-07-07;358;F;3;0;C;71;83;6
607185;2021-07-07;630;M;1;2;C;62;74;5
607227;2021-07-07;34;M;2;0;C;31;33;7
607276;2021-07-07;637;F;1;0;B;33;33;6
607367;2021-07-07;582;F;2;0;B;7;7;2
607455;2021-07-07;102;F;1;2;C;30;32;5
607484;2021-07-07;912;F;4;0;C;20;21;3
607529;2021-07-07;406;M;2;4;C;25;26;6
607598;2021-07-07;965;M;3;0;B;39;42;5
607631;2021-07-07;209;F;4;0;B;15;16;4
607671;2021-07-07;54;M;1;0;A;44;47;5
607755;2021-07-07;566;F;4;0;B;6;6;3
607821;2021-07-07;734;F;4;2;B;65;77;6
607837;2021-07-07;757;F;4;3;C;29;31;5
607934;2021-07-07;834;M;3;3;B;55;56;5
607936;2021-07-07;812;F;2;0;A;76;86;7
608001;2021-07-07;393;F;4;0;B;32;37;4
608052;2021-07-07;768;F;4;0;B;66;80;5
608148;2021-07-07;637;F;1;0;B;55;63;5
608173;2021-07-07;464;M;2;2;B;59;69;6
608209;2021-07-07;710;F;3;1;C;65;74;6
608227;2021-07-07;114;F;3;3;B;38;43;7
608258;2021-07-07;406;M;2;4;C;34;36;5
608312;2021-07-07;23;M;3;0;B;70;88;7
608346;2021-07-07;192;F;4;0;B;46;51;6
608374;2021-07-07;18;M;4;0;C;42;44;5
608432;2021-07-07;938;M;1;4;B;10;11;4
608471;2021-07-07;974;M;4;1;B;80;88;4
608478;2021-07-07;787;F;3;0;A;28;28;5
608557;2021-07-07;374;F;3;0;B;3;3;2
608621;2021-07-07;343;F;1;0;B;40;43;5
608719;2021-07-07;726;M;2;0;B;40;45;5
608736;2021-07-07;601;M;4;0;A;44;52;6
608751;2021-07-07;713;F;1;3;C;49;62;6
608831;2021-07-07;68;F;2;1;A;40;47;6
608884;2021-07-07;618;M;4;3;B;26;31;5
608891;2021-07-07;229;M;2;2;C;44;46;4
608932;2021-07-07;250;F;4;1;B;36;40;5
609000;2021-07-07;39;M;2;0;C;63;73;6
609034;2021-07-07;822;M;2;3;B;65;83;6
609104;2021-07-07;578;M;4;0;B;1;1;1
609166;2021-07-07;174;M;4;3;C;34;37;5
609254;2021-07-07;573;F;1;0;C;20;20;4
609320;2021-07-07;386;M;4;2;A;30;35;4
609336;2021-07-07;397;F;1;0;B;18;19;7
609389;2021-09-07;1000;F;4;1;B;56;67;6
609464;2021-09-07;751;F;2;0;B;49;52;6
609534;2021-09-07;511;F;1;0;B;61;69;6
609588;2021-09-07;18;M;4;0;C;58;67;5
609649;2021-09-07;722;F;4;0;B;58;69;5
609696;2021-09-07;822;M;2;3;B;68;82;7
609734;2021-09-07;79;F;2;0;C;9;9;4
609805;2021-09-07;215;M;2;4;B;3;3;2
609825;2021-09-07;390;F;2;0;B;2;2;1
609924;2021-09-07;431;F;4;3;B;21;25;4
609972;2021-09-07;55;F;3;0;B;69;82;5
610024;2021-09-07;399;F;4;1;C;34;37;4
610071;2021-09-07;105;F;4;0;C;12;12;5
610163;2021-09-07;888;F;4;2;B;61;64;6
610209;2021-09-07;401;M;1;4;C;44;50;5
610227;2021-09-07;136;F;2;1;B;37;41;6
610275;2021-09-07;144;M;1;0;B;36;37;6
610338;2021-09-07;861;M;3;0;B;19;19;4
610395;2021-09-07;3;F;4;0;B;60;72;6
610458;2021-09-07;130;F;1;0;B;25;27;4
610507;2021-09-07;638;M;3;1;B;30;32;4
610513;2021-09-07;304;F;2;3;B;34;35;5
610555;2021-09-07;835;F;1;0;A;63;71;6
610594;2021-09-07;964;M;2;0;B;35;39;5
610633;2021-09-07;601;M;4;0;A;57;67;6
610653;2021-09-07;506;F;4;3;B;71;81;5
610654;2021-09-07;116;M;4;0;B;14;15;4
610700;2021-09-07;43;M;2;0;B;16;16;5
610798;2021-09-07;314;F;1;1;A;52;57;7
610871;2021-09-07;621;F;4;0;B;56;73;6
610941;2021-09-07;912;F;4;0;C;13;13;5
611002;2021-09-07;878;F;4;3;C;15;15;5
611052;2021-09-07;218;M;4;0;B;12;14;4
611056;2021-09-07;634;F;2;0;C;63;74;6
611086;2021-09-07;396;F;1;0;B;62;73;6
611111;2021-09-07;69;M;4;3;A;75;85;7
611190;2021-09-07;972;M;4;0;C;15;15;4
611239;2021-09-07;760;F;2;0;A;27;29;7
611306;2021-09-07;624;M;4;0;B;39;39;6
611357;2021-09-07;329;F;3;0;B;26;26;4
611429;2021-09-07;170;F;4;2;B;48;53;6
611457;2021-09-07;57;M;2;0;B;54;63;6
611484;2021-09-07;991;F;2;2;C;69;78;5
611503;2021-09-07;832;F;1;0;B;53;61;6
611583;2021-09-07;753;F;1;3;C;49;55;6
611597;2021-09-07;119;F;3;2;B;3;3;1
611667;2021-09-07;826;F;2;0;C;7;7;4
611713;2021-09-07;262;M;1;2;B;25;25;5
611757;2021-09-07;670;M;4;0;C;61;67;6
611786;2021-09-07;962;M;3;4;B;60;70;5
611796;2021-09-07;77;F;4;1;B;59;69;7
611816;2021-09-07;659;F;2;2;B;61;78;6
611912;2021-09-07;682;F;2;2;B;39;43;5
612005;2021-09-07;252;M;2;2;B;21;22;4
612099;2021-09-07;32;F;1;0;B;30;33;6
612163;2021-09-07;793;M;1;3;B;60;69;6
612256;2021-09-07;285;M;3;0;B;54;63;6
612344;2021-12-07;712;F;2;3;B;34;35;5
612411;2021-12-07;466;F;1;0;C;8;8;4
612471;2021-12-07;357;M;2;2;C;13;15;3
612560;2021-12-07;360;M;4;0;B;53;58;6
612627;2021-12-07;832;F;1;0;B;1;1;1
612654;2021-12-07;241;M;4;1;B;37;44;4
612667;2021-12-07;905;M;1;0;B;31;31;6
612730;2021-12-07;41;M;3;0;C;10;10;5
612768;2021-12-07;29;M;2;0;B;8;8;2
612841;2021-12-07;918;F;2;4;C;35;38;6
612911;2021-12-07;226;F;4;0;B;26;27;5
612992;2021-12-07;750;M;2;2;C;40;45;5
613048;2021-12-07;332;F;3;4;C;22;24;5
613124;2021-12-07;961;F;1;0;C;73;89;7
613129;2021-07-15;195;M;4;0;B;2;2;1
613190;2021-07-15;487;F;3;0;C;24;26;5
613266;2021-07-15;617;F;4;3;C;3;3;3
613336;2021-07-15;417;M;4;1;B;19;20;4
613372;2021-07-15;967;F;1;0;B;61;74;6
613455;2021-07-15;488;M;3;2;B;59;76;6
613463;2021-07-15;70;F;4;0;B;37;40;4
613559;2021-07-15;440;F;4;0;C;52;54;6
613613;2021-07-15;178;M;3;0;A;68;80;7
613676;2021-07-15;834;M;3;3;B;69;83;5
613763;2021-07-15;251;F;2;0;C;50;59;6
613851;2021-07-15;833;F;1;4;B;67;87;6
613879;2021-07-15;723;M;4;0;B;54;60;6
613896;2021-07-15;444;F;2;0;B;50;58;6
613919;2021-07-15;684;F;3;0;C;9;9;4
613980;2021-07-15;128;F;2;0;B;59;64;6
614073;2021-07-15;475;F;4;3;B;26;28;5
614172;2021-07-15;495;F;2;3;A;21;21;5
614204;2021-07-15;335;F;3;0;C;64;72;6
614216;2021-07-15;41;M;3;0;C;64;81;6
614240;2021-07-15;678;F;3;0;C;18;18;4
614258;2021-07-15;965;M;3;0;B;40;42;5
614306;2021-07-15;497;M;3;0;B;62;67;6
614308;2021-07-15;689;M;2;0;C;51;62;6
614400;2021-07-15;430;F;4;1;B;19;19;5
614436;2021-07-15;738;M;1;0;C;65;76;5
614456;2021-07-15;341;M;2;0;C;71;88;6
614530;2021-07-15;350;F;5;1;B;28;30;3
614544;2021-07-15;146;F;2;0;B;33;38;4
614613;2021-07-15;483;M;1;0;C;49;55;6
614691;2021-07-15;989;M;2;0;B;34;36;4
614772;2021-07-15;936;F;3;2;B;63;72;6
614841;2021-07-15;888;F;4;2;B;73;87;7
614857;2021-07-15;418;M;2;2;A;18;19;5
614909;2021-07-15;189;F;3;4;C;58;66;5
614943;2021-07-15;477;F;4;0;B;64;68;5
614953;2021-07-15;690;F;1;3;B;26;27;3
615013;2021-07-15;222;F;4;0;B;37;39;6
615025;2021-07-15;712;F;2;3;B;34;37;6
615061;2021-07-15;300;F;1;3;C;19;19;5
615144;2021-07-15;30;M;4;0;B;69;82;7
615190;2021-07-15;598;F;4;0;B;47;51;5
615282;2021-07-15;103;M;3;4;B;20;21;4
615360;2021-07-15;695;M;2;0;A;40;42;5
615448;2021-07-15;380;M;3;4;B;35;37;5
615477;2021-07-15;916;F;3;4;C;6;6;3
615576;2021-07-15;35;M;3;0;B;71;81;6
615645;2021-07-15;175;M;1;0;B;4;4;3
615716;2021-07-15;607;F;2;0;B;25;27;4
615758;2021-07-15;628;M;3;0;B;57;68;7
615783;2021-07-15;303;M;3;4;B;7;7;3
615833;2021-07-15;689;M;2;0;C;45;51;4
615899;2021-07-15;45;M;2;0;A;63;74;5
615941;2021-07-15;482;M;4;2;B;59;77;7
616028;2021-07-15;977;M;1;0;C;54;67;5
616084;2021-07-15;425;F;3;0;B;25;27;3
616178;2021-07-15;84;F;3;0;C;60;68;6
616221;2021-07-15;565;F;1;2;B;31;31;6
616280;2021-07-15;594;F;3;1;C;32;32;5
616325;2021-07-15;275;M;4;0;B;64;76;5
616340;2021-07-15;586;F;4;2;B;77;88;7
616353;2021-07-15;98;M;1;0;B;36;40;7
616392;2021-07-15;909;M;3;0;B;57;67;6
616405;2021-07-15;811;M;2;1;B;50;54;5
616431;2021-07-15;427;M;3;0;B;65;78;6
616474;2021-07-15;53;M;1;1;B;44;45;5
616479;2021-07-15;79;F;2;0;C;63;73;6
616538;2021-07-15;803;F;2;0;A;30;31;3
616600;2021-07-15;747;M;1;0;B;72;85;7
616629;2021-07-15;87;M;3;2;A;38;41;5
616643;2021-07-15;170;F;4;2;B;5;6;3
616681;2021-07-15;851;F;2;0;B;74;87;6
616756;2021-07-15;266;F;3;3;B;57;65;6
616774;2021-07-20;36;F;3;0;C;9;9;3
616841;2021-07-20;730;F;2;0;B;67;77;6
616883;2021-07-20;268;M;4;0;B;63;77;7
616907;2021-07-20;671;M;2;0;C;6;6;4
616932;2021-07-20;460;F;1;3;B;58;65;6
617021;2021-07-20;103;M;3;4;B;24;24;6
617077;2021-07-20;647;M;1;0;C;62;73;7
617147;2021-07-20;300;F;1;3;C;36;36;5
617204;2021-07-20;119;F;3;2;B;44;46;4
617218;2021-07-20;408;F;4;0;B;31;32;5
617272;2021-07-20;7;M;1;3;B;54;62;4
617282;2021-07-20;789;F;5;1;B;52;59;4
617341;2021-07-20;827;M;4;0;B;63;80;6
617426;2021-07-20;785;M;1;4;C;58;69;6
617502;2021-07-20;971;F;1;2;A;75;89;5
617588;2021-07-20;848;F;5;3;A;48;54;5
617653;2021-07-20;407;F;3;3;A;63;77;6
617714;2021-07-20;999;M;2;2;C;50;59;5
617756;2021-07-20;27;F;1;0;B;6;6;5
617811;2021-07-20;597;M;3;0;C;70;81;6
617833;2021-07-20;314;F;1;1;A;66;74;7
617877;2021-07-20;845;F;3;3;C;51;59;6
617955;2021-07-20;612;F;3;4;B;63;73;7
617975;2021-07-20;536;M;4;0;B;27;28;5
618012;2021-07-20;71;F;3;1;B;63;75;7
618025;2021-07-20;753;F;1;3;C;22;23;4
618036;2021-07-20;426;F;3;0;C;47;53;6
618103;2021-07-20;362;F;3;0;B;29;33;5
618177;2021-07-20;973;F;4;0;B;26;30;5
618212;2021-07-20;419;F;2;1;B;61;76;6
618281;2021-07-20;419;F;2;1;B;8;8;3
618371;2021-07-20;724;M;1;0;B;49;58;6
618460;2021-07-20;817;M;3;0;B;31;34;5
618495;2021-07-20;876;F;2;3;B;65;81;6
618499;2021-07-20;520;M;1;0;B;8;8;4
618583;2021-07-20;688;M;1;1;A;69;80;5
618677;2021-07-20;220;M;1;0;B;45;51;6
618695;2021-07-20;739;F;2;3;B;60;67;6
618773;2021-07-20;232;M;3;1;B;57;64;5
618867;2021-07-20;775;F;2;3;B;4;4;3
618963;2021-07-20;430;F;4;1;B;40;43;5
618991;2021-07-20;195;M;4;0;B;71;85;6
619011;2021-07-20;813;F;4;0;C;39;43;5
619052;2021-07-20;602;M;3;0;B;56;63;5
619109;2021-07-20;887;F;3;0;B;52;57;6
619132;2021-07-20;618;M;4;3;B;10;10;4
619134;2021-07-20;230;M;1;4;A;47;52;5
619176;2021-07-20;764;F;3;1;B;60;69;6
619190;2021-07-20;46;F;4;1;B;13;13;4
619280;2021-07-20;729;M;3;0;B;11;11;4
619315;2021-07-20;685;F;4;0;B;23;24;5
619334;2021-07-20;246;M;2;2;B;30;35;5
619390;2021-07-20;349;M;3;0;B;24;25;5
619417;2021-07-20;507;F;3;2;B;62;69;6
619442;2021-07-20;364;F;4;2;C;23;23;4
619485;2021-07-20;641;F;4;0;C;8;8;4
619538;2021-07-20;69;M;4;3;A;72;83;6
619617;2021-07-20;631;M;1;4;C;43;49;5
619696;2021-07-20;946;M;3;0;B;73;81;6
619726;2021-07-20;106;M;1;0;B;58;63;7
619794;2021-07-20;291;F;3;0;C;19;20;5
619879;2021-07-20;542;M;3;1;B;44;47;6
619908;2021-07-20;732;F;3;4;B;9;9;4
619914;2021-07-20;931;M;2;0;A;62;69;5
620008;2021-07-20;270;F;3;1;B;20;22;6
620034;2021-07-20;797;M;2;4;B;32;35;5
620051;2021-07-20;812;F;2;0;A;38;42;6
620098;2021-07-20;938;M;1;4;B;18;18;3
620197;2021-07-20;169;F;1;1;B;5;5;3
620281;2021-07-20;316;F;3;2;B;1;1;1
620291;2021-07-20;210;M;2;2;C;46;55;5
620304;2021-07-20;611;M;4;0;B;48;54;6
620382;2021-07-20;4;M;4;0;B;21;22;4
620452;2021-07-20;172;M;2;0;B;12;14;4
620489;2021-07-20;645;F;4;0;B;20;22;4
620500;2021-07-20;835;F;1;0;A;16;17;4
620586;2021-07-20;473;F;4;3;B;65;71;6
620595;2021-07-20;238;M;2;1;B;55;70;6
620606;2021-07-20;859;M;1;0;B;30;31;5
620665;2021-07-20;618;M;4;3;B;8;8;2
620760;2021-07-20;498;M;3;2;B;63;70;6
620815;2021-07-25;280;M;4;3;B;67;89;6
620911;2021-07-25;239;M;4;2;C;46;50;4
620942;2021-07-25;830;F;5;1;B;30;31;6
620986;2021-07-25;795;F;4;2;B;42;48;6
621059;2021-07-25;649;F;3;0;B;28;31;6
621061;2021-07-25;956;M;5;1;C;43;49;5
621069;2021-07-25;659;F;2;2;B;5;5;2
621166;2021-07-25;685;F;4;0;B;25;25;5
621263;2021-07-25;159;M;1;0;C;20;22;4
621300;2021-07-25;979;F;3;0;A;36;40;5
621313;2021-07-25;100;F;2;3;C;38;40;6
621318;2021-07-25;797;M;2;4;B;57;74;6
621405;2021-07-25;263;M;3;0;B;21;22;5
621442;2021-07-25;966;F;4;2;B;25;27;3
621516;2021-07-25;374;F;3;0;B;29;30;6
621525;2021-07-25;534;M;4;1;C;19;21;5
621548;2021-07-25;179;F;2;0;B;45;53;5
621557;2021-07-25;311;F;4;0;C;41;47;5
621579;2021-07-25;607;F;2;0;B;18;18;4
621590;2021-07-25;445;M;2;0;B;9;9;4
621628;2021-07-25;229;M;2;2;C;58;68;6
621659;2021-07-25;944;F;3;1;B;64;79;7
621678;2021-07-25;254;F;5;2;B;57;64;6
621703;2021-07-25;593;M;4;1;B;36;42;5
621760;2021-07-25;173;F;1;0;B;55;65;6
621779;2021-07-25;698;F;2;0;B;29;32;6
621819;2021-07-25;750;M;2;2;C;31;34;6
621893;2021-07-25;420;M;3;0;B;42;43;5
621981;2021-07-25;152;F;3;1;C;19;19;4
622060;2021-07-25;429;M;4;0;C;19;21;5
622124;2021-07-25;636;M;2;2;B;66;73;7
622168;2021-07-25;50;M;4;0;B;67;81;6
622226;2021-07-25;380;M;3;4;B;67;82;6
622318;2021-07-25;239;M;4;2;C;9;9;3
622340;2021-07-25;392;M;2;2;C;26;27;6
622421;2021-07-25;25;M;4;1;C;1;1;1
622457;2021-07-25;68;F;2;1;A;15;15;5
622547;2021-07-25;200;F;3;0;B;41;48;5
622599;2021-07-25;824;F;1;0;B;24;26;6
622659;2021-07-25;636;M;2;2;B;54;59;6
622670;2021-07-25;43;M;2;0;B;51;52;5
622743;2021-07-25;43;M;2;0;B;56;62;6
622820;2021-07-25;604;M;4;0;B;54;59;5
622892;2021-07-25;367;F;1;0;A;33;37;5
622895;2021-07-25;648;M;1;0;B;47;50;6
622947;2021-07-25;994;M;4;0;C;55;58;6
623043;2021-07-25;115;M;4;0;B;32;35;6
623104;2021-07-25;64;F;4;0;B;18;19;3
623131;2021-07-25;491;M;2;1;A;11;13;4
623163;2021-07-25;593;M;4;1;B;5;5;3
623260;2021-07-25;355;M;3;4;B;11;11;4
623329;2021-07-25;904;M;1;2;B;23;24;5
623392;2021-07-25;456;M;1;4;B;6;6;4
623396;2021-07-25;354;F;2;0;B;53;59;6
623488;2021-07-25;75;M;1;0;B;22;25;5
623531;2021-07-25;293;M;4;0;B;10;10;4
623583;2021-07-25;566;F;4;0;B;31;31;5
623674;2021-07-25;271;F;4;0;B;16;16;4
623758;2021-07-25;128;F;2;0;B;42;49;6
623824;2021-07-25;266;F;3;3;B;45;55;5
623919;2021-07-25;610;M;2;0;B;44;48;4
623989;2021-07-25;986;M;4;0;B;8;8;4
624079;2021-07-25;742;M;1;1;C;6;6;2
624148;2021-07-25;99;F;1;4;C;60;68;6
624235;2021-07-25;74;M;3;0;C;24;27;3
624301;2021-07-25;729;M;3;0;B;19;20;3
624339;2021-07-25;62;F;2;0;B;39;45;5
624365;2021-07-25;785;M;1;4;C;30;30;5
624381;2021-07-25;385;F;2;0;B;26;30;4
624447;2021-07-25;303;M;3;4;B;15;16;4
624458;2021-07-25;186;M;2;4;C;16;16;6
624516;2021-07-25;367;F;1;0;A;34;39;4
624596;2021-07-25;342;M;3;0;B;50;59;6
624668;2021-07-25;317;M;3;0;B;70;84;5
624736;2021-07-25;100;F;2;3;C;49;56;6
624742;2021-07-25;564;M;3;2;B;7;7;5
624803;2021-07-25;733;M;4;0;B;15;15;2
624886;2021-07-25;784;F;1;3;B;37;42;6
624914;2021-07-25;766;F;1;0;B;45;48;6
624960;2021-07-25;108;M;1;0;B;75;86;6
625048;2021-07-25;485;M;3;3;B;39;45;5
625146;2021-07-25;289;F;3;4;C;61;68;6
625169;2021-07-25;446;M;1;4;B;1;1;1
625197;2021-07-25;875;F;1;0;B;18;18;3
625283;2021-07-25;570;F;4;1;C;16;19;4
625331;2021-07-25;954;F;4;2;B;61;67;6
625370;2021-07-25;814;M;4;0;B;59;71;4
625437;2021-07-25;260;F;2;0;C;16;18;3
625454;2021-07-25;294;F;4;0;C;50;58;6
625506;2021-07-25;797;M;2;4;B;36;36;6
625541;2021-07-25;578;M;4;0;B;47;57;6
625611;2021-07-25;933;M;2;2;B;71;89;6
625644;2021-07-31;298;F;4;0;C;57;64;6
625718;2021-07-31;97;F;4;1;B;71;81;7
625725;2021-07-31;428;F;2;0;A;22;22;4
625786;2021-07-31;679;F;3;3;B;59;66;6
625873;2021-07-31;969;M;1;3;B;50;55;6
625972;2021-07-31;98;M;1;0;B;28;32;6
626052;2021-07-31;900;F;3;0;B;29;30;5
626094;2021-07-31;772;F;2;0;B;61;69;6
626115;2021-07-31;245;F;4;3;B;21;23;5
626152;2021-07-31;133;F;2;0;B;16;16;5
626167;2021-07-31;240;M;4;0;B;3;3;1
626204;2021-07-31;278;F;3;2;C;51;61;7
626242;2021-07-31;541;F;3;0;B;4;4;2
626313;2021-07-31;253;F;4;1;B;26;28;6
626329;2021-07-31;63;F;3;0;B;66;69;6
626338;2021-07-31;358;F;3;0;C;10;10;3
626425;2021-07-31;645;F;4;0;B;64;67;7
626459;2021-07-31;81;F;2;0;B;30;33;3
626468;2021-07-31;222;F;4;0;B;1;1;1
626478;2021-07-31;21;M;3;0;B;33;35;4
626519;2021-07-31;788;F;4;2;B;27;28;6
626609;2021-07-31;926;M;1;0;B;30;33;5
626690;2021-07-31;222;F;4;0;B;48;58;5
626698;2021-07-31;773;M;4;0;B;33;38;5
626787;2021-07-31;807;M;1;3;B;27;27;4
626810;2021-07-31;456;M;1;4;B;64;74;6
626852;2021-07-31;258;F;1;0;B;57;63;6
626916;2021-07-31;815;F;2;4;B;40;45;6
626922;2021-07-31;380;M;3;4;B;31;34;5
626928;2021-07-31;826;F;2;0;C;32;34;6
626949;2021-07-31;852;M;2;3;B;62;70;6
627015;2021-07-31;334;M;3;0;C;21;22;4
627070;2021-07-31;880;M;3;2;B;54;57;5
627078;2021-07-31;153;M;4;1;B;76;89;6
627104;2021-07-31;484;M;3;2;C;13;14;4
627161;2021-07-31;32;F;1;0;B;36;45;4
627251;2021-07-31;336;F;1;0;C;54;62;7
627252;2021-07-31;375;M;4;0;B;22;23;5
627273;2021-07-08;112;M;4;0;B;37;38;4
627367;2021-07-08;9;F;2;0;B;16;16;5
627424;2021-07-08;427;M;3;0;B;30;32;7
627465;2021-07-08;452;M;1;3;B;17;17;6
627531;2021-07-08;529;M;1;2;B;57;64;6
627610;2021-07-08;596;M;2;0;B;72;82;6
627645;2021-07-08;332;F;3;4;C;18;18;5
627720;2021-07-08;135;M;3;0;B;57;62;6
627751;2021-07-08;349;M;3;0;B;34;34;5
627838;2021-07-08;597;M;3;0;C;19;19;6
627890;2021-07-08;218;M;4;0;B;2;2;2
627955;2021-07-08;474;M;2;0;B;43;46;5
627957;2021-07-08;678;F;3;0;C;14;14;5
628007;2021-07-08;509;F;2;3;C;21;23;4
628032;2021-07-08;822;M;2;3;B;62;70;6
628097;2021-07-08;993;M;5;1;B;59;70;5
628153;2021-07-08;647;M;1;0;C;51;56;6
628163;2021-07-08;548;F;4;0;C;54;62;5
628219;2021-07-08;213;M;2;4;B;69;86;6
628264;2021-07-08;495;F;2;3;A;42;46;7
628311;2021-07-08;345;F;2;3;B;12;12;4
628339;2021-07-08;688;M;1;1;A;69;81;6
628364;2021-07-08;70;F;4;0;B;11;12;4
628383;2021-07-08;981;F;4;1;C;44;47;6
628470;2021-07-08;743;M;1;3;C;32;32;5
628538;2021-07-08;798;M;5;2;B;9;9;4
628624;2021-07-08;590;M;4;3;B;32;37;5
628653;2021-07-08;617;F;4;3;C;70;88;6
628751;2021-07-08;565;F;1;2;B;4;4;3
628803;2021-07-08;919;F;2;0;C;18;18;4
628813;2021-07-08;250;F;4;1;B;56;60;6
628848;2021-07-08;909;M;3;0;B;8;8;3
628947;2021-07-08;568;F;4;1;A;64;72;6
629025;2021-07-08;234;M;3;4;B;42;48;7
629114;2021-07-08;73;M;1;0;A;7;7;2
629137;2021-07-08;804;F;4;3;B;66;77;6
629199;2021-07-08;804;F;4;3;B;22;24;5
629289;2021-07-08;762;F;2;0;B;61;69;6
629300;2021-07-08;492;F;2;1;C;9;9;4
629350;2021-07-08;70;F;4;0;B;67;78;7
629401;2021-07-08;506;F;4;3;B;8;9;2
629475;2021-07-08;173;F;1;0;B;58;68;6
629540;2021-07-08;586;F;4;2;B;51;55;5
629610;2021-07-08;834;M;3;3;B;27;28;5
629667;2021-07-08;607;F;2;0;B;52;59;6
629739;2021-07-08;623;F;3;0;C;48;56;5
629757;2021-07-08;961;F;1;0;C;64;71;7
629854;2021-07-08;56;F;2;3;B;50;59;6
629888;2021-07-08;801;M;1;4;B;62;72;5
629918;2021-07-08;179;F;2;0;B;38;42;6
629933;2021-07-08;875;F;1;0;B;41;50;5
629959;2021-12-08;650;F;2;0;C;27;28;5
629971;2021-12-08;714;M;1;0;B;18;18;4
629975;2021-12-08;999;M;2;2;C;31;34;6
630005;2021-12-08;680;F;3;0;C;35;37;6
630060;2021-12-08;772;F;2;0;B;6;6;3
630154;2021-12-08;992;F;2;0;B;12;12;4
630196;2021-12-08;258;F;1;0;B;61;72;6
630293;2021-12-08;313;M;3;0;B;5;5;1
630336;2021-12-08;891;F;3;2;B;71;86;6
630398;2021-12-08;458;F;3;4;C;45;47;5
630439;2021-12-08;39;M;2;0;C;11;11;4
630533;2021-12-08;634;F;2;0;C;49;51;6
630628;2021-12-08;608;F;3;0;C;74;88;7
630684;2021-12-08;329;F;3;0;B;25;25;4
630760;2021-12-08;597;M;3;0;C;53;60;5
630813;2021-12-08;3;F;4;0;B;63;78;7
630833;2021-12-08;65;M;4;0;B;69;80;5
630876;2021-12-08;244;M;4;0;B;45;50;5
630943;2021-12-08;468;M;3;1;C;53;63;7
630955;2021-12-08;516;M;1;0;C;5;5;4
630977;2021-12-08;794;M;1;2;B;65;84;6
631028;2021-12-08;851;F;2;0;B;45;50;5
631103;2021-12-08;638;M;3;1;B;67;73;6
631196;2021-12-08;118;M;2;4;A;6;6;2
631283;2021-12-08;969;M;1;3;B;20;22;5
631290;2021-12-08;159;M;1;0;C;20;21;4
631338;2021-12-08;488;M;3;2;B;9;9;3
631368;2021-12-08;13;M;2;1;B;24;27;5
631383;2021-12-08;660;F;3;0;C;13;13;5
631420;2021-12-08;709;F;3;0;B;65;76;6
631496;2021-12-08;867;M;2;3;B;41;42;4
631513;2021-12-08;255;M;4;0;B;17;17;4
631590;2021-12-08;988;F;2;0;C;50;54;6
631596;2021-12-08;646;F;1;0;B;57;70;6
631637;2021-12-08;715;F;3;4;B;13;13;4
631736;2021-12-08;975;F;3;0;B;23;24;6
631808;2021-12-08;336;F;1;0;C;63;76;6
631893;2021-12-08;655;M;2;0;B;49;54;5
631929;2021-12-08;738;M;1;0;C;22;22;3
631936;2021-12-08;629;M;3;0;C;41;41;4
631989;2021-12-08;7;M;1;3;B;53;65;6
632060;2021-12-08;614;F;4;1;B;55;64;5
632073;2021-12-08;858;F;4;2;C;31;34;5
632083;2021-12-08;690;F;1;3;B;28;28;6
632148;2021-12-08;239;M;4;2;C;42;49;5
632180;2021-12-08;724;M;1;0;B;67;85;7
632245;2021-12-08;500;M;3;2;C;54;67;5
632266;2021-12-08;735;F;4;0;B;59;68;6
632327;2021-12-08;805;F;3;0;C;45;48;5
632389;2021-12-08;334;M;3;0;C;1;1;1
632447;2021-12-08;53;M;1;1;B;27;27;5
632457;2021-12-08;248;M;3;0;C;34;36;6
632526;2021-12-08;510;F;4;0;B;23;26;5
632613;2021-12-08;141;M;3;4;B;22;23;6
632709;2021-12-08;463;M;3;3;B;12;12;3
632764;2021-12-08;177;F;3;2;C;32;36;5
632787;2021-12-08;260;F;2;0;C;36;38;5
632834;2021-12-08;854;F;5;1;C;6;6;3
632921;2021-12-08;713;F;1;3;C;2;2;2
633013;2021-12-08;598;F;4;0;B;75;84;7
633049;2021-12-08;449;F;2;3;B;65;84;6
633100;2021-12-08;577;M;4;0;C;11;12;3
633123;2021-12-08;13;M;2;1;B;12;13;5
633175;2021-12-08;999;M;2;2;C;44;51;5
633186;2021-12-08;566;F;4;0;B;27;28;4
633259;2021-12-08;978;F;3;0;C;72;88;6
633281;2021-12-08;631;M;1;4;C;43;47;5
633324;2021-12-08;638;M;3;1;B;52;58;5
633334;2021-12-08;98;M;1;0;B;13;14;5
633398;2021-12-08;73;M;1;0;A;2;2;1
633451;2021-12-08;499;M;3;0;B;56;63;7
633480;2021-12-08;160;F;3;4;B;39;46;6
633572;2021-08-15;753;F;1;3;C;54;65;5
633643;2021-08-15;462;F;4;0;A;70;84;6
633695;2021-08-15;743;M;1;3;C;26;27;4
633757;2021-08-15;343;F;1;0;B;15;16;4
633842;2021-08-15;310;M;4;3;C;11;11;3
633934;2021-08-15;146;F;2;0;B;30;31;5
634028;2021-08-15;937;M;3;4;C;42;47;5
634077;2021-08-15;824;F;1;0;B;32;35;5
634167;2021-08-15;936;F;3;2;B;37;37;6
634182;2021-08-15;480;F;2;0;C;31;36;4
634223;2021-08-15;881;F;5;1;C;74;87;6
634268;2021-08-15;999;M;2;2;C;4;4;4
634281;2021-08-15;659;F;2;2;B;1;1;1
634324;2021-08-15;913;M;3;4;C;6;6;4
634378;2021-08-15;178;M;3;0;A;30;33;4
634441;2021-08-15;890;M;3;0;C;47;47;5
634514;2021-08-15;632;F;4;3;A;65;74;7
634592;2021-08-15;688;M;1;1;A;73;88;6
634642;2021-08-15;765;F;5;1;B;53;58;6
634675;2021-08-15;187;M;2;1;B;43;47;6
634689;2021-08-15;49;M;2;0;C;18;18;6
634767;2021-08-15;36;F;3;0;C;52;58;6
634853;2021-08-15;31;F;1;0;C;69;83;7
634870;2021-08-15;855;M;4;1;C;53;57;6
634947;2021-08-15;962;M;3;4;B;26;27;5
635032;2021-08-15;689;M;2;0;C;10;10;3
635128;2021-08-15;221;F;1;0;B;10;10;4
635226;2021-08-15;587;M;1;0;B;10;10;5
635293;2021-08-15;11;F;4;0;A;10;11;4
635383;2021-08-15;356;M;2;4;A;21;24;4
635463;2021-08-15;798;M;5;2;B;68;80;5
635492;2021-08-15;620;M;2;0;B;50;59;6
635546;2021-08-15;657;M;2;3;B;42;46;5
635576;2021-08-15;706;F;2;0;A;6;6;2
635581;2021-08-15;616;F;1;2;C;28;28;4
635630;2021-08-15;245;F;4;3;B;55;57;6
635656;2021-08-20;439;F;3;0;B;15;15;4
635661;2021-08-20;88;F;1;0;B;47;55;6
635725;2021-08-20;655;M;2;0;B;38;41;4
635774;2021-08-20;922;M;1;0;B;68;85;7
635830;2021-08-20;130;F;1;0;B;47;50;6
635885;2021-08-20;764;F;3;1;B;43;46;6
635928;2021-08-20;736;M;1;0;C;40;45;6
636015;2021-08-20;664;M;3;1;B;68;81;6
636107;2021-08-20;153;M;4;1;B;58;72;7
636135;2021-08-20;589;F;3;2;C;75;89;6
636166;2021-08-20;623;F;3;0;C;26;28;6
636243;2021-08-20;834;M;3;3;B;29;35;5
636274;2021-08-20;560;M;2;0;B;53;57;5
636303;2021-08-20;682;F;2;2;B;66;77;5
636394;2021-08-20;902;F;2;1;B;64;74;6
636432;2021-08-20;169;F;1;1;B;61;66;5
636452;2021-08-20;34;M;2;0;C;50;55;6
636515;2021-08-20;319;M;1;4;B;53;61;6
636533;2021-08-20;301;F;3;0;C;66;80;6
636609;2021-08-20;15;M;2;1;C;63;75;6
636685;2021-08-20;277;F;1;3;B;49;58;5
636697;2021-08-20;122;M;3;3;B;32;34;5
636703;2021-08-20;574;F;2;2;B;61;77;5
636772;2021-08-20;993;M;5;1;B;50;54;6
636803;2021-08-20;87;M;3;2;A;50;61;6
636878;2021-08-25;931;M;2;0;A;31;31;4
636953;2021-08-25;718;F;3;2;B;15;16;5
636999;2021-08-25;148;M;3;4;A;67;75;6
637046;2021-08-25;145;M;3;0;B;7;7;5
637084;2021-08-25;967;F;1;0;B;12;12;5
637100;2021-08-25;600;M;2;4;C;68;81;7
637185;2021-08-25;691;M;4;0;B;24;24;4
637266;2021-08-25;219;M;2;0;B;6;6;4
637327;2021-08-25;823;M;5;3;B;73;86;6
637421;2021-08-25;730;F;2;0;B;32;36;6
637427;2021-08-25;514;M;4;0;C;65;69;6
637451;2021-08-25;59;M;2;0;A;30;33;5
637464;2021-08-25;623;F;3;0;C;26;27;6
637542;2021-08-25;665;M;1;4;B;75;89;6
637633;2021-08-25;226;F;4;0;B;19;20;3
637720;2021-08-25;934;F;2;2;B;12;12;5
637783;2021-08-25;474;M;2;0;B;45;51;6
637805;2021-08-25;116;M;4;0;B;71;81;6
637860;2021-08-25;993;M;5;1;B;61;77;6
637902;2021-08-25;665;M;1;4;B;4;4;3
637920;2021-08-25;914;M;2;4;B;45;46;6
638000;2021-08-25;892;F;4;2;B;54;58;5
638036;2021-08-25;643;F;4;0;C;62;74;6
638047;2021-08-25;220;M;1;0;B;52;57;5
638084;2021-08-25;754;F;3;4;B;63;73;6
638176;2021-08-25;821;F;2;3;B;11;13;5
638198;2021-08-25;303;M;3;4;B;54;58;5
638241;2021-08-25;546;F;4;0;B;36;38;6
638304;2021-08-25;192;F;4;0;B;72;85;6
638390;2021-08-25;702;M;1;0;B;25;26;5
638437;2021-08-25;766;F;1;0;B;13;14;4
638530;2021-08-25;297;M;4;0;B;72;86;6
638619;2021-08-25;164;M;2;3;A;4;4;2
638715;2021-08-25;397;F;1;0;B;8;9;3
638765;2021-08-25;442;F;3;2;B;61;69;5
638855;2021-08-25;234;M;3;4;B;64;76;6
638883;2021-08-25;985;M;1;0;B;61;71;6
638969;2021-08-25;738;M;1;0;C;13;13;5
639018;2021-08-25;971;F;1;2;A;9;10;4
639067;2021-08-25;996;F;1;4;B;33;37;6
639122;2021-08-25;438;F;1;0;B;54;63;5
639123;2021-08-25;150;M;1;4;B;37;41;7
639204;2021-08-25;325;M;1;3;B;70;81;7
639242;2021-08-25;65;M;4;0;B;50;54;5
639324;2021-08-25;425;F;3;0;B;29;30;4
639364;2021-08-25;813;F;4;0;C;45;49;5
639441;2021-08-25;19;F;2;2;C;18;19;4
639458;2021-08-25;758;F;3;0;B;47;55;7
639472;2021-08-25;773;M;4;0;B;33;33;5
639483;2021-08-25;818;F;2;0;B;51;55;7
639486;2021-08-25;125;M;3;0;B;13;14;5
639568;2021-08-25;254;F;5;2;B;55;59;6
639606;2021-08-25;791;F;1;0;B;62;72;4
639686;2021-08-25;419;F;2;1;B;3;3;1
639724;2021-08-25;573;F;1;0;C;23;23;5
639754;2021-08-25;54;M;1;0;A;59;68;7
639821;2021-08-25;43;M;2;0;B;27;28;5
639900;2021-08-25;257;M;1;4;C;38;42;5
639923;2021-08-25;696;M;2;0;B;13;13;6
639948;2021-08-25;54;M;1;0;A;58;72;6
639961;2021-08-25;612;F;3;4;B;72;75;5
640033;2021-08-25;929;M;4;0;B;38;40;6
640086;2021-08-25;166;F;1;0;B;69;74;7
640103;2021-08-25;960;F;4;2;B;57;67;5
640124;2021-08-25;294;F;4;0;C;60;69;6
640205;2021-08-25;522;M;1;2;A;34;36;5
640304;2021-08-25;931;M;2;0;A;48;56;5
640396;2021-08-25;585;F;2;4;B;13;13;4
640436;2021-08-25;457;M;3;0;C;51;58;6
640469;2021-08-25;883;M;1;0;B;37;40;5
640504;2021-08-25;865;F;1;0;B;17;17;5
640524;2021-08-25;113;F;3;0;B;28;29;6
640599;2021-08-25;193;F;4;0;B;65;76;6
640609;2021-08-25;26;F;4;1;A;7;7;4
640678;2021-08-25;658;F;1;1;B;4;4;1
640765;2021-08-25;556;F;4;0;B;42;50;5
640802;2021-08-25;521;F;1;0;A;39;42;6
640851;2021-08-25;384;F;3;2;C;13;13;5
640874;2021-08-25;879;M;2;2;C;43;52;6
640928;2021-08-25;589;F;3;2;C;63;74;6
640992;2021-08-25;967;F;1;0;B;41;47;7
641058;2021-08-25;439;F;3;0;B;53;63;6
641157;2021-08-28;517;F;3;1;B;1;1;1
641168;2021-08-28;753;F;1;3;C;24;24;5
641185;2021-08-28;149;M;1;3;A;37;41;5
641249;2021-08-28;885;F;3;1;A;40;43;6
641315;2021-08-28;282;M;2;0;B;27;27;5
641362;2021-08-28;952;F;3;4;C;35;38;5
641412;2021-08-28;92;M;4;1;B;36;41;7
641467;2021-08-28;406;M;2;4;C;66;81;6
641496;2021-08-28;583;F;2;0;B;37;38;5
641544;2021-08-28;735;F;4;0;B;22;23;4
641640;2021-08-28;447;M;2;0;B;57;60;6
641674;2021-08-28;578;M;4;0;B;12;12;4
641725;2021-08-28;306;F;3;0;B;4;4;3
641803;2021-08-28;926;M;1;0;B;35;36;7
641857;2021-08-28;81;F;2;0;B;38;43;6
641858;2021-08-28;409;F;3;4;B;57;62;6
641907;2021-08-28;460;F;1;3;B;16;17;5
641954;2021-08-28;668;M;1;0;A;31;33;5
641984;2021-08-28;754;F;3;4;B;51;60;5
642020;2021-08-28;978;F;3;0;C;48;55;6
642028;2021-08-28;696;M;2;0;B;68;83;5
642089;2021-08-28;573;F;1;0;C;60;67;6
642114;2021-08-28;374;F;3;0;B;10;10;4
642183;2021-08-28;57;M;2;0;B;35;38;5
642267;2021-08-28;453;F;1;0;B;16;16;5
642346;2021-08-28;507;F;3;2;B;44;51;6
642431;2021-08-28;199;M;3;3;B;22;25;5
642464;2021-08-28;872;M;3;4;A;56;66;5
642519;2021-08-28;403;M;3;2;B;15;15;5
642578;2021-08-28;266;F;3;3;B;26;29;5
642621;2021-08-28;442;F;3;2;B;53;61;6
642717;2021-08-28;990;F;1;4;B;47;50;5
642727;2021-08-28;963;M;3;0;B;3;3;2
642756;2021-08-28;581;F;4;2;C;73;84;6
642794;2021-08-28;723;M;4;0;B;10;10;3
642865;2021-08-28;69;M;4;3;A;36;42;5
642917;2021-08-28;169;F;1;1;B;19;20;5
642937;2021-08-28;982;M;4;3;B;62;72;7
642988;2021-08-28;370;M;1;4;B;58;67;6
643067;2021-08-28;970;M;2;4;B;41;44;6
643097;2021-08-28;210;M;2;2;C;42;49;5
643130;2021-08-28;385;F;2;0;B;40;41;5
643216;2021-08-28;145;M;3;0;B;62;74;6
643237;2021-08-28;34;M;2;0;C;10;12;3
643257;2021-08-28;405;F;4;0;B;7;7;4
643304;2021-08-28;383;M;1;3;C;34;36;6
643382;2021-08-28;717;F;3;0;B;65;76;7
643425;2021-08-28;931;M;2;0;A;60;73;6
643487;2021-08-28;717;F;3;0;B;12;13;5
643505;2021-08-28;530;F;1;0;A;21;24;5
643513;2021-08-28;355;M;3;4;B;21;23;3
643583;2021-08-28;782;M;3;3;B;20;20;5
643603;2021-08-28;129;M;2;0;A;20;22;4
643651;2021-08-28;140;F;1;0;C;1;1;1
643679;2021-08-28;111;M;2;4;C;23;23;5
643722;2021-08-28;916;F;3;4;C;22;22;4
643786;2021-08-28;367;F;1;0;A;60;71;6
643794;2021-08-28;228;F;4;0;C;27;27;6
643879;2021-08-28;648;M;1;0;B;53;60;6
643973;2021-08-28;737;F;2;1;C;51;55;6
644020;2021-08-28;968;F;1;0;B;50;55;6
644038;2021-08-28;295;F;1;3;B;39;42;6
644063;2021-08-28;485;M;3;3;B;9;9;5
644088;2021-08-28;231;F;4;2;B;34;35;5
644173;2021-08-28;903;M;1;0;B;25;25;4
644175;2021-08-28;375;M;4;0;B;55;65;7
644211;2021-08-28;911;F;2;0;B;52;60;5
644241;2021-08-28;73;M;1;0;A;4;4;3
644245;2021-08-28;458;F;3;4;C;56;62;7
644314;2021-08-28;530;F;1;0;A;26;27;4
644380;2021-08-28;661;M;3;0;B;17;17;5
644407;2021-08-28;804;F;4;3;B;7;7;3
644440;2021-08-28;817;M;3;0;B;46;53;6
644491;2021-08-28;135;M;3;0;B;43;50;6
644530;2021-08-28;500;M;3;2;C;64;75;6
644533;2021-08-28;513;F;4;3;B;73;89;7
644613;2021-08-28;290;F;1;0;B;1;1;1
644645;2021-08-28;43;M;2;0;B;13;13;4
644703;2021-08-28;629;M;3;0;C;22;24;5
644716;2021-08-28;753;F;1;3;C;55;64;5
644771;2021-08-28;916;F;3;4;C;48;57;5
644821;2021-08-28;540;F;2;0;C;12;12;3
644850;2021-08-28;682;F;2;2;B;1;1;1
644945;2021-08-28;814;M;4;0;B;39;45;6
644954;2021-08-28;890;M;3;0;C;63;74;6
645008;2021-08-28;707;M;4;0;B;59;67;5
645048;2021-08-28;983;F;4;0;C;59;70;6
645057;2021-08-28;412;M;2;0;B;39;41;5
645082;2021-08-28;705;M;1;0;B;3;3;2
645087;2021-08-28;918;F;2;4;C;31;33;5
645177;2021-08-28;69;M;4;3;A;1;1;1
645223;2021-08-28;72;F;2;0;A;19;20;5
645301;2021-08-28;575;M;1;4;B;34;37;5
645385;2021-08-29;365;M;4;0;A;64;74;6
645454;2021-08-29;385;F;2;0;B;57;60;4
645476;2021-08-29;903;M;1;0;B;69;82;6
645533;2021-08-29;111;M;2;4;C;53;58;6
645544;2021-08-29;844;F;5;1;A;31;32;6
645584;2021-08-29;345;F;2;3;B;65;73;7
645586;2021-08-29;213;M;2;4;B;62;70;6
645616;2021-08-29;171;F;3;1;B;14;14;5
645653;2021-08-29;859;M;1;0;B;66;76;5
645703;2021-08-29;918;F;2;4;C;67;79;5
645764;2021-08-29;588;F;1;4;C;72;85;6
645810;2021-08-29;266;F;3;3;B;61;72;7
645830;2021-08-29;299;F;3;1;C;72;86;6
645854;2021-08-29;498;M;3;2;B;49;57;6
645926;2021-08-29;74;M;3;0;C;41;48;5
645941;2021-08-29;848;F;5;3;A;52;61;5
645971;2021-08-29;650;F;2;0;C;45;46;6
646004;2021-08-29;807;M;1;3;B;70;85;6
646077;2021-08-29;267;F;4;2;B;3;3;2
646098;2021-08-29;885;F;3;1;A;39;44;5
646170;2021-08-29;48;M;4;1;B;50;57;6
646182;2021-08-29;609;F;4;0;C;41;45;6
646222;2021-08-29;773;M;4;0;B;72;83;6
646228;2021-08-29;887;F;3;0;B;21;21;6
646326;2021-08-29;419;F;2;1;B;15;16;3
646403;2021-08-29;470;M;3;1;B;49;55;7
646420;2021-08-29;444;F;2;0;B;66;78;6
646498;2021-08-29;625;F;4;0;C;13;13;3
646504;2021-08-29;308;M;4;0;B;48;55;6
646557;2021-08-29;491;M;2;1;A;32;34;5
646654;2021-08-29;417;M;4;1;B;55;66;6
646733;2021-08-29;460;F;1;3;B;22;23;5
646771;2021-08-29;846;F;4;3;C;71;79;6
646868;2021-08-29;753;F;1;3;C;54;62;6
646928;2021-08-29;92;M;4;1;B;13;13;4
646987;2021-08-29;15;M;2;1;C;52;61;6
647081;2021-08-29;174;M;4;3;C;48;52;6
647165;2021-08-29;956;M;5;1;C;13;13;3
647219;2021-08-29;893;F;1;0;B;24;24;7
647293;2021-08-29;706;F;2;0;A;30;33;5
647384;2021-08-29;191;M;3;0;B;14;14;3
647462;2021-08-29;977;M;1;0;C;46;52;6
647554;2021-08-29;82;F;1;1;C;17;19;4
647578;2021-08-29;572;M;1;0;C;65;74;6
647636;2021-08-29;452;M;1;3;B;48;59;6
647733;2021-08-29;534;M;4;1;C;1;1;1
647806;2021-08-29;196;M;2;0;B;36;41;5
647855;2021-08-29;269;F;3;3;B;74;83;7
647944;2021-08-29;447;M;2;0;B;6;6;3
648017;2021-08-29;558;F;5;2;C;8;8;3
648081;2021-08-29;925;M;2;0;C;60;67;6
648180;2021-08-29;553;F;4;0;B;52;60;6
648228;2021-08-29;753;F;1;3;C;12;12;5
648317;2021-08-29;210;M;2;2;C;74;89;5
648378;2021-08-30;957;M;2;3;B;5;5;2
648436;2021-08-30;674;M;4;1;B;73;83;5
648445;2021-08-30;649;F;3;0;B;34;38;6
648453;2021-08-30;111;M;2;4;C;66;81;5
648487;2021-08-30;339;F;4;0;C;38;40;6
648532;2021-08-30;824;F;1;0;B;49;54;6
648610;2021-08-30;737;F;2;1;C;28;28;4
648645;2021-08-30;874;F;3;3;B;52;63;5
648656;2021-08-30;754;F;3;4;B;19;20;4
648683;2021-08-30;784;F;1;3;B;11;11;3
648769;2021-08-30;362;F;3;0;B;20;20;4
648786;2021-08-30;846;F;4;3;C;64;78;6
648877;2021-08-30;52;F;1;0;A;11;11;5
648963;2021-08-30;600;M;2;4;C;12;12;4
648981;2021-08-30;243;F;1;4;C;65;71;7
649023;2021-08-30;311;F;4;0;C;29;31;7
649051;2021-08-30;670;M;4;0;C;4;4;3
649071;2021-08-30;209;F;4;0;B;47;50;6
649126;2021-08-30;531;F;3;1;B;15;16;5
649182;2021-08-30;304;F;2;3;B;26;26;5
649266;2021-08-30;296;F;1;3;B;76;85;6
649289;2021-08-30;399;F;4;1;C;31;34;6
649328;2021-08-30;309;M;1;0;B;34;38;5
649354;2021-08-30;805;F;3;0;C;7;7;3
649395;2021-08-30;177;F;3;2;C;45;49;6
649399;2021-08-30;605;M;4;2;B;49;55;6
649441;2021-08-30;697;M;3;0;C;61;71;6
649500;2021-08-30;208;M;3;0;B;19;21;6
649536;2021-08-30;146;F;2;0;B;16;19;4
649540;2021-01-09;621;F;4;0;B;8;8;2
649541;2021-01-09;407;F;3;3;A;52;57;5
649567;2021-01-09;51;F;3;0;B;25;27;4
649632;2021-01-09;947;F;3;1;B;19;20;5
649729;2021-01-09;876;F;2;3;B;48;50;6
649794;2021-01-09;1;M;1;0;C;48;55;6
649887;2021-01-09;723;M;4;0;B;31;35;5
649973;2021-01-09;878;F;4;3;C;38;40;5
649978;2021-01-09;38;M;3;0;B;73;81;7
649996;2021-01-09;311;F;4;0;C;34;36;4
650078;2021-01-09;940;F;1;3;B;64;71;5
650159;2021-01-09;928;F;5;1;B;52;59;6
650236;2021-01-09;386;M;4;2;A;9;10;4
650281;2021-01-09;901;F;4;1;B;8;8;3
650372;2021-01-09;31;F;1;0;C;34;40;5
650403;2021-01-09;449;F;2;3;B;70;85;6
650412;2021-01-09;264;F;4;1;B;48;56;7
650420;2021-01-09;887;F;3;0;B;60;67;5
650423;2021-01-09;253;F;4;1;B;34;36;6
650511;2021-01-09;609;F;4;0;C;61;71;6
650571;2021-01-09;743;M;1;3;C;52;66;6
650664;2021-01-09;787;F;3;0;A;31;35;5
650702;2021-01-09;224;M;4;0;B;10;10;4
650794;2021-01-09;269;F;3;3;B;15;15;5
650861;2021-01-09;573;F;1;0;C;18;20;2
650940;2021-01-09;621;F;4;0;B;31;36;5
650952;2021-01-09;669;F;4;0;B;4;4;3
650999;2021-01-09;212;F;2;1;B;51;59;6
651034;2021-01-09;196;M;2;0;B;57;63;7
651105;2021-01-09;398;F;4;1;B;29;33;6
651185;2021-05-09;368;M;4;0;C;71;88;6
651223;2021-05-09;664;M;3;1;B;12;13;3
651305;2021-05-09;773;M;4;0;B;42;45;5
651348;2021-05-09;163;F;3;0;A;59;68;5
651441;2021-05-09;544;F;2;0;B;72;84;7
651536;2021-05-09;298;F;4;0;C;40;47;5
651629;2021-05-09;971;F;1;2;A;31;32;6
651691;2021-05-09;486;M;4;0;B;69;80;5
651766;2021-05-09;999;M;2;2;C;58;62;6
651811;2021-05-09;930;F;4;1;B;4;4;3
651835;2021-05-09;297;M;4;0;B;2;2;1
651857;2021-05-09;2;M;3;0;B;36;40;3
651913;2021-05-09;921;M;2;3;B;29;30;6
651987;2021-05-09;961;F;1;0;C;53;59;4
652044;2021-05-09;534;M;4;1;C;51;59;4
652131;2021-05-09;67;M;1;0;B;46;57;6
652217;2021-05-09;797;M;2;4;B;5;5;3
652308;2021-05-09;327;M;4;2;A;73;84;5
652327;2021-05-09;421;M;3;3;C;22;23;5
652381;2021-05-09;65;M;4;0;B;28;31;6
652405;2021-05-09;270;F;3;1;B;37;41;4
652468;2021-05-09;107;F;2;0;C;48;56;6
652552;2021-05-09;150;M;1;4;B;21;21;5
652618;2021-05-09;833;F;1;4;B;23;27;4
652678;2021-05-09;468;M;3;1;C;69;81;6
652741;2021-05-09;920;F;5;3;B;16;17;4
652835;2021-05-09;342;M;3;0;B;7;7;3
652861;2021-05-09;398;F;4;1;B;41;50;6
652932;2021-05-09;182;F;1;4;B;73;86;5
653022;2021-05-09;387;M;2;2;B;50;60;5
653095;2021-05-09;179;F;2;0;B;21;25;4
653161;2021-05-09;76;M;3;0;A;25;27;3
653192;2021-05-09;725;M;4;0;C;73;87;6
653273;2021-05-09;308;M;4;0;B;1;1;1
653305;2021-05-09;453;F;1;0;B;60;79;7
653380;2021-05-09;855;M;4;1;C;12;13;4
653463;2021-05-09;914;M;2;4;B;11;11;2
653506;2021-05-09;860;M;1;0;B;39;42;5
653541;2021-05-09;66;M;3;3;B;69;78;5
653579;2021-05-09;140;F;1;0;C;48;50;6
653639;2021-05-09;765;F;5;1;B;54;67;6
653661;2021-05-09;820;M;1;4;B;24;25;5
653705;2021-05-09;362;F;3;0;B;57;67;7
653712;2021-05-09;572;M;1;0;C;21;21;4
653766;2021-05-09;657;M;2;3;B;70;82;5
653782;2021-05-09;775;F;2;3;B;68;75;6
653864;2021-05-09;633;F;3;0;C;11;11;6
653912;2021-05-09;505;F;1;0;C;27;28;3
653980;2021-05-09;925;M;2;0;C;7;7;3
654051;2021-05-09;493;M;2;4;B;75;87;6
654098;2021-05-09;803;F;2;0;A;77;84;6
654130;2021-05-09;243;F;1;4;C;41;46;6
654172;2021-05-09;445;M;2;0;B;5;5;2
654176;2021-05-09;869;F;3;0;B;36;39;6
654184;2021-05-09;919;F;2;0;C;35;38;6
654189;2021-05-09;379;F;4;0;C;67;76;7
654198;2021-05-09;203;F;3;0;A;11;11;3
654291;2021-05-09;657;M;2;3;B;50;56;6
654385;2021-05-09;368;M;4;0;C;33;36;6
654438;2021-05-09;161;M;5;2;B;34;39;5
654519;2021-05-09;695;M;2;0;A;21;21;5
654520;2021-05-09;423;F;5;2;A;57;62;5
654546;2021-05-09;343;F;1;0;B;63;73;7
654574;2021-05-09;325;M;1;3;B;44;48;6
654659;2021-05-09;712;F;2;3;B;26;28;4
654667;2021-05-09;137;F;4;1;B;4;4;3
654675;2021-05-09;322;M;2;0;B;3;3;2
654686;2021-05-09;371;F;4;0;B;59;72;6
654771;2021-05-09;527;F;4;1;B;19;21;5
654869;2021-05-09;814;M;4;0;B;70;78;6
654909;2021-05-09;596;M;2;0;B;8;8;5
655007;2021-05-09;623;F;3;0;C;61;65;7
655083;2021-05-09;782;M;3;3;B;79;89;7
655115;2021-05-09;420;M;3;0;B;71;87;7
655132;2021-05-09;445;M;2;0;B;25;26;6
655226;2021-05-09;213;M;2;4;B;53;58;6
655305;2021-05-09;223;F;3;0;B;11;11;4
655397;2021-05-09;354;F;2;0;B;42;46;5
655434;2021-05-09;38;M;3;0;B;47;55;6
655466;2021-05-09;249;F;4;0;B;34;37;6
655500;2021-05-09;677;M;4;0;B;12;12;5
655574;2021-05-09;8;F;3;0;B;67;77;6
655598;2021-05-09;411;F;2;0;B;2;2;2
655688;2021-05-09;648;M;1;0;B;41;43;6
655735;2021-05-09;521;F;1;0;A;4;4;3
655740;2021-05-09;638;M;3;1;B;41;45;5
655757;2021-05-09;950;M;3;0;C;40;46;6
655817;2021-05-09;58;M;2;2;B;8;8;3
655866;2021-05-09;238;M;2;1;B;45;51;6
655944;2021-05-09;241;M;4;1;B;61;78;6
655984;2021-05-09;602;M;3;0;B;54;69;6
655997;2021-05-09;769;F;3;3;C;60;66;6
656077;2021-05-09;554;F;3;0;A;10;11;2
656117;2021-06-09;999;M;2;2;C;44;48;5
656152;2021-06-09;150;M;1;4;B;66;88;6
656158;2021-06-09;123;F;3;2;B;62;74;6
656165;2021-06-09;137;F;4;1;B;8;9;4
656192;2021-06-09;445;M;2;0;B;16;17;4
656282;2021-06-09;70;F;4;0;B;66;81;5
656303;2021-06-09;542;M;3;1;B;54;60;5
656306;2021-06-09;218;M;4;0;B;43;44;6
656368;2021-06-09;493;M;2;4;B;11;11;5
656374;2021-06-09;483;M;1;0;C;10;10;3
656451;2021-06-09;391;F;2;0;A;68;78;6
656533;2021-06-09;508;F;3;0;B;68;85;5
656573;2021-06-09;767;F;1;0;B;47;59;6
656647;2021-06-09;30;M;4;0;B;69;84;7
656732;2021-06-09;935;F;2;0;B;25;25;5
656821;2021-06-09;485;M;3;3;B;31;32;5
656905;2021-06-09;463;M;3;3;B;58;66;6
656983;2021-06-09;507;F;3;2;B;56;67;7
657020;2021-06-09;317;M;3;0;B;38;40;5
657067;2021-06-09;579;F;3;0;B;60;74;7
657148;2021-06-09;871;F;1;3;C;51;56;5
657203;2021-06-09;70;F;4;0;B;52;61;5
657299;2021-06-09;864;F;1;3;B;13;13;4
657395;2021-06-09;531;F;3;1;B;12;12;4
657428;2021-06-09;889;F;3;4;B;72;89;6
657454;2021-06-09;602;M;3;0;B;14;15;6
657459;2021-06-09;1;M;1;0;C;22;24;3
657555;2021-06-09;76;M;3;0;A;34;36;5
657585;2021-06-09;758;F;3;0;B;5;5;3
657590;2021-06-09;17;M;4;0;B;28;29;5
657593;2021-06-09;31;F;1;0;C;33;34;6
657596;2021-06-09;250;F;4;1;B;7;7;1
657678;2021-06-09;254;F;5;2;B;35;37;6
657763;2021-06-09;128;F;2;0;B;35;37;5
657846;2021-06-09;793;M;1;3;B;11;11;2
657899;2021-06-09;976;M;4;2;B;52;61;6
657926;2021-06-09;853;M;5;2;A;58;63;7
658008;2021-06-09;962;M;3;4;B;18;19;5
658073;2021-06-09;305;F;4;0;B;3;4;2
658116;2021-06-09;341;M;2;0;C;47;62;5
658184;2021-06-09;290;F;1;0;B;34;38;6
658277;2021-06-09;635;F;4;0;B;45;46;6
658280;2021-06-09;102;F;1;2;C;3;3;2
658354;2021-06-09;882;F;4;1;B;21;23;4
658361;2021-06-09;810;M;1;0;B;36;39;5
658425;2021-06-09;345;F;2;3;B;54;63;5
658480;2021-06-09;149;M;1;3;A;60;67;6
658498;2021-06-09;114;F;3;3;B;58;67;7
658505;2021-06-09;779;M;3;4;A;9;10;4
658557;2021-06-09;966;F;4;2;B;10;10;4
658568;2021-06-09;149;M;1;3;A;15;15;4
658653;2021-06-09;504;M;3;0;B;38;41;4
658674;2021-06-09;101;F;1;0;C;33;34;5
658689;2021-06-09;326;F;1;0;B;22;23;5
658761;2021-06-09;270;F;3;1;B;45;51;6
658798;2021-06-09;814;M;4;0;B;29;36;5
658802;2021-06-09;209;F;4;0;B;9;9;2
658818;2021-06-09;597;M;3;0;C;35;38;4
658905;2021-06-09;564;M;3;2;B;8;8;3
658939;2021-06-09;862;M;4;0;B;32;35;6
659021;2021-06-09;983;F;4;0;C;53;59;6
659048;2021-06-09;165;F;4;0;C;42;47;5
659084;2021-06-09;688;M;1;1;A;51;56;6
659120;2021-06-09;740;F;1;4;C;33;34;6
659210;2021-06-09;260;F;2;0;C;26;27;5
659220;2021-06-09;849;F;5;1;B;70;84;6
659319;2021-06-09;176;F;2;0;B;15;15;4
659335;2021-06-09;570;F;4;1;C;1;1;1
659374;2021-06-09;319;M;1;4;B;52;57;7
659465;2021-06-09;245;F;4;3;B;15;15;4
659534;2021-06-09;645;F;4;0;B;29;30;5
659615;2021-06-09;610;M;2;0;B;51;57;5
659701;2021-06-09;403;M;3;2;B;18;18;6
659717;2021-06-09;787;F;3;0;A;65;84;6
659735;2021-06-09;18;M;4;0;C;33;36;5
659804;2021-06-09;656;M;2;0;C;28;29;7
659846;2021-06-09;561;M;2;0;B;22;25;5
659933;2021-06-09;159;M;1;0;C;36;38;5
659960;2021-06-09;246;M;2;2;B;1;1;1
660024;2021-06-09;695;M;2;0;A;17;18;5
660047;2021-06-09;948;M;4;0;C;10;10;5
660117;2021-09-13;28;F;1;2;B;60;72;7
660134;2021-09-13;360;M;4;0;B;28;28;6
660213;2021-09-13;167;M;1;1;A;68;81;6
660281;2021-09-13;89;F;3;3;C;44;53;5
660297;2021-09-13;756;F;1;4;B;68;77;7
660363;2021-09-13;931;M;2;0;A;20;20;4
660452;2021-09-13;871;F;1;3;C;28;28;6
660504;2021-09-13;764;F;3;1;B;65;74;5
660530;2021-09-13;779;M;3;4;A;31;32;6
660583;2021-09-13;893;F;1;0;B;1;1;1
660606;2021-09-13;399;F;4;1;C;76;86;6
660681;2021-09-13;918;F;2;4;C;4;4;3
660729;2021-09-13;47;F;4;0;B;62;72;4
660737;2021-09-13;114;F;3;3;B;43;50;7
660772;2021-09-13;458;F;3;4;C;39;41;7
660816;2021-09-13;270;F;3;1;B;48;52;5
660825;2021-09-13;563;M;3;0;B;28;30;5
660867;2021-09-13;928;F;5;1;B;23;26;4
660951;2021-09-13;276;F;3;0;B;48;52;7
661003;2021-09-13;711;M;4;2;B;63;81;6
661066;2021-09-13;528;M;2;2;C;28;29;4
661101;2021-09-13;91;M;3;0;B;38;40;6
661146;2021-09-13;88;F;1;0;B;12;12;4
661151;2021-09-13;657;M;2;3;B;32;34;6
661168;2021-09-13;197;F;2;0;B;20;21;5
661197;2021-09-13;432;F;1;0;C;24;27;4
661241;2021-09-13;193;F;4;0;B;56;64;6
661269;2021-09-13;260;F;2;0;C;47;51;6
661277;2021-09-13;271;F;4;0;B;58;62;6
661345;2021-09-13;323;M;1;3;B;71;82;5
661416;2021-09-13;894;F;4;3;C;48;55;5
661496;2021-09-13;163;F;3;0;A;62;72;7
661575;2021-09-13;82;F;1;1;C;35;39;6
661657;2021-09-13;130;F;1;0;B;4;4;1
661685;2021-09-18;992;F;2;0;B;35;37;6
661739;2021-09-18;226;F;4;0;B;14;15;4
661818;2021-09-18;321;M;2;0;B;41;42;5
661872;2021-09-18;917;M;1;0;A;64;78;6
661878;2021-09-18;320;M;3;4;B;76;86;7
661964;2021-09-18;715;F;3;4;B;20;20;5
662038;2021-09-18;710;F;3;1;C;39;43;4
662121;2021-09-18;548;F;4;0;C;40;41;6
662164;2021-09-18;677;M;4;0;B;4;4;1
662221;2021-09-18;303;M;3;4;B;68;77;6
662317;2021-09-18;657;M;2;3;B;22;22;3
662385;2021-09-18;121;F;1;2;B;15;15;4
662400;2021-09-18;703;M;1;3;B;49;55;6
662496;2021-09-18;707;M;4;0;B;69;76;7
662540;2021-09-18;685;F;4;0;B;73;89;7
662586;2021-09-18;65;M;4;0;B;24;27;6
662669;2021-09-18;203;F;3;0;A;39;42;6
662699;2021-09-18;744;M;4;0;A;73;85;5
662767;2021-09-18;494;F;5;1;C;44;49;6
662862;2021-09-18;813;F;4;0;C;35;40;6
662890;2021-09-18;108;M;1;0;B;29;30;5
662970;2021-09-18;785;M;1;4;C;54;61;6
663017;2021-09-18;621;F;4;0;B;55;60;6
663050;2021-09-18;872;M;3;4;A;21;23;5
663064;2021-09-18;917;M;1;0;A;64;75;6
663141;2021-09-18;395;F;4;1;B;54;60;5
663187;2021-09-18;453;F;1;0;B;17;17;4
663277;2021-09-18;407;F;3;3;A;53;61;7
663309;2021-09-18;542;M;3;1;B;16;17;3
663334;2021-09-18;612;F;3;4;B;49;56;5
663397;2021-09-18;255;M;4;0;B;27;30;6
663406;2021-09-18;8;F;3;0;B;35;37;5
663491;2021-09-18;612;F;3;4;B;35;38;6
663505;2021-09-18;144;M;1;0;B;12;13;4
663567;2021-09-18;442;F;3;2;B;70;87;6
663625;2021-09-18;311;F;4;0;C;18;18;4
663629;2021-09-18;180;M;3;4;B;66;73;5
663684;2021-09-18;927;M;1;1;C;41;45;5
663759;2021-09-18;630;M;1;2;C;39;39;4
663797;2021-09-18;171;F;3;1;B;18;18;4
663820;2021-09-18;701;M;3;0;B;9;9;4
663894;2021-09-18;868;M;4;0;B;19;20;4
663963;2021-09-18;347;F;4;0;B;64;75;6
663989;2021-09-18;618;M;4;3;B;2;2;2
664025;2021-09-18;628;M;3;0;B;14;15;4
664105;2021-09-18;583;F;2;0;B;9;9;4
664160;2021-09-18;680;F;3;0;C;48;51;6
664213;2021-09-18;124;F;4;2;B;76;87;6
664262;2021-09-18;922;M;1;0;B;50;57;5
664284;2021-09-18;199;M;3;3;B;12;12;4
664338;2021-09-18;691;M;4;0;B;67;75;5
664399;2021-09-18;436;M;2;4;B;52;58;5
664479;2021-09-18;504;M;3;0;B;17;18;5
664557;2021-09-18;576;M;3;0;B;31;32;4
664565;2021-09-18;567;F;1;0;C;61;75;6
664636;2021-09-25;790;F;3;0;B;33;35;6
664682;2021-09-25;127;F;4;2;C;73;86;7
664706;2021-09-25;107;F;2;0;C;20;24;6
664770;2021-09-25;601;M;4;0;A;56;59;6
664869;2021-09-25;890;M;3;0;C;10;10;3
664901;2021-09-25;988;F;2;0;C;53;54;6
664929;2021-09-25;634;F;2;0;C;3;3;1
664965;2021-09-25;79;F;2;0;C;39;42;6
664990;2021-09-25;644;M;1;0;C;6;6;3
665076;2021-09-25;209;F;4;0;B;3;5;3
665100;2021-09-25;832;F;1;0;B;34;36;4
665164;2021-09-25;235;F;4;0;B;36;40;6
665209;2021-09-25;253;F;4;1;B;47;53;6
665217;2021-09-25;324;F;3;3;B;8;8;5
665263;2021-09-25;563;M;3;0;B;71;85;6
665310;2021-09-25;747;M;1;0;B;28;31;4
665353;2021-09-25;267;F;4;2;B;50;58;7
665362;2021-09-25;392;M;2;2;C;15;15;4
665437;2021-09-25;219;M;2;0;B;71;79;7
665464;2021-09-25;96;F;1;1;C;44;53;6
665562;2021-09-25;709;F;3;0;B;65;82;5
665603;2021-09-25;714;M;1;0;B;5;5;1
665698;2021-09-25;449;F;2;3;B;23;24;4
665792;2021-09-25;210;M;2;2;C;62;75;6
665865;2021-09-25;829;F;3;4;B;31;38;5
665951;2021-09-25;185;F;3;0;C;63;71;6
666020;2021-09-25;493;M;2;4;B;9;9;4
666054;2021-09-25;84;F;3;0;C;37;41;5
666078;2021-09-25;807;M;1;3;B;62;72;6
666109;2021-09-25;423;F;5;2;A;44;45;6
666112;2021-09-25;460;F;1;3;B;66;77;6
666167;2021-09-25;77;F;4;1;B;34;35;5
666233;2021-09-25;90;F;2;2;B;18;19;4
666300;2021-09-25;60;F;2;3;B;16;18;5
666367;2021-09-25;44;F;4;0;C;19;19;5
666458;2021-09-25;626;M;3;1;C;65;80;6
666531;2021-09-25;654;M;1;1;B;38;43;5
666583;2021-09-25;858;F;4;2;C;40;48;5
666614;2021-09-25;945;F;2;3;B;55;61;6
666684;2021-09-25;981;F;4;1;C;74;85;6
666702;2021-09-25;201;M;3;0;B;62;71;5
666720;2021-09-25;383;M;1;3;C;29;32;6
666806;2021-09-25;644;M;1;0;C;17;17;5
666850;2021-09-25;568;F;4;1;A;51;60;6
666866;2021-09-25;38;M;3;0;B;4;4;2
666869;2021-09-25;435;F;2;0;C;7;8;4
666909;2021-09-25;127;F;4;2;C;35;36;4
666963;2021-09-25;303;M;3;4;B;67;82;6
667049;2021-09-25;134;F;3;0;B;73;83;5
667074;2021-09-25;37;M;3;0;B;33;37;5
667170;2021-09-25;425;F;3;0;B;12;13;4
667193;2021-09-25;108;M;1;0;B;55;60;6
667223;2021-09-25;743;M;1;3;C;8;8;4
667317;2021-09-25;535;M;4;0;A;28;30;5
667354;2021-09-25;11;F;4;0;A;50;54;7
667450;2021-09-25;675;M;4;0;B;69;81;6
667535;2021-09-25;936;F;3;2;B;47;50;6
667612;2021-09-25;561;M;2;0;B;21;21;3
667633;2021-09-28;184;M;1;3;B;10;10;4
667722;2021-09-28;895;M;3;0;B;20;21;5
667753;2021-09-28;527;F;4;1;B;17;17;4
667838;2021-09-28;359;F;1;0;B;45;51;7
667877;2021-09-28;532;F;2;3;B;7;7;3
667970;2021-09-28;636;M;2;2;B;16;16;4
668052;2021-09-28;603;M;3;0;B;35;39;5
668071;2021-09-28;472;M;2;1;C;7;8;5
668156;2021-09-28;37;M;3;0;B;1;1;1
668187;2021-09-28;664;M;3;1;B;29;31;5
668220;2021-09-28;382;F;3;0;C;1;1;1
668312;2021-09-28;644;M;1;0;C;27;31;4
668387;2021-09-28;642;M;2;3;B;1;1;1
668389;2021-09-28;18;M;4;0;C;55;61;7
668481;2021-09-28;181;F;2;2;B;40;46;4
668538;2021-09-28;618;M;4;3;B;42;46;5
668567;2021-09-28;761;F;1;4;B;63;77;6
668603;2021-09-28;894;F;4;3;C;34;38;5
668692;2021-09-28;223;F;3;0;B;9;10;4
668757;2021-09-28;114;F;3;3;B;62;74;7
668773;2021-09-28;514;M;4;0;C;6;6;3
668868;2021-09-28;348;F;3;0;A;5;5;3
668914;2021-09-28;605;M;4;2;B;42;46;5
668924;2021-09-28;550;M;4;0;B;75;89;5
669019;2021-09-28;802;M;1;1;B;44;48;6
669082;2021-09-28;409;F;3;4;B;8;8;2
669088;2021-09-28;14;M;1;3;B;54;63;6
669156;2021-09-28;825;M;1;2;C;69;79;6
669217;2021-09-28;860;M;1;0;B;67;80;5
669250;2021-09-28;275;M;4;0;B;63;69;7
669316;2021-09-28;597;M;3;0;C;32;34;6
669368;2021-09-28;535;M;4;0;A;55;64;5
669464;2021-09-28;893;F;1;0;B;30;32;7
669514;2021-09-28;661;M;3;0;B;75;87;6
669598;2021-05-10;696;M;2;0;B;58;66;5
669621;2021-05-10;92;M;4;1;B;1;1;1
669665;2021-05-10;159;M;1;0;C;72;87;6
669699;2021-05-10;146;F;2;0;B;49;55;5
669731;2021-05-10;666;F;2;2;B;25;27;4
669773;2021-05-10;818;F;2;0;B;24;26;6
669784;2021-05-10;330;F;1;0;B;58;66;6
669790;2021-05-10;352;M;4;2;B;42;45;5
669879;2021-05-10;90;F;2;2;B;40;48;5
669887;2021-05-10;677;M;4;0;B;35;39;6
669913;2021-05-10;479;F;1;0;B;12;12;2
669962;2021-05-10;254;F;5;2;B;71;82;5
669975;2021-05-10;572;M;1;0;C;2;2;2
669986;2021-05-10;678;F;3;0;C;39;44;5
670027;2021-05-10;90;F;2;2;B;48;52;6
670039;2021-05-10;573;F;1;0;C;34;37;6
670040;2021-05-10;662;F;1;1;B;29;34;6
670082;2021-05-10;312;M;1;0;A;33;37;4
670096;2021-05-10;251;F;2;0;C;63;79;5
670117;2021-05-10;425;F;3;0;B;64;74;6
670191;2021-05-10;411;F;2;0;B;71;88;7
670237;2021-05-10;247;M;1;0;B;10;10;3
670291;2021-05-10;113;F;3;0;B;9;9;3
670306;2021-05-10;213;M;2;4;B;64;70;7
670359;2021-05-10;991;F;2;2;C;48;56;6
670424;2021-05-10;314;F;1;1;A;69;82;6
670471;2021-05-10;353;M;1;2;B;76;89;4
670529;2021-05-10;204;F;3;3;B;50;53;6
670546;2021-05-10;950;M;3;0;C;35;37;4
670586;2021-05-10;890;M;3;0;C;12;13;3
670598;2021-05-10;769;F;3;3;C;33;37;6
670661;2021-05-10;723;M;4;0;B;41;46;5
670754;2021-05-10;683;F;3;0;B;61;67;6
670851;2021-05-10;922;M;1;0;B;30;33;5
670928;2021-05-10;959;M;5;1;B;13;13;4
671002;2021-05-10;995;M;3;1;B;18;19;4
671022;2021-05-10;674;M;4;1;B;34;37;6
671070;2021-05-10;698;F;2;0;B;24;24;3
671117;2021-05-10;6;F;2;0;B;46;51;6
671195;2021-05-10;722;F;4;0;B;29;33;6
671263;2021-05-10;443;F;4;0;C;14;17;5
671279;2021-05-10;135;M;3;0;B;1;1;1
671374;2021-09-10;739;F;2;3;B;34;38;3
671391;2021-09-10;670;M;4;0;C;55;66;7
671450;2021-09-10;630;M;1;2;C;27;29;4
671538;2021-09-10;984;F;4;3;B;45;50;4
671578;2021-09-10;917;M;1;0;A;66;74;7
671612;2021-09-10;124;F;4;2;B;24;28;4
671672;2021-09-10;902;F;2;1;B;63;72;6
671752;2021-09-10;153;M;4;1;B;7;7;4
671850;2021-09-10;802;M;1;1;B;48;54;6
671868;2021-09-10;555;M;4;3;A;47;51;5
671885;2021-09-10;68;F;2;1;A;73;86;5
671949;2021-09-10;107;F;2;0;C;37;40;6
672024;2021-09-10;922;M;1;0;B;68;77;6
672115;2021-09-10;268;M;4;0;B;24;24;6
672144;2021-09-10;881;F;5;1;C;69;73;7
672182;2021-09-10;218;M;4;0;B;54;64;6
672183;2021-09-10;921;M;2;3;B;15;15;4
672259;2021-09-10;891;F;3;2;B;47;57;6
672332;2021-09-10;187;M;2;1;B;69;80;7
672428;2021-09-10;251;F;2;0;C;43;49;6
672477;2021-09-10;91;M;3;0;B;76;89;6
672479;2021-09-10;687;M;2;3;C;34;37;7
672575;2021-09-10;552;M;4;0;B;15;15;3
672612;2021-09-10;39;M;2;0;C;26;27;6
672684;2021-09-10;624;M;4;0;B;69;83;7
672760;2021-09-10;905;M;1;0;B;57;69;5
672833;2021-09-10;930;F;4;1;B;38;40;5
672834;2021-09-10;992;F;2;0;B;70;83;6
672886;2021-09-10;882;F;4;1;B;21;23;6
672906;2021-09-10;678;F;3;0;C;2;2;1
672940;2021-09-10;532;F;2;3;B;23;26;4
673030;2021-09-10;103;M;3;4;B;19;20;3
673111;2021-09-10;858;F;4;2;C;28;31;4
673156;2021-09-10;646;F;1;0;B;40;48;5
673194;2021-09-10;424;M;1;4;B;60;69;5
673262;2021-09-10;989;M;2;0;B;17;17;6
673283;2021-09-10;382;F;3;0;C;33;34;5
673340;2021-09-10;909;M;3;0;B;13;13;5
673373;2021-09-10;600;M;2;4;C;10;12;3
673381;2021-09-10;62;F;2;0;B;58;62;5
673383;2021-09-10;110;M;3;0;C;63;78;6
673467;2021-09-10;522;M;1;2;A;16;18;4
673541;2021-09-10;813;F;4;0;C;5;5;3
673565;2021-09-10;534;M;4;1;C;63;68;6
673614;2021-09-10;562;F;3;0;B;29;31;5
673651;2021-09-10;293;M;4;0;B;14;15;3
673706;2021-09-10;696;M;2;0;B;18;20;5
673773;2021-09-10;282;M;2;0;B;69;84;6
673844;2021-09-10;488;M;3;2;B;67;80;6
673859;2021-09-10;953;M;1;1;B;71;75;7
673936;2021-09-10;818;F;2;0;B;29;30;4
673976;2021-09-10;479;F;1;0;B;74;83;6
674014;2021-10-10;905;M;1;0;B;66;77;6
674088;2021-10-10;556;F;4;0;B;66;75;7
674089;2021-10-10;80;F;2;1;C;18;18;5
674090;2021-10-10;79;F;2;0;C;36;37;7
674140;2021-10-10;248;M;3;0;C;35;38;6
674213;2021-10-10;869;F;3;0;B;30;31;5
674260;2021-10-10;740;F;1;4;C;45;52;6
674338;2021-10-10;819;M;4;0;B;11;11;4
674380;2021-10-10;924;F;2;2;B;15;15;5
674465;2021-10-10;729;M;3;0;B;1;1;1
674525;2021-10-10;661;M;3;0;B;70;82;6
674621;2021-10-10;344;M;3;0;B;38;44;5
674661;2021-10-10;280;M;4;3;B;28;30;5
674744;2021-10-10;115;M;4;0;B;9;9;3
674800;2021-10-10;749;F;4;1;B;37;40;5
674805;2021-10-10;53;M;1;1;B;30;33;5
674881;2021-10-10;452;M;1;3;B;56;67;7
674917;2021-10-10;630;M;1;2;C;12;14;6
674975;2021-10-10;955;F;3;2;C;34;37;5
675027;2021-10-10;950;M;3;0;C;42;47;7
675119;2021-10-10;883;M;1;0;B;36;39;5
675135;2021-10-10;7;M;1;3;B;16;16;3
675216;2021-10-10;799;M;4;3;C;43;52;5
675227;2021-10-10;979;F;3;0;A;38;42;5
675277;2021-10-10;439;F;3;0;B;59;71;6
675371;2021-10-10;887;F;3;0;B;26;26;4
675378;2021-10-10;23;M;3;0;B;65;74;6
675386;2021-10-10;122;M;3;3;B;62;73;6
675419;2021-10-10;359;F;1;0;B;67;77;6
675452;2021-10-10;998;F;2;0;C;67;88;5
675497;2021-10-10;640;M;4;0;C;64;74;6
675586;2021-10-10;372;M;1;4;B;11;12;5
675616;2021-10-10;205;M;2;4;B;50;54;6
675692;2021-10-10;540;F;2;0;C;66;76;7
675724;2021-10-10;797;M;2;4;B;27;30;5
675808;2021-10-10;738;M;1;0;C;74;81;6
675895;2021-10-10;101;F;1;0;C;52;64;5
675930;2021-10-10;185;F;3;0;C;24;25;6
675962;2021-10-10;486;M;4;0;B;41;46;6
676059;2021-10-10;869;F;3;0;B;16;16;4
676091;2021-10-10;281;F;2;0;B;66;85;6
676143;2021-10-10;265;M;2;3;B;59;64;6
676154;2021-10-10;434;M;1;4;B;3;3;1
676229;2021-10-10;451;M;3;0;C;73;84;6
676258;2021-10-10;602;M;3;0;B;60;74;6
676261;2021-10-10;140;F;1;0;C;53;59;5
676315;2021-10-10;779;M;3;4;A;38;45;6
676334;2021-10-10;622;F;3;0;B;51;56;7
676371;2021-10-10;839;F;1;3;B;6;6;3
676406;2021-10-10;522;M;1;2;A;9;9;4
676439;2021-10-10;430;F;4;1;B;45;47;7
676495;2021-10-10;174;M;4;3;C;44;51;6
676550;2021-10-10;987;F;1;0;B;50;59;6
676562;2021-10-10;594;F;3;1;C;29;30;5
676608;2021-10-10;585;F;2;4;B;37;42;6
676705;2021-10-10;898;F;4;0;C;16;16;4
676730;2021-10-10;698;F;2;0;B;60;68;6
676823;2021-10-10;722;F;4;0;B;53;65;4
676867;2021-10-10;253;F;4;1;B;22;23;6
676936;2021-10-10;596;M;2;0;B;2;2;1
676970;2021-10-10;391;F;2;0;A;34;37;5
677014;2021-10-10;730;F;2;0;B;69;82;7
677048;2021-10-10;26;F;4;1;A;20;20;4
677076;2021-10-10;143;F;1;4;B;46;58;6
677163;2021-10-10;51;F;3;0;B;46;50;6
677191;2021-10-13;773;M;4;0;B;65;76;5
677272;2021-10-13;439;F;3;0;B;48;55;5
677290;2021-10-13;247;M;1;0;B;54;58;6
677311;2021-10-13;750;M;2;2;C;20;20;4
677363;2021-10-13;995;M;3;1;B;24;26;5
677408;2021-10-13;777;F;1;0;B;18;20;5
677449;2021-10-13;203;F;3;0;A;21;23;5
677483;2021-10-13;360;M;4;0;B;10;10;4
677504;2021-10-13;419;F;2;1;B;31;35;4
677594;2021-10-13;983;F;4;0;C;12;12;5
677651;2021-10-13;112;M;4;0;B;17;17;4
677713;2021-10-13;769;F;3;3;C;72;89;6
677807;2021-10-13;122;M;3;3;B;57;66;6
677851;2021-10-13;795;F;4;2;B;59;63;6
677905;2021-10-13;378;F;2;0;C;30;34;6
677927;2021-10-13;394;M;1;0;B;32;33;5
678019;2021-10-13;773;M;4;0;B;69;88;6
678089;2021-10-13;435;F;2;0;C;61;73;6
678114;2021-10-13;268;M;4;0;B;55;62;6
678206;2021-10-13;213;M;2;4;B;72;80;6
678292;2021-10-13;777;F;1;0;B;25;26;5
678376;2021-10-13;43;M;2;0;B;50;52;7
678387;2021-10-13;768;F;4;0;B;35;41;6
678481;2021-10-13;531;F;3;1;B;9;9;4
678523;2021-10-13;420;M;3;0;B;21;22;4
678593;2021-10-13;918;F;2;4;C;9;9;3
678613;2021-10-13;544;F;2;0;B;56;63;6
678625;2021-10-13;96;F;1;1;C;54;61;5
678678;2021-10-13;414;F;1;0;B;2;2;2
678755;2021-10-13;455;F;2;0;C;48;53;7
678759;2021-10-13;485;M;3;3;B;45;47;5
678782;2021-10-13;587;M;1;0;B;24;26;5
678831;2021-10-13;945;F;2;3;B;71;86;7
678883;2021-10-13;846;F;4;3;C;39;43;5
678953;2021-10-13;579;F;3;0;B;27;27;5
678976;2021-10-13;653;M;2;0;C;1;1;1
679062;2021-10-13;53;M;1;1;B;14;14;5
679097;2021-10-13;462;F;4;0;A;26;27;5
679148;2021-10-13;940;F;1;3;B;24;29;5
679161;2021-10-13;177;F;3;2;C;36;38;5
679222;2021-10-13;547;F;3;4;C;1;1;1
679265;2021-10-13;160;F;3;4;B;16;17;4
679305;2021-10-13;105;F;4;0;C;1;1;1
679321;2021-10-13;204;F;3;3;B;73;81;6
679395;2021-10-13;531;F;3;1;B;67;80;6
679478;2021-10-13;75;M;1;0;B;33;34;6
679512;2021-10-13;128;F;2;0;B;34;39;6
679539;2021-10-13;421;M;3;3;C;71;88;7
679544;2021-10-13;964;M;2;0;B;24;25;5
679560;2021-10-13;119;F;3;2;B;7;7;4
679603;2021-10-13;93;F;2;0;C;68;80;6
679626;2021-10-13;600;M;2;4;C;42;47;5
679709;2021-10-13;703;M;1;3;B;41;45;6
679808;2021-10-13;925;M;2;0;C;60;71;6
679863;2021-10-13;414;F;1;0;B;34;37;5
679954;2021-10-13;180;M;3;4;B;6;6;2
680043;2021-10-13;430;F;4;1;B;56;64;7
680105;2021-10-13;584;M;3;0;B;3;3;2
680182;2021-10-13;245;F;4;3;B;5;5;3
680244;2021-10-13;124;F;4;2;B;57;63;6
680328;2021-10-13;908;M;3;2;C;11;11;4
680410;2021-10-13;550;M;4;0;B;28;30;6
680485;2021-10-13;262;M;1;2;B;47;52;6
680487;2021-10-13;657;M;2;3;B;34;36;5
680528;2021-10-13;166;F;1;0;B;50;55;5
680599;2021-10-13;949;M;1;0;B;31;33;5
680605;2021-10-13;91;M;3;0;B;54;62;3
680691;2021-10-15;726;M;2;0;B;60;66;6
680767;2021-10-15;873;F;3;0;B;6;6;2
680835;2021-10-15;330;F;1;0;B;60;68;6
680916;2021-10-15;93;F;2;0;C;30;30;4
680982;2021-10-15;622;F;3;0;B;56;58;6
680990;2021-10-15;969;M;1;3;B;8;9;3
681029;2021-10-15;431;F;4;3;B;24;25;5
681050;2021-10-15;409;F;3;4;B;59;68;6
681100;2021-10-15;74;M;3;0;C;15;15;4
681198;2021-10-15;781;M;4;0;B;56;67;6
681253;2021-10-15;990;F;1;4;B;55;63;6
681336;2021-10-15;571;F;2;0;B;65;76;6
681432;2021-10-15;317;M;3;0;B;44;46;5
681490;2021-10-15;301;F;3;0;C;60;65;6
681506;2021-10-15;439;F;3;0;B;69;83;6
681578;2021-10-15;153;M;4;1;B;1;1;1
681669;2021-10-15;127;F;4;2;C;55;61;5
681740;2021-10-15;565;F;1;2;B;65;78;7
681780;2021-10-15;283;M;4;1;B;65;71;6
681838;2021-10-15;436;M;2;4;B;29;29;4
681928;2021-10-15;571;F;2;0;B;50;60;5
682009;2021-10-15;585;F;2;4;B;36;38;6
682014;2021-10-15;791;F;1;0;B;45;53;5
682036;2021-10-15;772;F;2;0;B;48;56;5
682107;2021-10-15;390;F;2;0;B;24;24;5
682150;2021-10-15;714;M;1;0;B;69;84;6
682154;2021-10-15;797;M;2;4;B;6;6;3
682177;2021-10-15;79;F;2;0;C;42;52;6
682179;2021-10-15;794;M;1;2;B;18;18;5
682229;2021-10-15;839;F;1;3;B;23;24;6
682305;2021-10-15;945;F;2;3;B;49;56;6
682381;2021-10-15;370;M;1;4;B;48;53;5
682392;2021-10-15;708;F;2;2;B;3;3;2
682400;2021-10-15;30;M;4;0;B;16;16;6
682426;2021-10-15;772;F;2;0;B;70;85;6
682468;2021-10-15;838;F;1;0;C;49;54;6
682541;2021-10-15;947;F;3;1;B;8;8;5
682544;2021-10-15;553;F;4;0;B;8;8;3
682581;2021-10-15;898;F;4;0;C;42;46;6
682671;2021-10-15;926;M;1;0;B;58;64;6
682696;2021-10-15;966;F;4;2;B;32;36;6
682737;2021-10-15;45;M;2;0;A;1;1;1
682755;2021-10-15;207;F;3;0;B;34;36;6
682820;2021-10-15;847;M;4;2;A;14;15;4
682858;2021-10-15;137;F;4;1;B;42;45;6
682899;2021-10-15;730;F;2;0;B;53;60;5
682922;2021-10-15;484;M;3;2;C;61;70;6
682943;2021-10-15;37;M;3;0;B;12;12;5
682969;2021-10-15;425;F;3;0;B;31;35;4
683067;2021-10-15;990;F;1;4;B;64;75;7
683149;2021-10-15;173;F;1;0;B;2;2;1
683247;2021-10-15;992;F;2;0;B;71;81;6
683256;2021-10-15;938;M;1;4;B;42;48;4
683328;2021-10-15;471;F;4;0;A;67;80;6
683365;2021-10-15;990;F;1;4;B;49;50;5
683447;2021-10-15;360;M;4;0;B;15;15;4
683488;2021-10-15;306;F;3;0;B;31;34;5
683540;2021-10-15;460;F;1;3;B;9;10;5
683636;2021-10-15;248;M;3;0;C;63;76;6
683724;2021-10-17;156;F;2;0;B;32;34;5
683782;2021-10-17;131;F;2;0;C;29;30;5
683840;2021-10-17;84;F;3;0;C;10;10;4
683892;2021-10-17;260;F;2;0;C;73;87;6
683948;2021-10-17;514;M;4;0;C;63;70;6
683979;2021-10-17;4;M;4;0;B;78;89;5
684073;2021-10-17;603;M;3;0;B;39;43;5
684158;2021-10-17;904;M;1;2;B;62;78;6
684171;2021-10-17;925;M;2;0;C;35;37;6
684244;2021-10-17;60;F;2;3;B;48;59;5
684329;2021-10-17;60;F;2;3;B;36;39;4
684425;2021-10-17;667;F;4;0;C;37;40;6
684523;2021-10-17;973;F;4;0;B;75;87;6
684567;2021-10-17;248;M;3;0;C;30;31;5
684661;2021-10-17;780;M;3;2;B;22;22;5
684738;2021-10-17;126;M;1;0;C;36;41;5
684757;2021-10-17;773;M;4;0;B;45;52;5
684849;2021-10-17;363;F;1;0;B;56;62;5
684894;2021-10-17;458;F;3;4;C;51;56;5
684920;2021-10-17;146;F;2;0;B;59;65;6
684936;2021-10-17;647;M;1;0;C;64;80;7
684992;2021-10-17;605;M;4;2;B;61;71;6
685052;2021-10-17;330;F;1;0;B;59;67;6
685095;2021-10-17;873;F;3;0;B;34;36;6
685105;2021-10-17;132;M;2;0;A;50;57;6
685164;2021-10-17;658;F;1;1;B;66;74;7
685169;2021-10-17;308;M;4;0;B;27;27;5
685227;2021-10-17;115;M;4;0;B;35;38;5
685315;2021-10-17;914;M;2;4;B;69;83;6
685391;2021-10-17;648;M;1;0;B;38;42;5
685404;2021-10-17;469;M;4;2;C;21;21;5
685450;2021-10-17;193;F;4;0;B;27;30;3
685540;2021-10-17;576;M;3;0;B;37;43;6
685566;2021-10-17;397;F;1;0;B;57;63;7
685648;2021-10-17;725;M;4;0;C;26;27;5
685660;2021-10-17;427;M;3;0;B;63;77;5
685733;2021-10-17;321;M;2;0;B;73;84;6
685789;2021-10-17;662;F;1;1;B;1;1;1
685808;2021-10-17;541;F;3;0;B;31;32;6
685812;2021-10-17;889;F;3;4;B;16;17;4
685874;2021-10-17;345;F;2;3;B;32;35;6
685971;2021-10-17;579;F;3;0;B;55;62;6
686066;2021-10-17;756;F;1;4;B;70;86;7
686082;2021-10-17;519;M;2;4;B;47;52;6
686091;2021-10-17;507;F;3;2;B;30;31;6
686115;2021-10-17;705;M;1;0;B;68;82;7
686180;2021-10-17;339;F;4;0;C;48;49;6
686188;2021-10-17;992;F;2;0;B;6;6;2
686257;2021-10-17;113;F;3;0;B;39;44;6
686343;2021-10-17;908;M;3;2;C;68;85;6
686382;2021-10-17;101;F;1;0;C;49;53;6
686396;2021-10-17;504;M;3;0;B;70;88;7
686456;2021-10-17;140;F;1;0;C;55;66;5
686480;2021-10-17;85;M;1;0;B;45;48;4
686494;2021-10-17;861;M;3;0;B;10;10;3
686509;2021-10-17;262;M;1;2;B;23;25;7
686537;2021-10-17;446;M;1;4;B;63;70;6
686629;2021-10-17;771;F;4;0;B;55;61;5
686634;2021-10-17;752;M;3;0;C;55;66;6
686665;2021-10-17;833;F;1;4;B;45;53;7
686703;2021-10-17;298;F;4;0;C;51;56;5
686793;2021-10-17;437;F;2;1;C;32;33;6
686830;2021-10-17;562;F;3;0;B;48;59;7
686929;2021-10-17;728;M;2;0;A;65;81;6
686977;2021-10-17;698;F;2;0;B;73;89;6
687070;2021-10-17;314;F;1;1;A;71;83;7
687077;2021-10-17;866;M;2;2;C;56;72;5
687127;2021-10-17;900;F;3;0;B;28;29;4
687208;2021-10-17;397;F;1;0;B;41;42;5
687214;2021-10-17;644;M;1;0;C;59;69;6
687220;2021-10-17;703;M;1;3;B;69;84;5
687293;2021-10-17;703;M;1;3;B;8;9;3
687392;2021-10-17;892;F;4;2;B;35;39;5
687411;2021-10-17;640;M;4;0;C;31;31;7
687491;2021-10-17;416;M;3;2;C;53;61;5
687573;2021-10-17;341;M;2;0;C;71;89;5
687579;2021-10-20;423;F;5;2;A;40;47;6
687613;2021-10-20;518;F;1;0;B;27;27;4
687699;2021-10-20;637;F;1;0;B;21;23;5
687718;2021-10-20;268;M;4;0;B;53;60;4
687757;2021-10-20;29;M;2;0;B;30;31;6
687810;2021-10-20;571;F;2;0;B;67;86;6
687866;2021-10-20;422;F;2;4;C;40;42;6
687919;2021-10-20;265;M;2;3;B;11;11;3
687958;2021-10-20;598;F;4;0;B;21;24;4
688051;2021-10-20;582;F;2;0;B;1;1;1
688089;2021-10-20;286;M;4;0;B;5;5;4
688154;2021-10-20;654;M;1;1;B;68;80;7
688214;2021-10-20;841;M;1;0;B;45;47;6
688305;2021-10-20;935;F;2;0;B;23;24;3
688401;2021-10-20;810;M;1;0;B;15;15;4
688493;2021-10-20;886;F;5;1;B;55;63;4
688504;2021-10-20;462;F;4;0;A;18;18;3
688546;2021-10-20;899;F;4;0;C;22;22;5
688617;2021-10-20;94;M;1;2;C;25;29;4
688631;2021-10-20;750;M;2;2;C;49;56;6
688697;2021-10-20;27;F;1;0;B;44;51;6
688739;2021-10-20;303;M;3;4;B;35;38;5
688754;2021-10-20;963;M;3;0;B;31;32;5
688850;2021-10-20;724;M;1;0;B;50;65;6
688920;2021-10-20;962;M;3;4;B;64;79;6
688927;2021-10-20;220;M;1;0;B;18;18;5
688937;2021-10-20;278;F;3;2;C;27;28;5
688969;2021-10-20;70;F;4;0;B;7;7;3
688989;2021-10-20;580;M;3;0;B;63;70;6
689018;2021-10-20;396;F;1;0;B;35;42;5
689096;2021-10-20;231;F;4;2;B;72;87;6
689148;2021-10-20;62;F;2;0;B;76;89;6
689228;2021-10-20;106;M;1;0;B;61;77;6
689256;2021-10-20;660;F;3;0;C;28;30;4
689291;2021-10-20;921;M;2;3;B;6;6;4
689358;2021-10-20;233;M;3;0;B;67;81;5
689449;2021-10-20;635;F;4;0;B;49;57;6
689459;2021-10-20;186;M;2;4;C;37;40;6
689531;2021-10-20;43;M;2;0;B;20;20;6
689549;2021-10-20;713;F;1;3;C;54;60;7
689560;2021-10-20;67;M;1;0;B;36;41;6
689568;2021-10-20;119;F;3;2;B;17;18;5
689606;2021-10-20;962;M;3;4;B;31;33;4
689693;2021-10-20;912;F;4;0;C;33;39;5
689771;2021-10-20;409;F;3;4;B;64;78;6
689834;2021-10-20;39;M;2;0;C;66;81;6
689927;2021-10-20;156;F;2;0;B;50;61;5
690026;2021-10-20;249;F;4;0;B;53;58;6
690100;2021-10-20;718;F;3;2;B;41;48;5
690127;2021-10-20;415;F;3;0;B;19;20;4
690132;2021-10-20;340;M;3;4;B;53;60;5
690159;2021-10-20;129;M;2;0;A;63;72;5
690208;2021-10-20;338;M;2;0;B;28;30;6
690285;2021-10-20;170;F;4;2;B;61;66;6
690289;2021-10-20;195;M;4;0;B;53;61;6
690380;2021-10-20;998;F;2;0;C;70;80;6
690385;2021-10-20;17;M;4;0;B;56;65;6
690410;2021-10-20;617;F;4;3;C;40;44;5
690453;2021-10-20;246;M;2;2;B;18;19;4
690520;2021-10-20;23;M;3;0;B;55;62;7
690541;2021-10-20;972;M;4;0;C;56;60;5
690637;2021-10-20;943;F;1;0;C;45;51;5
690672;2021-10-20;482;M;4;2;B;21;22;5
690683;2021-10-20;997;M;5;2;C;58;66;6
690752;2021-10-20;129;M;2;0;A;15;15;4
690756;2021-10-20;719;M;1;0;B;53;59;5
690843;2021-10-20;234;M;3;4;B;62;76;6
690942;2021-10-20;307;M;1;0;B;15;15;4
690998;2021-10-20;677;M;4;0;B;38;40;5
691015;2021-10-20;10;M;1;0;B;29;31;5
691092;2021-10-20;914;M;2;4;B;45;51;5
691112;2021-10-20;128;F;2;0;B;67;78;6
691129;2021-10-20;319;M;1;4;B;33;33;7
691226;2021-10-20;741;M;3;0;B;67;79;6
691279;2021-10-20;790;F;3;0;B;15;15;4
691355;2021-10-20;565;F;1;2;B;9;9;3
691366;2021-10-20;750;M;2;2;C;50;56;6
691458;2021-10-20;140;F;1;0;C;17;18;6
691553;2021-10-20;301;F;3;0;C;56;60;7
691634;2021-10-20;205;M;2;4;B;6;6;2
691660;2021-10-20;615;M;1;4;C;44;48;5
691739;2021-10-20;244;M;4;0;B;57;70;7
691758;2021-10-20;81;F;2;0;B;14;14;4
691845;2021-10-20;821;F;2;3;B;20;21;4
691941;2021-10-20;801;M;1;4;B;5;5;2
691976;2021-10-20;173;F;1;0;B;69;75;6
691982;2021-10-20;383;M;1;3;C;12;12;5
692000;2021-10-23;784;F;1;3;B;56;62;6
692032;2021-10-23;898;F;4;0;C;59;70;5
692068;2021-10-23;936;F;3;2;B;55;57;6
692103;2021-10-23;765;F;5;1;B;38;41;5
692150;2021-10-23;488;M;3;2;B;61;69;6
692188;2021-10-23;774;F;2;0;B;38;39;7
692231;2021-10-23;388;F;4;3;B;31;32;4
692288;2021-10-23;351;F;2;2;B;14;14;4
692338;2021-10-23;420;M;3;0;B;61;75;5
692374;2021-10-23;471;F;4;0;A;16;16;4
692375;2021-10-23;226;F;4;0;B;12;13;3
692419;2021-10-23;727;M;4;2;C;15;15;3
692457;2021-10-23;783;F;1;0;B;43;47;5
692526;2021-10-23;954;F;4;2;B;59;73;6
692537;2021-10-23;467;F;2;2;B;59;65;6
692610;2021-10-23;948;M;4;0;C;38;40;5
692638;2021-10-23;508;F;3;0;B;21;22;5
692721;2021-10-23;924;F;2;2;B;77;86;5
692820;2021-10-23;652;F;4;0;B;42;49;6
692841;2021-10-23;129;M;2;0;A;6;6;2
692867;2021-10-23;923;F;2;4;C;42;47;6
692961;2021-10-23;531;F;3;1;B;59;71;6
692980;2021-10-23;115;M;4;0;B;57;68;6
693033;2021-10-23;953;M;1;1;B;70;86;6
693040;2021-10-23;752;M;3;0;C;5;5;2
693096;2021-10-23;643;F;4;0;C;55;66;6
693131;2021-10-23;458;F;3;4;C;39;42;5
693181;2021-10-23;384;F;3;2;C;71;85;6
693256;2021-10-23;446;M;1;4;B;66;76;4
693267;2021-10-23;702;M;1;0;B;35;40;5
693277;2021-10-23;427;M;3;0;B;39;43;5
693365;2021-10-23;184;M;1;3;B;57;62;5
693384;2021-10-23;722;F;4;0;B;59;63;7
693403;2021-10-23;48;M;4;1;B;32;34;5
693502;2021-10-23;31;F;1;0;C;14;14;5
693546;2021-10-23;747;M;1;0;B;57;67;5
693555;2021-10-23;161;M;5;2;B;26;28;5
693634;2021-10-23;575;M;1;4;B;7;7;3
693662;2021-10-23;384;F;3;2;C;34;37;3
693731;2021-10-23;612;F;3;4;B;62;78;6
693801;2021-10-23;750;M;2;2;C;67;82;5
693874;2021-10-23;952;F;3;4;C;68;78;7
693943;2021-10-23;654;M;1;1;B;34;36;5
693946;2021-10-23;150;M;1;4;B;43;48;6
694044;2021-10-23;32;F;1;0;B;51;58;5
694078;2021-10-23;759;F;3;0;B;5;5;2
694089;2021-10-23;496;F;2;0;B;17;18;4
694121;2021-10-23;671;M;2;0;C;66;80;6
694130;2021-10-23;113;F;3;0;B;14;14;5
694179;2021-10-23;860;M;1;0;B;40;43;5
694253;2021-10-23;609;F;4;0;C;13;13;4
694343;2021-10-23;30;M;4;0;B;16;16;5
694442;2021-10-23;822;M;2;3;B;65;74;7
694538;2021-10-23;780;M;3;2;B;5;5;3
694613;2021-10-23;67;M;1;0;B;64;72;6
694636;2021-10-23;866;M;2;2;C;45;48;5
694640;2021-10-23;556;F;4;0;B;54;60;7
694692;2021-10-23;408;F;4;0;B;57;68;6
694744;2021-10-23;877;M;2;0;C;26;26;4
694762;2021-10-23;906;M;2;0;A;11;12;4
694820;2021-10-23;623;F;3;0;C;71;86;7
694918;2021-10-23;655;M;2;0;B;65;73;7
694937;2021-10-23;68;F;2;1;A;23;24;5
695023;2021-10-23;574;F;2;2;B;60;65;5
695108;2021-10-23;522;M;1;2;A;30;32;3
695135;2021-10-23;467;F;2;2;B;25;25;5
695187;2021-10-23;355;M;3;4;B;38;40;4
695197;2021-10-23;436;M;2;4;B;71;75;7
695241;2021-10-23;180;M;3;4;B;51;60;5
695340;2021-10-23;174;M;4;3;C;64;68;6
695363;2021-10-23;378;F;2;0;C;19;22;5
695448;2021-10-23;88;F;1;0;B;50;52;6
695454;2021-10-23;406;M;2;4;C;49;57;7
695459;2021-10-23;970;M;2;4;B;11;12;4
695539;2021-10-23;58;M;2;2;B;25;25;4
695546;2021-10-23;894;F;4;3;C;52;57;6
695629;2021-10-23;48;M;4;1;B;47;51;6
695653;2021-10-23;592;F;2;0;C;5;5;1
695690;2021-10-23;526;M;2;2;B;58;71;5
695726;2021-10-23;267;F;4;2;B;1;1;1
695800;2021-10-23;690;F;1;3;B;23;25;3
695829;2021-10-23;205;M;2;4;B;10;10;5
695885;2021-10-23;232;M;3;1;B;48;53;6
695975;2021-10-23;61;M;1;2;B;4;4;2
696054;2021-10-23;9;F;2;0;B;33;37;4
696065;2021-10-23;740;F;1;4;C;62;68;6
696144;2021-10-23;275;M;4;0;B;58;62;6
696198;2021-10-23;481;M;3;0;B;67;81;6
696239;2021-10-23;748;M;4;0;B;62;66;5
696250;2021-10-23;368;M;4;0;C;38;39;6
696259;2021-10-23;281;F;2;0;B;19;21;5
696293;2021-10-23;795;F;4;2;B;31;33;5
696366;2021-10-23;822;M;2;3;B;71;86;6
696462;2021-10-23;473;F;4;3;B;52;58;5
696473;2021-10-23;728;M;2;0;A;73;87;6
696513;2021-10-23;601;M;4;0;A;17;19;4
696550;2021-10-23;417;M;4;1;B;42;47;5
696630;2021-10-23;887;F;3;0;B;37;38;5
696698;2021-10-23;460;F;1;3;B;54;68;6
696707;2021-10-24;316;F;3;2;B;43;50;5
696762;2021-10-24;202;M;1;0;B;29;29;4
696780;2021-10-24;35;M;3;0;B;59;61;6
696865;2021-10-24;189;F;3;4;C;57;62;4
696918;2021-10-24;129;M;2;0;A;66;77;7
696943;2021-10-24;623;F;3;0;C;42;46;5
696970;2021-10-24;613;F;3;0;B;46;52;5
697057;2021-10-24;445;M;2;0;B;34;36;6
697084;2021-10-24;122;M;3;3;B;35;36;5
697152;2021-10-24;145;M;3;0;B;29;31;5
697200;2021-10-24;648;M;1;0;B;54;67;6
697246;2021-10-24;454;F;1;0;B;77;88;6
697314;2021-10-24;27;F;1;0;B;60;72;5
697370;2021-10-24;127;F;4;2;C;64;78;7
697420;2021-10-24;903;M;1;0;B;68;86;6
697439;2021-10-24;439;F;3;0;B;45;49;6
697447;2021-10-24;438;F;1;0;B;58;67;5
697469;2021-10-24;886;F;5;1;B;51;58;6
697538;2021-10-24;738;M;1;0;C;24;24;5
697589;2021-10-24;213;M;2;4;B;48;50;5
697658;2021-10-24;758;F;3;0;B;11;13;4
697700;2021-10-24;755;M;3;4;B;49;51;6
697742;2021-10-24;953;M;1;1;B;62;69;5
697827;2021-10-24;816;M;4;0;C;17;17;4
697849;2021-10-24;81;F;2;0;B;52;55;7
697924;2021-10-24;133;F;2;0;B;7;7;3
697953;2021-10-24;627;M;3;1;B;69;80;5
698028;2021-10-24;193;F;4;0;B;63;77;5
698075;2021-10-24;10;M;1;0;B;43;48;6
698140;2021-10-24;98;M;1;0;B;18;18;3
698171;2021-10-24;634;F;2;0;C;57;70;6
698184;2021-10-24;41;M;3;0;C;8;9;4
698197;2021-10-24;430;F;4;1;B;43;49;6
698211;2021-10-24;695;M;2;0;A;10;10;4
698222;2021-10-24;917;M;1;0;A;54;65;6
698305;2021-10-24;422;F;2;4;C;32;34;6
698393;2021-10-24;715;F;3;4;B;57;60;5
698465;2021-10-24;804;F;4;3;B;28;31;5
698559;2021-10-24;86;F;4;3;C;28;29;5
698636;2021-10-24;115;M;4;0;B;49;57;6
698727;2021-10-24;861;M;3;0;B;49;59;5
698748;2021-10-24;694;M;4;0;C;33;38;5
698775;2021-10-24;743;M;1;3;C;28;28;4
698868;2021-10-24;301;F;3;0;C;57;66;5
698952;2021-10-24;572;M;1;0;C;30;35;5
698963;2021-10-24;911;F;2;0;B;28;32;5
699025;2021-10-24;404;M;4;0;B;24;29;4
699110;2021-10-24;602;M;3;0;B;65;89;6
699119;2021-10-24;44;F;4;0;C;6;6;4
699130;2021-10-24;861;M;3;0;B;16;16;5
699168;2021-10-24;374;F;3;0;B;12;12;4
699187;2021-10-24;134;F;3;0;B;66;80;4
699269;2021-10-24;370;M;1;4;B;67;75;6
699352;2021-10-24;129;M;2;0;A;41;45;6
699374;2021-10-24;554;F;3;0;A;48;52;5
699431;2021-10-24;156;F;2;0;B;56;69;7
699449;2021-10-24;250;F;4;1;B;29;30;4
699461;2021-10-24;835;F;1;0;A;62;72;6
699466;2021-10-24;416;M;3;2;C;23;25;7
699532;2021-10-24;338;M;2;0;B;66;82;6
699609;2021-10-24;28;F;1;2;B;38;43;5
699616;2021-10-24;381;F;1;1;B;4;4;3
699640;2021-10-24;649;F;3;0;B;34;40;5
699675;2021-10-24;100;F;2;3;C;65;72;6
699677;2021-10-24;842;M;5;2;B;53;60;5
699750;2021-10-24;173;F;1;0;B;3;3;2
699794;2021-10-24;409;F;3;4;B;15;15;4
699868;2021-10-24;989;M;2;0;B;45;52;5
699917;2021-10-24;148;M;3;4;A;37;41;6
699937;2021-10-24;86;F;4;3;C;17;20;5
700000;2021-10-24;289;F;3;4;C;62;79;5
700040;2021-10-24;148;M;3;4;A;38;41;6
700076;2021-10-24;920;F;5;3;B;73;83;6
700170;2021-10-24;363;F;1;0;B;66;83;6
700207;2021-10-24;220;M;1;0;B;63;68;5
700226;2021-10-24;400;F;4;1;C;71;86;5
700305;2021-10-24;778;F;2;2;A;54;60;7
700349;2021-10-24;987;F;1;0;B;50;59;6
700410;2021-10-24;917;M;1;0;A;28;33;5
700452;2021-10-24;584;M;3;0;B;31;35;5
700482;2021-10-24;22;M;1;0;B;15;15;4
700555;2021-10-24;138;F;3;2;B;54;61;6
700612;2021-10-24;592;F;2;0;C;37;40;6
700628;2021-10-24;177;F;3;2;C;21;21;4
700710;2021-10-24;191;M;3;0;B;53;56;5
700799;2021-10-24;137;F;4;1;B;15;15;4
700852;2021-10-24;511;F;1;0;B;20;23;6
700893;2021-10-24;629;M;3;0;C;29;30;6
700915;2021-10-24;72;F;2;0;A;23;26;5
700982;2021-10-24;641;F;4;0;C;55;66;5
701070;2021-10-24;217;F;3;0;B;8;8;2
701108;2021-10-26;876;F;2;3;B;57;68;5
701197;2021-10-26;310;M;4;3;C;52;60;6
701235;2021-10-26;875;F;1;0;B;42;45;5
701268;2021-10-26;630;M;1;2;C;29;32;5
701362;2021-10-26;263;M;3;0;B;8;8;4
701375;2021-10-26;376;F;3;0;B;45;52;4
701468;2021-10-26;657;M;2;3;B;38;43;5
701560;2021-10-26;328;M;2;0;B;68;80;7
701641;2021-10-26;866;M;2;2;C;3;3;2
701708;2021-10-26;463;M;3;3;B;7;7;3
701771;2021-10-26;27;F;1;0;B;52;57;5
701847;2021-10-26;664;M;3;1;B;33;35;6
701915;2021-10-26;18;M;4;0;C;35;36;5
701979;2021-10-26;757;F;4;3;C;48;54;7
701988;2021-10-26;788;F;4;2;B;9;9;3
702049;2021-10-26;928;F;5;1;B;30;32;5
702070;2021-10-26;889;F;3;4;B;22;22;4
702090;2021-10-26;693;F;4;0;B;17;18;5
702123;2021-10-26;435;F;2;0;C;24;27;4
702138;2021-10-26;597;M;3;0;C;28;30;5
702157;2021-10-26;964;M;2;0;B;71;86;5
702213;2021-10-26;995;M;3;1;B;24;26;5
702298;2021-10-26;80;F;2;1;C;51;58;6
702308;2021-10-26;608;F;3;0;C;69;85;5
702339;2021-10-26;369;F;3;4;C;73;84;6
702405;2021-10-26;884;F;3;2;C;21;23;5
702489;2021-10-26;786;F;1;4;C;65;74;5
702551;2021-10-26;921;M;2;3;B;19;19;4
702609;2021-10-26;558;F;5;2;C;52;55;5
702679;2021-10-26;779;M;3;4;A;24;27;5
702729;2021-10-26;122;M;3;3;B;35;41;5
702740;2021-10-26;491;M;2;1;A;45;51;6
702781;2021-10-26;305;F;4;0;B;64;73;6
702858;2021-10-26;686;F;3;2;A;73;88;6
702899;2021-10-26;46;F;4;1;B;36;40;5
702904;2021-10-26;213;M;2;4;B;22;23;4
702979;2021-10-26;759;F;3;0;B;54;66;6
703038;2021-10-31;279;M;1;2;B;26;29;4
703048;2021-10-31;24;F;4;0;C;14;14;5
703049;2021-10-31;456;M;1;4;B;64;71;6
703094;2021-10-31;731;M;3;4;B;24;26;4
703120;2021-10-31;942;M;1;0;B;52;64;6
703144;2021-10-31;910;M;2;2;B;9;9;5
703154;2021-10-31;151;F;1;0;B;51;57;7
703220;2021-10-31;174;M;4;3;C;13;14;4
703272;2021-10-31;332;F;3;4;C;56;61;5
703356;2021-10-31;879;M;2;2;C;40;43;6
703410;2021-10-31;453;F;1;0;B;49;57;5
703429;2021-05-11;757;F;4;3;C;10;10;3
703489;2021-05-11;55;F;3;0;B;46;52;6
703561;2021-05-11;580;M;3;0;B;31;34;6
703609;2021-05-11;586;F;4;2;B;19;21;3
703660;2021-05-11;605;M;4;2;B;30;33;6
703759;2021-05-11;287;F;1;0;B;12;12;2
703847;2021-05-11;980;F;1;0;B;45;49;5
703882;2021-05-11;153;M;4;1;B;50;52;6
703889;2021-05-11;842;M;5;2;B;25;26;5
703932;2021-05-11;818;F;2;0;B;6;6;1
703978;2021-05-11;510;F;4;0;B;50;59;7
703996;2021-05-11;828;F;2;4;B;52;56;6
704044;2021-05-11;934;F;2;2;B;11;11;5
704116;2021-05-11;930;F;4;1;B;57;71;6
704117;2021-05-11;223;F;3;0;B;16;16;4
704146;2021-05-11;185;F;3;0;C;32;32;6
704188;2021-05-11;631;M;1;4;C;25;29;4
704274;2021-05-11;859;M;1;0;B;69;82;5
704301;2021-05-11;227;F;3;0;C;58;69;5
704357;2021-05-11;750;M;2;2;C;40;44;6
704448;2021-05-11;434;M;1;4;B;64;72;6
704477;2021-05-11;767;F;1;0;B;73;86;6
704483;2021-05-11;840;F;3;3;C;25;29;5
704562;2021-05-11;329;F;3;0;B;54;69;6
704571;2021-11-11;7;M;1;3;B;50;55;6
704625;2021-11-11;354;F;2;0;B;12;12;4
704635;2021-11-11;745;F;1;2;B;48;52;6
704663;2021-11-11;301;F;3;0;C;15;16;3
704752;2021-11-11;451;M;3;0;C;30;30;4
704782;2021-11-11;551;M;1;0;C;56;73;5
704828;2021-11-11;614;F;4;1;B;54;61;5
704907;2021-11-11;28;F;1;2;B;15;15;6
705004;2021-11-11;143;F;1;4;B;71;86;5
705093;2021-11-11;608;F;3;0;C;70;82;5
705173;2021-11-11;299;F;3;1;C;40;46;5
705191;2021-11-11;694;M;4;0;C;55;59;7
705282;2021-11-11;336;F;1;0;C;50;53;7
705331;2021-11-11;715;F;3;4;B;49;56;7
705428;2021-11-11;575;M;1;4;B;34;37;6
705464;2021-11-11;259;M;1;1;B;28;30;5
705517;2021-11-11;462;F;4;0;A;3;3;3
705615;2021-11-11;157;M;1;1;C;49;54;5
705682;2021-11-11;129;M;2;0;A;26;27;5
705777;2021-11-11;940;F;1;3;B;57;67;5
705813;2021-11-11;15;M;2;1;C;8;8;3
705848;2021-11-11;732;F;3;4;B;36;37;5
705938;2021-11-11;482;M;4;2;B;34;38;6
706001;2021-11-11;627;M;3;1;B;52;62;7
706054;2021-11-11;617;F;4;3;C;12;12;5
706120;2021-11-11;1000;F;4;1;B;12;13;4
706142;2021-11-11;442;F;3;2;B;43;50;5
706216;2021-11-11;599;F;1;4;C;46;53;5
706275;2021-11-11;870;F;1;0;B;62;70;6
706339;2021-11-11;315;F;3;0;B;64;77;6
706385;2021-11-11;795;F;4;2;B;50;54;6
706405;2021-11-11;110;M;3;0;C;45;48;6
706498;2021-11-11;540;F;2;0;C;49;54;6
706499;2021-11-11;728;M;2;0;A;25;26;5
706596;2021-11-11;794;M;1;2;B;7;8;4
706648;2021-11-11;906;M;2;0;A;9;9;3
706699;2021-11-11;902;F;2;1;B;69;83;6
706786;2021-11-11;723;M;4;0;B;48;56;6
706790;2021-11-11;961;F;1;0;C;4;4;2
706879;2021-11-11;175;M;1;0;B;29;30;4
706905;2021-11-11;376;F;3;0;B;7;7;3
706975;2021-11-11;114;F;3;3;B;21;21;6
707000;2021-11-11;589;F;3;2;C;76;87;7
707010;2021-11-11;363;F;1;0;B;25;27;5
707020;2021-11-11;608;F;3;0;C;60;69;6
707117;2021-11-11;894;F;4;3;C;48;59;6
707135;2021-11-11;493;M;2;4;B;10;11;4
707200;2021-11-11;652;F;4;0;B;59;66;6
707213;2021-11-11;442;F;3;2;B;67;80;6
707259;2021-11-11;666;F;2;2;B;67;82;7
707314;2021-11-11;400;F;4;1;C;66;75;6
707374;2021-11-11;650;F;2;0;C;21;21;4
707457;2021-11-11;747;M;1;0;B;11;11;4
707535;2021-11-11;79;F;2;0;C;69;87;7
707563;2021-11-11;897;M;2;1;C;55;64;5
707652;2021-11-11;900;F;3;0;B;68;81;7
707733;2021-11-11;343;F;1;0;B;21;21;6
707775;2021-11-11;409;F;3;4;B;67;79;5
707843;2021-11-11;814;M;4;0;B;21;22;5
707845;2021-11-11;860;M;1;0;B;33;36;6
707914;2021-11-11;405;F;4;0;B;53;56;5
707977;2021-11-11;396;F;1;0;B;23;23;5
708030;2021-11-11;521;F;1;0;A;43;50;5
708092;2021-11-11;735;F;4;0;B;67;80;6
708185;2021-11-11;144;M;1;0;B;56;64;6
708211;2021-11-11;831;F;4;2;B;74;85;6
708300;2021-11-11;402;M;2;0;C;27;27;4
708363;2021-11-11;880;M;3;2;B;52;58;7
708433;2021-11-11;501;M;1;0;B;43;47;6
708520;2021-11-11;528;M;2;2;C;35;39;5
708600;2021-11-11;368;M;4;0;C;13;13;3
708639;2021-11-11;354;F;2;0;B;66;83;5
708715;2021-11-11;811;M;2;1;B;50;61;6
708792;2021-11-11;6;F;2;0;B;35;38;4
708831;2021-11-11;244;M;4;0;B;17;17;4
708899;2021-11-11;410;F;3;3;B;64;74;7
708952;2021-11-11;382;F;3;0;C;42;43;5
708955;2021-11-11;1000;F;4;1;B;57;64;4
708959;2021-11-14;676;M;2;3;B;10;10;4
708969;2021-11-14;941;M;2;3;B;3;3;2
709048;2021-11-14;432;F;1;0;C;54;64;5
709093;2021-11-14;145;M;3;0;B;64;77;6
709128;2021-11-14;893;F;1;0;B;23;23;5
709153;2021-11-14;321;M;2;0;B;22;22;4
709191;2021-11-14;421;M;3;3;C;29;32;5
709286;2021-11-14;892;F;4;2;B;19;19;4
709308;2021-11-14;619;M;4;1;B;65;76;7
709320;2021-11-14;461;M;3;4;C;2;2;1
709357;2021-11-14;290;F;1;0;B;49;60;7
709405;2021-11-14;283;M;4;1;B;5;5;3
709469;2021-11-14;278;F;3;2;C;12;12;2
709546;2021-11-14;49;M;2;0;C;66;78;7
709583;2021-11-14;156;F;2;0;B;25;26;3
709647;2021-11-14;177;F;3;2;C;13;14;4
709723;2021-11-14;760;F;2;0;A;44;46;6
709770;2021-11-14;427;M;3;0;B;27;28;6
709842;2021-11-14;420;M;3;0;B;69;84;6
709878;2021-11-14;887;F;3;0;B;1;1;1
709963;2021-11-14;762;F;2;0;B;39;42;6
710013;2021-11-14;977;M;1;0;C;6;6;4
710047;2021-11-14;874;F;3;3;B;60;76;5
710073;2021-11-14;661;M;3;0;B;53;62;5
710141;2021-11-14;574;F;2;2;B;44;46;7
710186;2021-11-14;766;F;1;0;B;73;84;5
710201;2021-11-14;553;F;4;0;B;2;2;2
710233;2021-11-14;134;F;3;0;B;51;59;5
710247;2021-11-14;963;M;3;0;B;59;62;6
710323;2021-11-14;930;F;4;1;B;36;39;5
710368;2021-11-14;992;F;2;0;B;39;42;4
710457;2021-11-14;224;M;4;0;B;65;73;6
710536;2021-11-14;520;M;1;0;B;57;62;5
710582;2021-11-14;568;F;4;1;A;47;50;6
710609;2021-11-14;929;M;4;0;B;59;74;7
710654;2021-11-14;173;F;1;0;B;19;20;5
710676;2021-11-14;54;M;1;0;A;58;72;7
710690;2021-11-14;364;F;4;2;C;2;2;2
710729;2021-11-14;267;F;4;2;B;75;89;7
710792;2021-11-14;118;M;2;4;A;33;37;6
710851;2021-11-14;86;F;4;3;C;39;42;6
710942;2021-11-14;187;M;2;1;B;39;41;5
711010;2021-11-14;562;F;3;0;B;75;88;7
711102;2021-11-14;345;F;2;3;B;19;19;5
711196;2021-11-14;620;M;2;0;B;16;18;4
711290;2021-11-14;498;M;3;2;B;28;32;5
711340;2021-11-14;732;F;3;4;B;6;6;2
711360;2021-11-14;41;M;3;0;C;49;55;5
711456;2021-11-14;705;M;1;0;B;30;33;5
711531;2021-11-14;560;M;2;0;B;29;31;5
711593;2021-11-14;931;M;2;0;A;34;40;5
711625;2021-11-14;206;F;3;1;C;6;6;3
711626;2021-11-14;570;F;4;1;C;30;33;6
711645;2021-11-14;168;F;4;3;B;39;39;5
711696;2021-11-14;300;F;1;3;C;31;34;6
711747;2021-11-14;267;F;4;2;B;60;70;6
711782;2021-11-14;346;F;2;4;C;37;39;5
711841;2021-11-14;813;F;4;0;C;5;5;3
711861;2021-11-14;709;F;3;0;B;60;66;5
711912;2021-11-14;45;M;2;0;A;7;7;4
711966;2021-11-14;869;F;3;0;B;3;3;3
711996;2021-11-14;110;M;3;0;C;47;52;6
712063;2021-11-14;369;F;3;4;C;22;23;6
712105;2021-11-14;134;F;3;0;B;47;50;6
712187;2021-11-14;158;M;3;0;B;36;43;4
712191;2021-11-14;352;M;4;2;B;58;70;6
712204;2021-11-14;258;F;1;0;B;14;14;3
712246;2021-11-14;523;M;3;0;B;32;35;6
712331;2021-11-14;711;M;4;2;B;23;23;5
712393;2021-11-14;502;M;4;0;C;60;67;6
712408;2021-11-14;330;F;1;0;B;68;82;6
712498;2021-11-14;822;M;2;3;B;48;52;6
712508;2021-11-17;943;F;1;0;C;67;80;5
712587;2021-11-17;838;F;1;0;C;17;17;6
712678;2021-11-17;375;M;4;0;B;16;16;4
712717;2021-11-17;455;F;2;0;C;38;43;6
712779;2021-11-17;696;M;2;0;B;28;29;4
712829;2021-11-17;554;F;3;0;A;21;21;3
712918;2021-11-17;270;F;3;1;B;69;84;6
712943;2021-11-17;680;F;3;0;C;32;33;5
712958;2021-11-17;167;M;1;1;A;47;53;6
713002;2021-11-17;760;F;2;0;A;66;79;6
713100;2021-11-17;451;M;3;0;C;67;83;5
713114;2021-11-17;180;M;3;4;B;46;48;6
713144;2021-11-17;611;M;4;0;B;48;52;6
713147;2021-11-17;852;M;2;3;B;13;13;4
713187;2021-11-17;203;F;3;0;A;56;66;6
713284;2021-11-17;30;M;4;0;B;53;62;5
713313;2021-11-17;321;M;2;0;B;31;34;5
713396;2021-11-17;728;M;2;0;A;56;62;5
713470;2021-11-17;753;F;1;3;C;3;3;3
713555;2021-11-17;114;F;3;3;B;22;24;3
713621;2021-11-17;510;F;4;0;B;17;17;5
713632;2021-11-17;157;M;1;1;C;48;49;6
713673;2021-11-17;34;M;2;0;C;60;69;7
713772;2021-11-17;886;F;5;1;B;64;79;6
713844;2021-11-17;987;F;1;0;B;34;35;5
713904;2021-11-17;827;M;4;0;B;29;29;5
713916;2021-11-17;65;M;4;0;B;27;28;4
713962;2021-11-17;80;F;2;1;C;15;16;6
713976;2021-11-17;426;F;3;0;C;40;47;5
714064;2021-11-17;848;F;5;3;A;66;78;6
714137;2021-11-24;99;F;1;4;C;24;25;4
714234;2021-11-24;872;M;3;4;A;67;87;6
714300;2021-11-24;18;M;4;0;C;43;50;5
714323;2021-11-24;197;F;2;0;B;10;10;5
714327;2021-11-24;120;F;4;3;A;60;64;6
714377;2021-11-24;226;F;4;0;B;37;39;6
714401;2021-11-24;161;M;5;2;B;27;31;4
714448;2021-11-24;505;F;1;0;C;68;76;5
714455;2021-11-24;181;F;2;2;B;72;86;6
714515;2021-11-24;484;M;3;2;C;19;21;5
714609;2021-11-24;820;M;1;4;B;49;55;5
714679;2021-11-24;417;M;4;1;B;34;37;5
714684;2021-11-24;700;F;4;2;C;8;8;3
714763;2021-11-24;29;M;2;0;B;16;16;5
714847;2021-11-24;642;M;2;3;B;50;56;6
714910;2021-11-24;812;F;2;0;A;69;76;5
715004;2021-11-24;602;M;3;0;B;6;7;3
715017;2021-11-24;908;M;3;2;C;52;62;6
715091;2021-11-24;746;M;3;0;C;67;78;6
715116;2021-11-24;319;M;1;4;B;62;69;7
715196;2021-11-24;191;M;3;0;B;8;8;4
715295;2021-11-24;730;F;2;0;B;63;85;6
715351;2021-11-24;248;M;3;0;C;18;19;5
715411;2021-11-24;553;F;4;0;B;35;38;5
715453;2021-11-24;281;F;2;0;B;47;52;5
715522;2021-11-24;955;F;3;2;C;14;15;4
715589;2021-11-24;462;F;4;0;A;36;39;5
715684;2021-11-24;947;F;3;1;B;45;51;7
715759;2021-11-24;19;F;2;2;C;31;34;7
715786;2021-11-24;604;M;4;0;B;34;37;6
715796;2021-11-24;635;F;4;0;B;23;23;4
715892;2021-11-24;837;F;2;0;C;32;36;4
715920;2021-11-24;41;M;3;0;C;32;38;5
715934;2021-11-27;520;M;1;0;B;61;64;6
715952;2021-11-27;658;F;1;1;B;37;46;6
716029;2021-11-27;327;M;4;2;A;3;3;2
716083;2021-11-27;583;F;2;0;B;40;43;5
716178;2021-11-27;80;F;2;1;C;13;13;4
716185;2021-11-27;814;M;4;0;B;57;65;6
716223;2021-11-27;143;F;1;4;B;19;19;5
716256;2021-11-27;959;M;5;1;B;53;56;6
716308;2021-11-27;649;F;3;0;B;4;5;3
716360;2021-11-27;552;M;4;0;B;14;15;5
716432;2021-11-27;458;F;3;4;C;4;4;3
716511;2021-11-27;618;M;4;3;B;17;20;3
716566;2021-11-27;126;M;1;0;C;32;34;6
716570;2021-11-27;901;F;4;1;B;8;8;2
716574;2021-11-27;922;M;1;0;B;21;22;5
716576;2021-11-27;462;F;4;0;A;16;16;4
716672;2021-11-27;466;F;1;0;C;36;38;6
716723;2021-11-27;508;F;3;0;B;14;14;4
716795;2021-04-12;204;F;3;3;B;73;89;7
716837;2021-04-12;303;M;3;4;B;57;73;6
716839;2021-04-12;18;M;4;0;C;63;76;6
716857;2021-04-12;777;F;1;0;B;59;65;4
716952;2021-04-12;325;M;1;3;B;51;58;6
716987;2021-04-12;424;M;1;4;B;38;41;5
717078;2021-04-12;945;F;2;3;B;73;88;6
717144;2021-04-12;955;F;3;2;C;59;72;6
717164;2021-04-12;386;M;4;2;A;16;17;5
717226;2021-04-12;183;M;4;1;B;63;75;6
717283;2021-04-12;629;M;3;0;C;41;47;6
717305;2021-04-12;233;M;3;0;B;12;12;4
717398;2021-04-12;547;F;3;4;C;13;13;4
717475;2021-04-12;536;M;4;0;B;48;56;6
717484;2021-04-12;146;F;2;0;B;35;40;4
717538;2021-04-12;946;M;3;0;B;11;11;3
717565;2021-04-12;505;F;1;0;C;51;55;5
717643;2021-04-12;254;F;5;2;B;50;58;6
717645;2021-04-12;961;F;1;0;C;17;18;3
717685;2021-04-12;422;F;2;4;C;55;60;7
717747;2021-04-12;5;F;4;3;C;64;72;6
717809;2021-04-12;119;F;3;2;B;56;61;5
717888;2021-04-12;937;M;3;4;C;17;17;4
717922;2021-04-12;251;F;2;0;C;52;58;6
717981;2021-04-12;810;M;1;0;B;69;82;6
718066;2021-04-12;191;M;3;0;B;74;86;6
718124;2021-04-12;360;M;4;0;B;52;56;7
718168;2021-04-12;382;F;3;0;C;71;75;6
718244;2021-04-12;132;M;2;0;A;64;70;7
718297;2021-04-12;254;F;5;2;B;61;77;6
718329;2021-04-12;552;M;4;0;B;74;87;6
718423;2021-04-12;582;F;2;0;B;59;68;5
718439;2021-04-12;115;M;4;0;B;43;46;5
718487;2021-04-12;39;M;2;0;C;60;66;4
718550;2021-07-12;303;M;3;4;B;70;87;6
718565;2021-07-12;564;M;3;2;B;42;44;5
718658;2021-07-12;487;F;3;0;C;69;79;6
718756;2021-07-12;774;F;2;0;B;69;82;6
718843;2021-07-12;547;F;3;4;C;75;87;6
718873;2021-07-12;103;M;3;4;B;66;83;6
718922;2021-07-12;426;F;3;0;C;13;13;3
719001;2021-07-12;550;M;4;0;B;55;61;7
719057;2021-07-12;495;F;2;3;A;7;7;3
719151;2021-07-12;122;M;3;3;B;71;86;6
719192;2021-07-12;845;F;3;3;C;11;11;4
719258;2021-07-12;405;F;4;0;B;30;35;5
719265;2021-07-12;759;F;3;0;B;70;87;6
719326;2021-07-12;514;M;4;0;C;12;12;4
719421;2021-07-12;334;M;3;0;C;40;46;5
719430;2021-07-12;99;F;1;4;C;34;37;5
719505;2021-07-12;395;F;4;1;B;8;8;3
719510;2021-07-12;785;M;1;4;C;16;19;4
719524;2021-07-12;315;F;3;0;B;8;8;2
719528;2021-07-12;735;F;4;0;B;25;27;3
719608;2021-07-12;900;F;3;0;B;23;26;4
719651;2021-07-12;672;F;4;0;B;20;20;5
719704;2021-07-12;164;M;2;3;A;34;36;7
719710;2021-07-12;477;F;4;0;B;5;5;3
719769;2021-07-12;918;F;2;4;C;11;11;4
719771;2021-07-12;596;M;2;0;B;52;57;6
719830;2021-07-12;26;F;4;1;A;45;53;6
719901;2021-07-12;152;F;3;1;C;24;25;4
719906;2021-07-12;127;F;4;2;C;16;17;3
719928;2021-07-12;61;M;1;2;B;20;21;3
719965;2021-07-12;692;F;4;0;B;43;52;6
719977;2021-07-12;352;M;4;2;B;73;88;5
720026;2021-07-12;836;F;2;0;B;25;28;5
720059;2021-07-12;920;F;5;3;B;28;28;4
720089;2021-07-12;819;M;4;0;B;34;39;5
720112;2021-07-12;926;M;1;0;B;47;53;6
720191;2021-07-12;244;M;4;0;B;6;6;4
720235;2021-07-12;325;M;1;3;B;42;45;6
720333;2021-07-12;279;M;1;2;B;62;73;6
720411;2021-07-12;585;F;2;4;B;46;50;5
720450;2021-07-12;357;M;2;2;C;14;14;5
720495;2021-07-12;315;F;3;0;B;47;50;5
720550;2021-07-12;135;M;3;0;B;67;87;6
720552;2021-07-12;221;F;1;0;B;31;34;5
720565;2021-07-12;420;M;3;0;B;8;8;4
720598;2021-07-12;634;F;2;0;C;4;4;2
720696;2021-07-12;654;M;1;1;B;10;10;3
720784;2021-07-12;94;M;1;2;C;39;47;5
720851;2021-07-12;220;M;1;0;B;27;31;5
720898;2021-07-12;739;F;2;3;B;47;55;6
720996;2021-07-12;908;M;3;2;C;14;15;6
721072;2021-07-12;223;F;3;0;B;68;76;7
721153;2021-10-12;844;F;5;1;A;24;28;4
721239;2021-10-12;394;M;1;0;B;69;82;6
721276;2021-10-12;361;F;1;0;C;45;51;6
721328;2021-10-12;910;M;2;2;B;20;20;6
721386;2021-10-12;714;M;1;0;B;21;21;6
721449;2021-10-12;277;F;1;3;B;64;73;6
721502;2021-10-12;861;M;3;0;B;3;3;1
721523;2021-10-12;223;F;3;0;B;48;59;5
721617;2021-10-12;38;M;3;0;B;37;38;6
721711;2021-10-12;233;M;3;0;B;2;2;1
721756;2021-10-12;93;F;2;0;C;1;1;1
721830;2021-10-12;267;F;4;2;B;42;44;5
721856;2021-10-12;174;M;4;3;C;4;4;3
721905;2021-10-12;523;M;3;0;B;12;12;4
721972;2021-10-12;990;F;1;4;B;61;68;6
721992;2021-10-12;215;M;2;4;B;41;44;7
721997;2021-10-12;67;M;1;0;B;30;33;6
722065;2021-10-12;977;M;1;0;C;32;34;6
722118;2021-10-12;441;M;4;2;B;51;59;7
722146;2021-10-12;916;F;3;4;C;40;41;6
722222;2021-10-12;271;F;4;0;B;58;65;7
722271;2021-10-12;437;F;2;1;C;33;34;6
722353;2021-10-12;795;F;4;2;B;58;63;7
722394;2021-10-12;130;F;1;0;B;43;47;5
722483;2021-10-12;957;M;2;3;B;28;31;4
722532;2021-10-12;885;F;3;1;A;45;48;7
722570;2021-10-12;503;F;2;1;B;33;34;5
722669;2021-10-12;917;M;1;0;A;28;30;4
722757;2021-10-12;822;M;2;3;B;64;74;6
722816;2021-10-12;394;M;1;0;B;68;82;6
722876;2021-10-12;629;M;3;0;C;10;11;3
722936;2021-10-12;682;F;2;2;B;21;21;4
722938;2021-10-12;942;M;1;0;B;32;35;5
723005;2021-10-12;339;F;4;0;C;75;88;6
723089;2021-10-12;731;M;3;4;B;37;39;6
723183;2021-10-12;225;M;4;0;C;11;11;6
723239;2021-10-12;962;M;3;4;B;4;4;3
723301;2021-10-12;621;F;4;0;B;70;82;6
723310;2021-10-12;579;F;3;0;B;30;32;5
723314;2021-10-12;653;M;2;0;C;40;44;5
723340;2021-10-12;409;F;3;4;B;70;86;6
723363;2021-10-12;435;F;2;0;C;47;49;6
723459;2021-10-12;622;F;3;0;B;2;2;2
723485;2021-12-16;876;F;2;3;B;41;41;6
723513;2021-12-16;61;M;1;2;B;71;77;6
723559;2021-12-16;731;M;3;4;B;20;21;4
723578;2021-12-16;310;M;4;3;C;61;66;6
723657;2021-12-16;38;M;3;0;B;6;6;2
723688;2021-12-16;493;M;2;4;B;35;39;5
723752;2021-12-16;188;M;2;2;B;68;76;7
723778;2021-12-16;365;M;4;0;A;46;54;6
723836;2021-12-16;576;M;3;0;B;48;52;7
723837;2021-12-16;906;M;2;0;A;53;55;5
723930;2021-12-16;746;M;3;0;C;26;26;6
723979;2021-12-16;234;M;3;4;B;31;32;5
723992;2021-12-16;351;F;2;2;B;77;89;6
724043;2021-12-16;576;M;3;0;B;69;79;7
724086;2021-12-16;99;F;1;4;C;13;13;5
724102;2021-12-16;150;M;1;4;B;22;22;5
724178;2021-12-16;309;M;1;0;B;73;89;6
724269;2021-12-16;206;F;3;1;C;2;2;2
724284;2021-12-16;407;F;3;3;A;63;83;6
724372;2021-12-16;181;F;2;2;B;42;49;4
724418;2021-12-16;957;M;2;3;B;73;85;6
724481;2021-12-16;759;F;3;0;B;5;5;3
724559;2021-12-16;35;M;3;0;B;49;54;6
724579;2021-12-16;767;F;1;0;B;46;53;6
724593;2021-12-16;779;M;3;4;A;51;58;5
724609;2021-12-16;590;M;4;3;B;22;25;5
724706;2021-12-16;406;M;2;4;C;57;66;5
724726;2021-12-16;478;M;1;4;A;54;65;6
724823;2021-12-16;103;M;3;4;B;24;24;3
724902;2021-12-16;914;M;2;4;B;48;55;6
724907;2021-12-16;703;M;1;3;B;56;64;6
724954;2021-12-16;97;F;4;1;B;27;29;3
725041;2021-12-16;873;F;3;0;B;6;6;3
725085;2021-12-16;771;F;4;0;B;41;47;5
725086;2021-12-16;443;F;4;0;C;1;1;1
725102;2021-12-16;451;M;3;0;C;63;75;6
725171;2021-12-16;782;M;3;3;B;32;35;4
725225;2021-12-16;591;M;4;1;B;65;70;6
725293;2021-12-16;738;M;1;0;C;32;33;6
725373;2021-12-16;118;M;2;4;A;15;15;4
725440;2021-12-16;898;F;4;0;C;60;75;5
725494;2021-12-16;111;M;2;4;C;50;56;5
725544;2021-12-16;672;F;4;0;B;15;17;5
725597;2021-12-16;977;M;1;0;C;28;30;6
725683;2021-12-16;516;M;1;0;C;19;21;4
725758;2021-12-16;927;M;1;1;C;27;30;5
725771;2021-12-16;853;M;5;2;A;61;71;6
725840;2021-12-16;755;M;3;4;B;34;38;5
725917;2021-12-16;762;F;2;0;B;28;31;4
725995;2021-12-16;347;F;4;0;B;64;76;5
726006;2021-12-16;721;M;3;2;C;7;7;3
726091;2021-12-16;877;M;2;0;C;39;44;6
726153;2021-12-22;786;F;1;4;C;24;25;4
726174;2021-12-22;51;F;3;0;B;19;20;3
726250;2021-12-22;858;F;4;2;C;52;58;6
726305;2021-12-22;37;M;3;0;B;37;39;6
726329;2021-12-22;822;M;2;3;B;18;18;5
726394;2021-12-22;757;F;4;3;C;1;1;1
726428;2021-12-22;706;F;2;0;A;31;35;5
726440;2021-12-22;720;M;2;3;B;20;21;5
726461;2021-12-22;429;M;4;0;C;47;56;5
726495;2021-12-22;825;M;1;2;C;31;34;6
726594;2021-12-22;837;F;2;0;C;13;13;5
726691;2021-12-22;344;M;3;0;B;18;19;4
726692;2021-12-22;671;M;2;0;C;71;81;6
726789;2021-12-22;720;M;2;3;B;10;10;5
726867;2021-12-22;518;F;1;0;B;2;2;2
726962;2021-12-22;341;M;2;0;C;14;14;4
727006;2021-12-22;489;F;4;3;B;48;56;6
727025;2021-12-22;17;M;4;0;B;61;70;6
727100;2021-12-22;91;M;3;0;B;41;41;6
727128;2021-12-22;116;M;4;0;B;27;29;5
727150;2021-12-22;647;M;1;0;C;59;64;7
727193;2021-12-22;387;M;2;2;B;66;79;6
727259;2021-12-22;112;M;4;0;B;6;6;5
727292;2021-12-22;681;M;1;0;C;28;29;5
727303;2021-12-22;120;F;4;3;A;57;65;7
727365;2021-12-22;956;M;5;1;C;25;29;5
727444;2021-12-22;722;F;4;0;B;11;14;3
727511;2021-12-22;78;M;1;0;B;44;49;3
727531;2021-12-22;97;F;4;1;B;68;86;7
727586;2021-12-22;606;M;1;0;B;68;80;6
727627;2021-12-22;146;F;2;0;B;47;49;7
727717;2021-12-22;473;F;4;3;B;31;35;5
727750;2021-12-22;699;F;1;0;C;6;6;5
727801;2021-12-22;570;F;4;1;C;68;77;5
727856;2021-12-22;49;M;2;0;C;56;59;6
727892;2021-12-22;346;F;2;4;C;41;45;6
727955;2021-12-22;792;F;2;0;B;29;31;5
727967;2021-12-22;147;M;1;0;A;70;88;6
728048;2021-12-22;159;M;1;0;C;17;17;4
728128;2021-12-22;737;F;2;1;C;6;6;3
728221;2021-12-22;325;M;1;3;B;77;88;6
728306;2021-12-22;19;F;2;2;C;12;13;3
728316;2021-12-22;523;M;3;0;B;70;81;6
728355;2021-12-22;988;F;2;0;C;59;66;6
728426;2021-12-22;511;F;1;0;B;11;11;4
728465;2021-12-22;282;M;2;0;B;25;25;4
728529;2021-12-22;574;F;2;2;B;1;1;1
728565;2021-12-22;737;F;2;1;C;66;80;7
728609;2021-12-22;854;F;5;1;C;2;2;2
728677;2021-12-22;414;F;1;0;B;31;36;6
728774;2021-12-22;800;M;1;0;C;22;23;4
728839;2021-12-22;296;F;1;3;B;27;31;6
728891;2021-12-22;444;F;2;0;B;24;25;4
728929;2021-12-22;943;F;1;0;C;21;21;4
728938;2021-12-22;819;M;4;0;B;9;9;2
728996;2021-12-22;133;F;2;0;B;48;51;6
729000;2021-12-24;638;M;3;1;B;50;56;6
729031;2021-12-24;548;F;4;0;C;29;30;5
729081;2021-12-24;319;M;1;4;B;36;37;5
729110;2021-12-24;331;F;4;0;B;61;67;5
729148;2021-12-24;860;M;1;0;B;48;53;6
729171;2021-12-24;595;M;1;0;B;5;6;3
729189;2021-12-24;919;F;2;0;C;25;28;5
729213;2021-12-24;531;F;3;1;B;63;77;6
729222;2021-12-24;284;M;4;1;B;54;64;6
729255;2021-12-24;990;F;1;4;B;54;59;6
729294;2021-12-24;447;M;2;0;B;20;20;7
729298;2021-12-24;655;M;2;0;B;34;37;6
729375;2021-12-24;206;F;3;1;C;1;1;1
729463;2021-12-24;916;F;3;4;C;74;88;6
729532;2021-12-24;369;F;3;4;C;61;70;6
729599;2021-12-24;783;F;1;0;B;66;86;6
729642;2021-12-24;420;M;3;0;B;1;1;1
729692;2021-12-24;554;F;3;0;A;61;73;5
729788;2021-12-24;247;M;1;0;B;21;22;4
729882;2021-12-24;306;F;3;0;B;76;85;6
729981;2021-12-24;111;M;2;4;C;18;19;5
730042;2021-12-24;220;M;1;0;B;63;78;5
730097;2021-12-24;533;F;4;0;A;56;67;6
730158;2021-12-24;589;F;3;2;C;21;21;7
730200;2021-12-24;813;F;4;0;C;10;11;5
730278;2021-12-24;748;M;4;0;B;10;10;4
730374;2021-12-24;860;M;1;0;B;72;85;7
730409;2021-12-24;296;F;1;3;B;33;36;4
730423;2021-12-24;837;F;2;0;C;12;13;4
730508;2021-12-24;961;F;1;0;C;68;81;7
730514;2021-12-24;695;M;2;0;A;67;83;6
730554;2021-12-24;628;M;3;0;B;50;56;5
730607;2021-12-24;775;F;2;3;B;50;57;5
730685;2021-12-24;938;M;1;4;B;17;17;4
730727;2021-12-24;535;M;4;0;A;12;12;3
730808;2021-12-24;272;M;4;3;C;52;62;5
730855;2021-12-24;108;M;1;0;B;20;21;5
730898;2021-12-24;69;M;4;3;A;26;27;5
730977;2021-12-24;371;F;4;0;B;45;49;5
731047;2021-12-24;820;M;1;4;B;70;84;5
731130;2021-12-24;26;F;4;1;A;10;11;4
731165;2021-12-24;472;M;2;1;C;46;57;4
731184;2021-12-24;528;M;2;2;C;46;52;5
731274;2021-12-24;544;F;2;0;B;26;26;5
731364;2021-12-24;37;M;3;0;B;26;26;5
731455;2021-12-24;336;F;1;0;C;48;50;6
731460;2021-12-24;503;F;2;1;B;30;31;4
731545;2021-12-24;765;F;5;1;B;43;53;6
731607;2021-12-24;294;F;4;0;C;4;4;2
731692;2021-12-24;848;F;5;3;A;72;84;6
731730;2021-12-24;883;M;1;0;B;43;51;6
731780;2021-12-24;406;M;2;4;C;56;63;6
731869;2021-12-24;130;F;1;0;B;73;87;5
731920;2021-12-24;628;M;3;0;B;4;4;3
731945;2021-12-24;801;M;1;4;B;50;60;6
731975;2021-12-24;508;F;3;0;B;5;5;2
732028;2021-12-24;64;F;4;0;B;11;11;3
732112;2021-12-24;300;F;1;3;C;60;68;5
732164;2021-12-24;231;F;4;2;B;33;34;4
732252;2021-12-24;109;M;2;1;B;27;27;4
732262;2021-12-24;950;M;3;0;C;17;17;5
732329;2021-12-24;865;F;1;0;B;60;66;5
732419;2021-12-24;351;F;2;2;B;75;85;7
732476;2021-12-24;822;M;2;3;B;47;54;6
732479;2021-12-24;311;F;4;0;C;24;26;4
732555;2021-12-24;638;M;3;1;B;68;76;6
732580;2021-12-24;256;F;4;0;B;32;33;5
732639;2021-12-24;77;F;4;1;B;51;57;6
732684;2021-12-24;852;M;2;3;B;2;2;2
732708;2021-12-24;355;M;3;4;B;44;52;5
732793;2021-12-24;243;F;1;4;C;60;70;7
732832;2021-12-24;285;M;3;0;B;54;58;4
732874;2021-12-24;694;M;4;0;C;29;31;6
732919;2021-12-24;589;F;3;2;C;67;75;6
732938;2021-12-24;670;M;4;0;C;41;49;6
733011;2021-12-24;660;F;3;0;C;72;85;6
733102;2021-12-24;827;M;4;0;B;62;71;6
733153;2021-12-24;854;F;5;1;C;76;84;7
733171;2021-12-24;345;F;2;3;B;21;22;5
733194;2021-12-24;309;M;1;0;B;56;66;5
733249;2021-12-24;514;M;4;0;C;21;22;5
733277;2021-12-24;758;F;3;0;B;37;42;7
733281;2021-12-24;501;M;1;0;B;66;75;7
733344;2021-12-24;107;F;2;0;C;23;23;3
733359;2021-12-24;945;F;2;3;B;55;63;6
733385;2021-12-24;797;M;2;4;B;16;16;3
733421;2021-12-30;544;F;2;0;B;55;64;6
733482;2021-12-30;275;M;4;0;B;52;57;5
733491;2021-12-30;248;M;3;0;C;25;26;6
733518;2021-12-30;309;M;1;0;B;60;67;6
733559;2021-12-30;252;M;2;2;B;20;20;5
733649;2021-12-30;399;F;4;1;C;18;18;5
733675;2021-12-30;668;M;1;0;A;58;69;6
733711;2021-12-30;885;F;3;1;A;5;5;4
733774;2021-12-30;647;M;1;0;C;45;47;6
733793;2021-12-30;924;F;2;2;B;5;5;2
733805;2021-12-30;351;F;2;2;B;45;57;6
733887;2021-12-30;569;M;1;1;A;58;65;6
733890;2021-12-30;84;F;3;0;C;1;1;1
733936;2021-12-30;547;F;3;4;C;50;55;7
733965;2021-12-30;447;M;2;0;B;28;34;5
733995;2021-12-30;210;M;2;2;C;30;33;4
734092;2021-12-30;439;F;3;0;B;14;16;5
734104;2021-12-30;616;F;1;2;C;54;60;5
734116;2021-12-30;718;F;3;2;B;64;73;6
734158;2021-12-30;76;M;3;0;A;58;68;7
734227;2021-12-30;909;M;3;0;B;62;72;6
734229;2021-12-30;142;F;1;0;B;47;52;6
734275;2021-12-30;127;F;4;2;C;55;64;6
734324;2021-12-30;438;F;1;0;B;54;58;6
734330;2021-12-30;1000;F;4;1;B;10;10;5
734382;2021-12-30;892;F;4;2;B;62;70;5
734426;2021-12-30;414;F;1;0;B;50;53;6
734476;2021-12-30;312;M;1;0;A;13;13;4
734517;2021-12-30;403;M;3;2;B;34;36;4
734545;2021-12-30;438;F;1;0;B;20;20;5
734608;2021-12-30;434;M;1;4;B;11;11;4
734632;2021-12-30;150;M;1;4;B;19;21;5
734662;2021-12-30;823;M;5;3;B;11;11;3
734731;2021-12-30;287;F;1;0;B;50;59;5
734743;2021-12-30;486;M;4;0;B;41;49;5
734754;2021-12-30;374;F;3;0;B;40;48;5
734827;2021-12-30;421;M;3;3;C;21;22;5
734852;2021-12-30;438;F;1;0;B;49;57;6
734924;2021-12-30;593;M;4;1;B;22;22;4
734970;2021-12-30;991;F;2;2;C;50;55;5
735056;2021-12-30;970;M;2;4;B;17;19;4
735144;2021-12-30;292;F;2;0;C;73;88;6
735169;2021-12-30;152;F;3;1;C;33;34;6
735231;2021-12-30;642;M;2;3;B;20;20;4
735310;2021-12-30;811;M;2;1;B;21;21;4
735355;2021-12-30;389;F;3;0;C;28;31;5
735454;2021-12-30;508;F;3;0;B;71;81;6
735512;2021-12-30;406;M;2;4;C;39;43;4
735557;2021-12-30;782;M;3;3;B;20;21;5
735583;2021-12-30;886;F;5;1;B;64;75;6
735660;2021-12-30;95;M;1;0;B;61;74;7
735667;2021-12-30;189;F;3;4;C;68;73;6
735698;2021-12-30;407;F;3;3;A;12;12;4
735785;2021-12-30;973;F;4;0;B;13;13;3
735808;2021-12-30;756;F;1;4;B;29;31;6
735853;2021-12-30;553;F;4;0;B;50;59;6
735928;2021-12-30;383;M;1;3;C;65;73;6
735955;2021-12-30;52;F;1;0;A;71;84;7
735965;2021-12-30;626;M;3;1;C;30;31;4
736041;2021-12-30;375;M;4;0;B;36;39;6
736119;2021-12-30;885;F;3;1;A;31;34;5
736163;2021-12-30;114;F;3;3;B;41;47;6
736227;2022-05-01;383;M;1;3;C;59;70;5
736315;2022-05-01;926;M;1;0;B;60;69;5
736343;2022-05-01;879;M;2;2;C;7;7;3
736442;2022-05-01;166;F;1;0;B;1;1;1
736529;2022-05-01;569;M;1;1;A;71;85;6
736568;2022-05-01;340;M;3;4;B;16;16;4
736648;2022-05-01;543;M;2;2;B;43;48;5
736721;2022-05-01;378;F;2;0;C;58;64;6
736810;2022-05-01;916;F;3;4;C;68;75;6
736835;2022-05-01;131;F;2;0;C;19;19;4
736858;2022-05-01;494;F;5;1;C;53;59;6
736903;2022-05-01;289;F;3;4;C;58;63;7
736914;2022-05-01;24;F;4;0;C;50;52;6
736955;2022-05-01;692;F;4;0;B;8;8;3
736980;2022-05-01;642;M;2;3;B;54;64;6
737008;2022-05-01;339;F;4;0;C;68;73;5
737035;2022-05-01;938;M;1;4;B;69;89;7
737051;2022-05-01;532;F;2;3;B;20;20;4
737054;2022-05-01;259;M;1;1;B;8;8;3
737146;2022-05-01;265;M;2;3;B;41;45;5
737245;2022-05-01;885;F;3;1;A;13;15;4
737337;2022-05-01;485;M;3;3;B;62;74;6
737365;2022-05-01;672;F;4;0;B;74;84;6
737420;2022-05-01;875;F;1;0;B;13;13;4
737506;2022-05-01;538;M;3;0;B;25;29;4
737557;2022-05-01;245;F;4;3;B;19;21;3
737594;2022-05-01;316;F;3;2;B;50;57;6
737639;2022-05-01;608;F;3;0;C;72;81;6
737698;2022-05-01;789;F;5;1;B;62;69;7
737745;2022-05-01;413;M;3;2;B;49;57;5
737838;2022-05-01;477;F;4;0;B;54;68;6
737841;2022-05-01;582;F;2;0;B;35;37;6
737843;2022-05-01;593;M;4;1;B;71;83;6
737849;2022-05-01;891;F;3;2;B;11;11;5
737873;2022-05-01;821;F;2;3;B;59;77;6
737887;2022-05-01;315;F;3;0;B;58;66;6
737936;2022-05-01;137;F;4;1;B;28;31;5
738022;2022-05-01;109;M;2;1;B;61;67;6
738083;2022-05-01;640;M;4;0;C;62;64;7
738125;2022-05-01;480;F;2;0;C;18;19;4
738142;2022-05-01;586;F;4;2;B;20;21;5
738193;2022-05-01;59;M;2;0;A;65;76;6
738241;2022-05-01;305;F;4;0;B;68;83;6
738297;2022-09-01;546;F;4;0;B;62;71;7
738365;2022-09-01;6;F;2;0;B;40;45;6
738451;2022-09-01;708;F;2;2;B;55;59;6
738519;2022-09-01;940;F;1;3;B;26;29;3
738611;2022-09-01;95;M;1;0;B;21;21;4
738652;2022-09-01;793;M;1;3;B;12;12;4
738727;2022-09-01;141;M;3;4;B;40;43;5
738800;2022-09-01;568;F;4;1;A;76;87;6
738818;2022-09-01;412;M;2;0;B;44;48;6
738902;2022-09-01;954;F;4;2;B;33;36;6
739000;2022-09-01;213;M;2;4;B;12;14;4
739086;2022-09-01;781;M;4;0;B;65;69;5
739158;2022-09-01;372;M;1;4;B;69;83;6
739202;2022-09-01;544;F;2;0;B;31;33;4
739280;2022-09-01;793;M;1;3;B;6;6;4
739356;2022-09-01;912;F;4;0;C;58;64;6
739404;2022-09-01;502;M;4;0;C;26;26;5
739459;2022-09-01;980;F;1;0;B;14;14;4
739530;2022-09-01;327;M;4;2;A;49;53;5
739550;2022-09-01;506;F;4;3;B;53;61;6
739585;2022-09-01;1;M;1;0;C;24;25;4
739642;2022-09-01;145;M;3;0;B;14;15;4
739719;2022-09-01;806;F;2;3;B;6;6;4
739809;2022-09-01;579;F;3;0;B;33;36;5
739908;2022-09-01;554;F;3;0;A;45;49;6
739966;2022-09-01;298;F;4;0;C;8;8;3
740002;2022-09-01;545;M;2;2;B;64;76;6
740036;2022-09-01;519;M;2;4;B;1;1;1
740114;2022-09-01;901;F;4;1;B;4;4;4
740154;2022-09-01;754;F;3;4;B;67;82;5
740155;2022-09-01;254;F;5;2;B;49;52;5
740183;2022-09-01;244;M;4;0;B;62;68;7
740200;2022-09-01;334;M;3;0;C;5;5;4
740212;2022-09-01;690;F;1;3;B;62;76;6
740259;2022-09-01;453;F;1;0;B;61;65;6
740292;2022-01-15;929;M;4;0;B;36;38;5
740348;2022-01-15;617;F;4;3;C;54;60;7
740367;2022-01-15;770;M;2;3;B;20;20;5
740432;2022-01-15;529;M;1;2;B;26;26;5
740441;2022-01-15;256;F;4;0;B;36;39;6
740449;2022-01-15;759;F;3;0;B;13;13;3
740529;2022-01-15;797;M;2;4;B;28;32;5
740609;2022-01-15;159;M;1;0;C;24;26;5
740624;2022-01-15;297;M;4;0;B;25;26;4
740672;2022-01-15;186;M;2;4;C;14;15;5
740771;2022-01-15;570;F;4;1;C;63;73;7
740792;2022-01-15;740;F;1;4;C;52;61;7
740819;2022-01-15;895;M;3;0;B;14;16;3
740822;2022-01-15;613;F;3;0;B;30;33;6
740909;2022-01-15;106;M;1;0;B;4;4;3
740982;2022-01-15;346;F;2;4;C;47;55;6
740983;2022-01-15;59;M;2;0;A;4;4;3
741007;2022-01-15;504;M;3;0;B;67;79;6
741097;2022-01-15;422;F;2;4;C;44;45;4
741140;2022-01-15;383;M;1;3;C;72;83;6
741154;2022-01-15;114;F;3;3;B;53;57;7
741155;2022-01-15;834;M;3;3;B;15;15;5
741184;2022-01-15;187;M;2;1;B;55;62;6
741257;2022-01-15;987;F;1;0;B;24;26;6
741277;2022-01-15;177;F;3;2;C;32;35;5
741372;2022-01-15;882;F;4;1;B;59;68;7
741392;2022-01-15;289;F;3;4;C;42;43;6
741466;2022-01-15;959;M;5;1;B;68;79;6
741506;2022-01-15;864;F;1;3;B;15;15;4
741548;2022-01-15;862;M;4;0;B;55;58;6
741619;2022-01-15;138;F;3;2;B;61;72;7
741680;2022-01-15;338;M;2;0;B;43;48;6
741726;2022-01-15;573;F;1;0;C;24;24;5
741762;2022-01-15;131;F;2;0;C;35;39;6
741786;2022-01-15;913;M;3;4;C;71;85;7
741869;2022-01-15;655;M;2;0;B;51;57;5
741940;2022-01-15;952;F;3;4;C;59;62;6
741993;2022-01-15;894;F;4;3;C;37;38;6
742007;2022-01-15;245;F;4;3;B;21;24;5
742052;2022-01-15;204;F;3;3;B;35;41;6
742066;2022-01-15;88;F;1;0;B;58;68;6
742125;2022-01-15;665;M;1;4;B;2;2;1
742218;2022-01-15;867;M;2;3;B;49;56;7
742268;2022-01-15;14;M;1;3;B;61;69;6
742318;2022-01-15;747;M;1;0;B;64;77;6
742367;2022-01-15;652;F;4;0;B;36;41;5
742420;2022-01-15;895;M;3;0;B;38;40;5
742519;2022-01-15;725;M;4;0;C;49;55;5
742573;2022-01-15;602;M;3;0;B;6;6;2
742646;2022-01-15;244;M;4;0;B;72;83;6
742720;2022-01-15;469;M;4;2;C;26;29;6
742741;2022-01-15;299;F;3;1;C;16;16;3
742764;2022-01-15;456;M;1;4;B;65;78;7
742817;2022-01-15;610;M;2;0;B;46;55;7
742916;2022-01-15;358;F;3;0;C;12;12;5
742943;2022-01-15;879;M;2;2;C;43;52;6
742977;2022-01-15;208;M;3;0;B;60;71;6
743050;2022-01-15;332;F;3;4;C;49;54;6
743093;2022-01-15;633;F;3;0;C;18;18;5
743131;2022-01-15;822;M;2;3;B;21;22;7
743168;2022-01-15;674;M;4;1;B;32;34;5
743201;2022-01-15;505;F;1;0;C;75;82;6
743277;2022-01-15;749;F;4;1;B;3;3;1
743375;2022-01-15;316;F;3;2;B;2;2;2
743469;2022-01-15;688;M;1;1;A;27;28;4
743560;2022-01-15;366;M;3;4;B;47;54;6
743639;2022-01-15;505;F;1;0;C;25;25;6
743653;2022-01-15;619;M;4;1;B;16;20;5
743675;2022-01-15;694;M;4;0;C;54;61;6
743708;2022-01-15;334;M;3;0;C;69;72;7
743744;2022-01-15;49;M;2;0;C;22;23;4
743814;2022-01-15;544;F;2;0;B;32;34;3
743867;2022-01-15;181;F;2;2;B;45;48;6
743887;2022-01-15;83;M;1;4;B;16;19;5
743957;2022-01-15;692;F;4;0;B;63;74;6
744001;2022-01-15;327;M;4;2;A;67;76;5
744096;2022-01-15;178;M;3;0;A;33;34;5
744153;2022-01-15;84;F;3;0;C;28;30;5
744225;2022-01-15;336;F;1;0;C;35;39;6
744249;2022-01-15;935;F;2;0;B;27;27;5
744264;2022-01-18;12;M;1;1;A;16;17;5
744317;2022-01-18;42;M;2;2;B;23;26;5
744400;2022-01-18;638;M;3;1;B;38;43;5
744408;2022-01-18;769;F;3;3;C;29;32;6
744419;2022-01-18;821;F;2;3;B;59;70;6
744434;2022-01-18;496;F;2;0;B;6;6;2
744493;2022-01-18;557;F;2;0;A;47;58;5
744589;2022-01-18;702;M;1;0;B;63;81;5
744621;2022-01-18;432;F;1;0;C;44;47;4
744678;2022-01-18;141;M;3;4;B;10;10;4
744766;2022-01-18;810;M;1;0;B;41;47;7
744857;2022-01-18;712;F;2;3;B;33;39;5
744925;2022-01-18;257;M;1;4;C;29;33;5
744970;2022-01-18;749;F;4;1;B;61;72;6
745031;2022-01-18;689;M;2;0;C;4;4;2
745048;2022-01-18;573;F;1;0;C;74;89;7
745133;2022-01-18;460;F;1;3;B;27;27;5
745147;2022-01-18;208;M;3;0;B;49;56;6
745152;2022-01-21;870;F;1;0;B;23;26;4
745198;2022-01-21;643;F;4;0;C;19;19;3
745261;2022-01-21;813;F;4;0;C;42;45;6
745326;2022-01-21;424;M;1;4;B;51;62;5
745384;2022-01-21;475;F;4;3;B;59;65;5
745388;2022-01-21;111;M;2;4;C;1;1;1
745442;2022-01-21;976;M;4;2;B;41;47;5
745531;2022-01-21;539;M;2;0;C;11;11;4
745621;2022-01-21;264;F;4;1;B;46;51;5
745657;2022-01-21;6;F;2;0;B;32;33;4
745675;2022-01-21;610;M;2;0;B;56;59;5
745688;2022-01-21;781;M;4;0;B;72;86;7
745743;2022-01-21;658;F;1;1;B;29;29;4
745817;2022-01-21;783;F;1;0;B;65;75;6
745868;2022-01-21;366;M;3;4;B;63;67;5
745919;2022-01-21;591;M;4;1;B;27;28;6
745926;2022-01-21;589;F;3;2;C;28;31;5
745929;2022-01-21;351;F;2;2;B;30;30;5
746011;2022-01-21;285;M;3;0;B;67;85;6
746035;2022-01-21;707;M;4;0;B;15;16;6
746100;2022-01-21;468;M;3;1;C;61;67;6
746162;2022-01-21;428;F;2;0;A;47;51;6
746170;2022-01-21;638;M;3;1;B;48;58;6
746194;2022-01-21;311;F;4;0;C;27;30;5
746284;2022-01-21;458;F;3;4;C;13;13;4
746336;2022-01-21;888;F;4;2;B;71;86;6
746341;2022-01-21;605;M;4;2;B;34;38;6
746342;2022-01-21;458;F;3;4;C;27;29;6
746420;2022-01-21;601;M;4;0;A;39;41;4
746455;2022-01-21;828;F;2;4;B;65;72;7
746504;2022-01-21;672;F;4;0;B;72;86;7
746580;2022-01-21;872;M;3;4;A;4;4;4
746646;2022-01-21;243;F;1;4;C;78;89;7
746732;2022-01-21;945;F;2;3;B;62;71;6
746809;2022-01-21;412;M;2;0;B;64;81;5
746904;2022-01-21;315;F;3;0;B;12;12;4
746938;2022-01-21;127;F;4;2;C;29;32;6
746981;2022-01-21;899;F;4;0;C;74;81;6
747049;2022-01-21;38;M;3;0;B;10;10;3
747090;2022-01-21;142;F;1;0;B;65;74;5
747148;2022-01-21;238;M;2;1;B;63;79;7
747217;2022-01-21;760;F;2;0;A;33;36;5
747237;2022-01-21;91;M;3;0;B;36;38;6
747323;2022-01-21;433;M;3;3;B;68;78;6
747363;2022-01-21;16;M;1;4;C;50;60;5
747410;2022-01-21;998;F;2;0;C;1;1;1
747450;2022-01-21;482;M;4;2;B;71;84;6
747463;2022-01-21;77;F;4;1;B;35;39;5
747560;2022-01-21;134;F;3;0;B;8;8;4
747574;2022-01-21;710;F;3;1;C;56;67;6
747629;2022-01-21;351;F;2;2;B;71;86;6
747695;2022-01-21;49;M;2;0;C;70;88;7
747746;2022-01-21;400;F;4;1;C;29;30;5
747800;2022-01-21;317;M;3;0;B;22;23;5
747813;2022-01-21;320;M;3;4;B;47;49;6
747892;2022-01-21;232;M;3;1;B;27;29;4
747988;2022-01-21;438;F;1;0;B;52;55;4
748009;2022-01-21;219;M;2;0;B;29;34;5
748103;2022-01-21;80;F;2;1;C;52;60;6
748117;2022-01-21;268;M;4;0;B;71;81;7
748168;2022-01-21;322;M;2;0;B;41;47;5
748228;2022-01-21;685;F;4;0;B;49;57;6
748244;2022-01-21;23;M;3;0;B;29;31;5
748341;2022-01-21;435;F;2;0;C;51;56;4
748369;2022-01-21;238;M;2;1;B;13;15;5
748454;2022-01-21;677;M;4;0;B;75;89;6
748471;2022-01-21;973;F;4;0;B;10;10;3
748504;2022-01-21;182;F;1;4;B;27;29;4
748547;2022-01-21;269;F;3;3;B;71;81;7
748594;2022-01-21;298;F;4;0;C;50;59;6
748600;2022-01-21;963;M;3;0;B;23;23;4
748693;2022-01-21;611;M;4;0;B;7;7;4
748785;2022-01-21;509;F;2;3;C;31;34;5
748852;2022-01-21;88;F;1;0;B;29;30;5
748912;2022-01-21;896;M;3;0;B;31;31;5
748954;2022-01-21;401;M;1;4;C;9;10;3
749044;2022-01-21;3;F;4;0;B;57;73;5
749129;2022-01-21;953;M;1;1;B;29;29;4
749156;2022-01-21;840;F;3;3;C;20;21;6
749226;2022-01-21;218;M;4;0;B;43;51;7
749309;2022-01-22;88;F;1;0;B;42;46;7
749400;2022-01-22;785;M;1;4;C;69;81;7
749468;2022-01-22;302;F;4;3;C;13;14;4
749548;2022-01-22;391;F;2;0;A;72;87;6
749631;2022-01-22;328;M;2;0;B;21;22;6
749690;2022-01-22;792;F;2;0;B;27;27;6
749758;2022-01-22;125;M;3;0;B;28;30;4
749829;2022-01-22;639;M;2;0;C;71;82;7
749903;2022-01-22;106;M;1;0;B;27;28;5
749974;2022-01-22;760;F;2;0;A;40;42;5
750020;2022-01-22;10;M;1;0;B;15;17;4
750053;2022-01-22;346;F;2;4;C;46;54;7
750074;2022-01-22;904;M;1;2;B;26;27;6
750125;2022-01-22;409;F;3;4;B;68;82;6
750212;2022-01-22;63;F;3;0;B;10;10;3
750252;2022-01-22;577;M;4;0;C;42;46;5
750341;2022-01-22;554;F;3;0;A;69;82;6
750382;2022-01-22;519;M;2;4;B;54;62;7
750420;2022-01-22;700;F;4;2;C;6;6;3
750506;2022-01-22;21;M;3;0;B;57;63;6
750527;2022-01-22;253;F;4;1;B;58;70;6
750545;2022-01-22;751;F;2;0;B;64;70;6
750593;2022-01-22;306;F;3;0;B;54;60;7
750665;2022-01-22;898;F;4;0;C;37;44;5
750706;2022-01-22;300;F;1;3;C;57;64;7
750800;2022-01-22;785;M;1;4;C;30;31;5
750845;2022-01-22;325;M;1;3;B;56;61;5
750916;2022-01-22;858;F;4;2;C;8;8;5
750926;2022-01-22;513;F;4;3;B;18;20;3
750984;2022-01-22;731;M;3;4;B;14;14;5
751037;2022-01-22;187;M;2;1;B;63;76;5
751050;2022-01-22;710;F;3;1;C;35;36;4
751080;2022-01-22;736;M;1;0;C;36;39;5
751119;2022-01-22;920;F;5;3;B;54;57;7
751210;2022-01-22;135;M;3;0;B;31;36;4
751279;2022-01-22;431;F;4;3;B;16;16;5
751358;2022-01-22;476;M;3;0;C;52;56;6
751424;2022-01-22;717;F;3;0;B;54;58;5
751456;2022-01-22;728;M;2;0;A;61;75;5
751529;2022-01-22;587;M;1;0;B;32;34;5
751594;2022-01-22;604;M;4;0;B;35;35;4
751626;2022-01-22;971;F;1;2;A;46;48;7
751666;2022-01-22;326;F;1;0;B;25;26;7
751745;2022-01-22;175;M;1;0;B;9;9;4
751750;2022-01-22;194;F;4;0;B;36;42;5
751810;2022-01-22;427;M;3;0;B;56;64;6
751840;2022-01-22;244;M;4;0;B;69;80;6
751895;2022-01-22;211;M;2;1;B;26;28;5
751943;2022-01-22;968;F;1;0;B;4;4;3
752036;2022-01-22;459;F;3;2;B;27;28;6
752042;2022-01-22;848;F;5;3;A;75;85;7
752069;2022-01-22;310;M;4;3;C;63;70;7
752092;2022-01-22;752;M;3;0;C;70;83;6
752121;2022-01-22;997;M;5;2;C;54;66;5
752157;2022-01-22;38;M;3;0;B;61;69;6
752159;2022-01-22;816;M;4;0;C;59;67;6
752240;2022-01-22;105;F;4;0;C;20;20;3
752287;2022-01-22;614;F;4;1;B;43;45;6
752294;2022-01-22;660;F;3;0;C;65;80;5
752386;2022-01-22;424;M;1;4;B;74;82;7
752450;2022-01-22;104;F;3;2;B;50;53;6
752483;2022-01-22;914;M;2;4;B;3;4;2
752534;2022-01-22;589;F;3;2;C;67;76;7
752621;2022-01-22;133;F;2;0;B;48;58;6
752707;2022-01-22;181;F;2;2;B;66;83;7
752785;2022-01-22;360;M;4;0;B;67;83;5
752814;2022-01-22;59;M;2;0;A;46;52;6
752851;2022-01-22;951;M;2;0;B;24;26;5
752913;2022-01-22;856;F;5;1;B;5;5;3
752972;2022-01-22;455;F;2;0;C;21;21;5
753019;2022-01-22;167;M;1;1;A;41;46;6
753061;2022-01-22;679;F;3;3;B;66;75;7
753080;2022-01-22;617;F;4;3;C;55;64;6
753082;2022-01-22;807;M;1;3;B;69;81;6
753179;2022-01-22;459;F;3;2;B;46;53;5
753240;2022-01-22;937;M;3;4;C;43;48;6
753294;2022-01-22;592;F;2;0;C;23;24;4
753374;2022-01-22;735;F;4;0;B;69;77;6
753414;2022-01-22;511;F;1;0;B;64;75;4
753432;2022-01-22;205;M;2;4;B;43;49;5
753507;2022-01-22;241;M;4;1;B;33;35;5
753561;2022-01-22;113;F;3;0;B;34;39;6
753606;2022-01-22;280;M;4;3;B;65;78;6
753643;2022-01-22;500;M;3;2;C;56;65;5
753658;2022-01-22;269;F;3;3;B;30;31;5
753675;2022-01-22;236;M;2;2;C;3;3;2
753689;2022-01-22;721;M;3;2;C;28;28;4
753736;2022-01-22;693;F;4;0;B;1;1;1
753763;2022-01-22;117;M;2;3;B;39;44;5
753769;2022-01-22;120;F;4;3;A;21;21;4
753789;2022-01-22;87;M;3;2;A;51;55;6
753855;2022-01-22;877;M;2;0;C;65;79;5
753873;2022-01-22;267;F;4;2;B;45;47;5
753885;2022-01-22;11;F;4;0;A;19;20;5
753965;2022-01-22;19;F;2;2;C;2;2;2
753967;2022-01-22;678;F;3;0;C;61;74;6
754028;2022-01-29;114;F;3;3;B;27;28;4
754060;2022-01-29;555;M;4;3;A;22;22;5
754082;2022-01-29;608;F;3;0;C;45;47;7
754179;2022-01-29;711;M;4;2;B;17;17;6
754190;2022-01-29;833;F;1;4;B;48;54;6
754193;2022-01-29;845;F;3;3;C;53;58;6
754248;2022-01-29;492;F;2;1;C;71;89;6
754323;2022-01-29;333;F;2;0;C;69;80;6
754403;2022-01-29;958;M;2;3;B;60;68;6
754424;2022-01-29;197;F;2;0;B;17;17;5
754428;2022-01-29;90;F;2;2;B;53;59;6
754453;2022-01-29;611;M;4;0;B;40;44;5
754513;2022-01-29;781;M;4;0;B;6;6;5
754590;2022-01-29;191;M;3;0;B;59;71;5
754622;2022-01-29;254;F;5;2;B;8;8;3
754687;2022-01-29;238;M;2;1;B;23;24;5
754749;2022-01-29;475;F;4;3;B;34;36;6
754789;2022-01-29;546;F;4;0;B;25;28;6
754841;2022-01-29;77;F;4;1;B;9;9;4
754882;2022-01-29;642;M;2;3;B;39;43;5
754937;2022-01-29;992;F;2;0;B;71;88;6
755012;2022-01-29;495;F;2;3;A;58;66;6
755069;2022-01-29;169;F;1;1;B;58;67;6
755142;2022-01-29;946;M;3;0;B;73;86;6
755201;2022-01-29;2;M;3;0;B;27;32;5
755266;2022-01-29;1000;F;4;1;B;10;10;3
755331;2022-01-29;74;M;3;0;C;35;37;6
755364;2022-01-29;724;M;1;0;B;71;81;6
755419;2022-01-29;192;F;4;0;B;27;29;4
755428;2022-01-29;83;M;1;4;B;17;17;4
755448;2022-01-29;67;M;1;0;B;45;49;6
755535;2022-01-29;265;M;2;3;B;42;47;4
755597;2022-01-29;457;M;3;0;C;22;24;4
755654;2022-01-29;312;M;1;0;A;70;76;7
755724;2022-01-29;137;F;4;1;B;49;52;7
755821;2022-01-29;1000;F;4;1;B;40;44;5
755872;2022-01-31;960;F;4;2;B;64;74;7
755968;2022-01-31;608;F;3;0;C;63;73;6
756062;2022-01-31;727;M;4;2;C;76;88;6
756114;2022-01-31;274;M;1;1;B;10;10;2
756192;2022-01-31;429;M;4;0;C;58;67;5
756208;2022-01-31;287;F;1;0;B;47;58;6
756240;2022-01-31;298;F;4;0;C;63;72;6
756283;2022-01-31;540;F;2;0;C;13;14;4
756313;2022-01-31;2;M;3;0;B;40;43;5
756323;2022-01-31;3;F;4;0;B;55;61;5
756324;2022-01-31;663;F;4;0;B;47;51;6
756398;2022-01-31;915;F;3;0;B;25;26;4
756400;2022-01-31;488;M;3;2;B;24;28;5
756480;2022-01-31;191;M;3;0;B;62;76;5
756546;2022-01-31;153;M;4;1;B;31;33;6
756611;2022-01-31;106;M;1;0;B;3;3;3
756628;2022-01-31;855;M;4;1;C;25;27;5
756668;2022-01-31;802;M;1;1;B;29;32;4
756694;2022-01-31;901;F;4;1;B;49;53;6
756760;2022-01-31;308;M;4;0;B;72;88;5
756807;2022-01-31;203;F;3;0;A;53;64;5
756832;2022-01-31;130;F;1;0;B;17;17;4
756912;2022-01-31;902;F;2;1;B;62;73;6
756925;2022-01-31;983;F;4;0;C;14;14;4
756994;2022-01-31;496;F;2;0;B;15;15;5
757025;2022-01-31;764;F;3;1;B;12;12;3
757044;2022-01-31;698;F;2;0;B;73;89;6
757074;2022-01-31;516;M;1;0;C;57;72;5
757080;2022-01-31;986;M;4;0;B;42;44;7
757129;2022-01-31;988;F;2;0;C;26;29;5
757148;2022-01-31;561;M;2;0;B;54;61;7
757159;2022-01-31;819;M;4;0;B;59;72;6
757191;2022-01-31;179;F;2;0;B;40;50;6
757194;2022-01-31;148;M;3;4;A;49;54;5
757227;2022-01-31;279;M;1;2;B;54;66;6
757254;2022-01-31;268;M;4;0;B;2;2;1
757352;2022-01-31;209;F;4;0;B;73;83;7
757401;2022-01-31;589;F;3;2;C;33;37;5
757408;2022-01-31;413;M;3;2;B;63;70;5
757504;2022-01-31;635;F;4;0;B;25;26;5
757574;2022-01-31;984;F;4;3;B;1;1;1
757618;2022-01-31;347;F;4;0;B;41;45;4
757711;2022-01-31;762;F;2;0;B;43;46;6
757797;2022-01-31;269;F;3;3;B;3;3;2
757861;2022-01-31;647;M;1;0;C;49;57;7
757887;2022-01-31;620;M;2;0;B;5;5;2
757924;2022-01-31;592;F;2;0;C;57;60;5
757974;2022-01-31;22;M;1;0;B;40;47;6
758051;2022-01-31;425;F;3;0;B;61;69;7
758115;2022-01-31;696;M;2;0;B;65;72;5
758155;2022-01-31;695;M;2;0;A;4;4;3
758226;2022-01-31;464;M;2;2;B;53;62;5
758243;2022-01-31;403;M;3;2;B;34;36;7
758323;2022-01-31;705;M;1;0;B;70;81;6
758417;2022-01-31;714;M;1;0;B;69;78;6
758437;2022-01-31;822;M;2;3;B;27;31;6
758485;2022-01-31;151;F;1;0;B;37;39;6
758582;2022-01-31;397;F;1;0;B;52;59;5
758653;2022-01-31;212;F;2;1;B;39;44;6
758720;2022-01-31;661;M;3;0;B;20;20;3
758792;2022-01-31;981;F;4;1;C;53;60;6
758879;2022-01-31;882;F;4;1;B;40;46;7
758954;2022-01-31;930;F;4;1;B;58;64;5
759017;2022-01-31;668;M;1;0;A;21;21;6
759096;2022-01-31;921;M;2;3;B;59;65;6
759173;2022-01-31;420;M;3;0;B;18;18;4
759206;2022-01-31;902;F;2;1;B;74;87;6
759282;2022-01-31;483;M;1;0;C;54;63;5
759345;2022-01-31;299;F;3;1;C;49;57;6
759417;2022-01-31;88;F;1;0;B;62;75;5
759452;2022-01-31;547;F;3;4;C;63;70;6
759487;2022-01-31;708;F;2;2;B;37;44;5
759529;2022-01-31;40;M;2;1;B;50;59;6
759606;2022-01-31;892;F;4;2;B;60;71;6
759638;2022-01-31;277;F;1;3;B;55;60;6
759684;2022-01-31;66;M;3;3;B;55;62;6
759745;2022-01-31;710;F;3;1;C;35;36;6
759781;2022-01-31;755;M;3;4;B;72;89;6
759846;2022-01-31;859;M;1;0;B;39;43;5
759878;2022-01-31;791;F;1;0;B;63;70;6
759879;2022-01-31;72;F;2;0;A;64;73;6
759962;2022-01-31;16;M;1;4;C;39;44;6
759999;2022-01-31;19;F;2;2;C;16;16;5
760051;2022-01-31;879;M;2;2;C;56;64;6
760061;2022-01-31;813;F;4;0;C;24;24;4
760100;2022-01-31;854;F;5;1;C;37;40;7
760199;2022-01-31;870;F;1;0;B;19;20;6
760265;2022-01-31;566;F;4;0;B;31;35;5
760338;2022-01-31;148;M;3;4;A;8;8;3
760429;2022-01-31;496;F;2;0;B;55;65;6
760432;2022-01-31;984;F;4;3;B;3;3;2
760449;2022-01-31;186;M;2;4;C;67;79;6
760452;2022-01-31;37;M;3;0;B;13;14;3
760529;2022-01-31;982;M;4;3;B;23;23;6
760623;2022-01-31;833;F;1;4;B;50;59;5
760711;2022-01-31;727;M;4;2;C;24;26;3
760743;2022-05-02;861;M;3;0;B;20;20;5
760769;2022-05-02;86;F;4;3;C;48;52;6
760823;2022-05-02;889;F;3;4;B;62;73;5
760911;2022-05-02;971;F;1;2;A;75;89;6
761006;2022-05-02;372;M;1;4;B;54;59;6
761028;2022-05-02;398;F;4;1;B;2;2;1
761065;2022-05-02;173;F;1;0;B;55;62;5
761137;2022-05-02;41;M;3;0;C;3;3;2
761151;2022-05-02;96;F;1;1;C;26;26;3
761198;2022-05-02;783;F;1;0;B;33;36;6
761212;2022-05-02;528;M;2;2;C;70;87;6
761277;2022-05-02;889;F;3;4;B;60;72;5
761358;2022-05-02;653;M;2;0;C;66;77;7
761439;2022-05-02;857;F;2;2;B;45;52;5
761534;2022-05-02;435;F;2;0;C;68;83;6
761594;2022-05-02;406;M;2;4;C;54;58;6
761643;2022-05-02;565;F;1;2;B;33;35;5
761690;2022-05-02;451;M;3;0;C;14;14;3
761774;2022-05-02;569;M;1;1;A;61;68;6
761791;2022-05-02;358;F;3;0;C;65;80;6
761877;2022-05-02;449;F;2;3;B;72;80;7
761947;2022-05-02;737;F;2;1;C;52;64;6
761949;2022-05-02;155;F;2;0;B;55;63;7
762035;2022-05-02;247;M;1;0;B;45;55;5
762048;2022-05-02;208;M;3;0;B;12;13;3
762074;2022-05-02;133;F;2;0;B;31;35;5
762076;2022-05-02;845;F;3;3;C;55;65;5
762158;2022-05-02;411;F;2;0;B;20;21;5
762236;2022-05-02;400;F;4;1;C;15;15;3
762295;2022-05-02;617;F;4;3;C;60;65;7
762320;2022-05-02;993;M;5;1;B;64;76;7
762328;2022-05-02;307;M;1;0;B;67;75;6
762425;2022-05-02;535;M;4;0;A;60;67;5
762524;2022-05-02;687;M;2;3;C;42;45;6
762530;2022-05-02;51;F;3;0;B;58;64;5
762549;2022-05-02;207;F;3;0;B;38;39;5
762570;2022-05-02;897;M;2;1;C;55;65;5
762623;2022-05-02;363;F;1;0;B;23;25;6
762650;2022-05-02;52;F;1;0;A;25;25;4
762747;2022-05-02;614;F;4;1;B;25;27;4
762751;2022-05-02;36;F;3;0;C;7;7;4
762808;2022-05-02;159;M;1;0;C;12;12;4
762824;2022-05-02;729;M;3;0;B;62;73;7
762841;2022-05-02;700;F;4;2;C;50;57;5
762869;2022-05-02;105;F;4;0;C;70;84;7
762885;2022-05-02;806;F;2;3;B;67;76;7
762955;2022-05-02;901;F;4;1;B;16;17;4
763031;2022-05-02;262;M;1;2;B;64;70;7
763034;2022-05-02;216;F;1;2;B;31;34;5
763043;2022-05-02;968;F;1;0;B;2;2;1
763097;2022-05-02;880;M;3;2;B;32;34;7
763162;2022-05-02;821;F;2;3;B;72;81;7
763240;2022-05-02;65;M;4;0;B;43;47;7
763317;2022-05-02;722;F;4;0;B;25;26;5
763396;2022-05-02;384;F;3;2;C;44;48;6
763448;2022-05-02;177;F;3;2;C;69;76;6
763491;2022-05-02;511;F;1;0;B;19;19;3
763547;2022-05-02;793;M;1;3;B;61;66;6
763568;2022-05-02;364;F;4;2;C;47;58;7
763579;2022-05-02;451;M;3;0;C;72;88;5
763643;2022-05-02;236;M;2;2;C;77;87;5
763650;2022-05-02;55;F;3;0;B;30;35;4
763664;2022-05-02;579;F;3;0;B;40;44;6
763695;2022-05-02;63;F;3;0;B;13;13;5
763771;2022-05-02;993;M;5;1;B;35;38;5
763772;2022-05-02;192;F;4;0;B;44;48;7
763828;2022-05-02;773;M;4;0;B;28;31;3
763844;2022-11-02;170;F;4;2;B;53;64;6
763879;2022-11-02;445;M;2;0;B;5;5;2
763970;2022-11-02;244;M;4;0;B;49;59;5
764052;2022-11-02;465;F;3;0;B;40;42;6
764104;2022-11-02;574;F;2;2;B;42;50;4
764124;2022-11-02;56;F;2;3;B;19;20;4
764191;2022-11-02;599;F;1;4;C;51;68;6
764228;2022-11-02;934;F;2;2;B;61;67;6
764302;2022-11-02;930;F;4;1;B;24;25;5
764373;2022-11-02;963;M;3;0;B;13;14;4
764444;2022-11-02;941;M;2;3;B;67;84;7
764494;2022-11-02;762;F;2;0;B;56;64;6
764506;2022-11-02;193;F;4;0;B;37;42;5
764605;2022-11-02;712;F;2;3;B;45;52;5
764639;2022-11-02;816;M;4;0;C;63;80;5
764663;2022-11-02;465;F;3;0;B;1;1;1
764757;2022-11-02;191;M;3;0;B;46;49;5
764849;2022-11-02;239;M;4;2;C;52;58;5
764882;2022-11-02;328;M;2;0;B;42;43;6
764948;2022-11-02;415;F;3;0;B;64;72;5
764962;2022-11-02;264;F;4;1;B;41;45;5
764967;2022-11-02;119;F;3;2;B;17;17;4
764988;2022-11-02;330;F;1;0;B;52;63;5
765071;2022-11-02;91;M;3;0;B;11;11;3
765118;2022-11-02;315;F;3;0;B;38;43;6
765180;2022-11-02;66;M;3;3;B;70;84;6
765242;2022-11-02;240;M;4;0;B;36;41;6
765323;2022-11-02;694;M;4;0;C;59;67;6
765331;2022-11-02;143;F;1;4;B;13;13;3
765337;2022-11-02;923;F;2;4;C;44;52;6
765394;2022-11-02;786;F;1;4;C;6;6;3
765443;2022-11-02;195;M;4;0;B;2;2;2
765513;2022-11-02;444;F;2;0;B;28;31;5
765560;2022-11-02;500;M;3;2;C;55;60;4
765600;2022-11-02;291;F;3;0;C;49;58;6
765662;2022-02-13;530;F;1;0;A;52;63;6
765758;2022-02-13;810;M;1;0;B;31;33;5
765807;2022-02-13;395;F;4;1;B;32;35;5
765864;2022-02-13;871;F;1;3;C;57;62;6
765927;2022-02-13;382;F;3;0;C;55;67;6
765981;2022-02-13;16;M;1;4;C;18;20;5
766062;2022-02-13;858;F;4;2;C;75;88;6
766144;2022-02-13;174;M;4;3;C;66;74;6
766158;2022-02-13;571;F;2;0;B;25;26;5
766190;2022-02-13;964;M;2;0;B;21;22;5
766268;2022-02-13;947;F;3;1;B;9;9;4
766328;2022-02-13;964;M;2;0;B;29;31;6
766410;2022-02-13;800;M;1;0;C;3;3;3
766476;2022-02-13;402;M;2;0;C;56;60;7
766494;2022-02-13;300;F;1;3;C;23;23;4
766567;2022-02-13;259;M;1;1;B;9;9;4
766596;2022-02-13;720;M;2;3;B;10;10;3
766597;2022-02-13;503;F;2;1;B;48;53;7
766657;2022-02-13;186;M;2;4;C;51;64;6
766699;2022-02-13;223;F;3;0;B;33;37;5
766729;2022-02-13;411;F;2;0;B;65;75;7
766756;2022-02-13;432;F;1;0;C;67;79;6
766776;2022-02-13;721;M;3;2;C;72;81;6
766860;2022-02-13;603;M;3;0;B;5;5;3
766897;2022-02-13;9;F;2;0;B;33;33;6
766987;2022-02-13;719;M;1;0;B;50;54;5
767035;2022-02-13;960;F;4;2;B;27;29;5
767106;2022-02-13;29;M;2;0;B;70;81;6
767152;2022-02-13;141;M;3;4;B;53;61;5
767190;2022-02-13;665;M;1;4;B;22;23;6
767238;2022-02-13;402;M;2;0;C;11;11;4
767293;2022-02-13;260;F;2;0;C;55;62;5
767368;2022-02-13;996;F;1;4;B;55;61;7
767445;2022-02-13;703;M;1;3;B;21;23;5
767494;2022-02-13;320;M;3;4;B;54;61;6
767581;2022-02-13;469;M;4;2;C;25;30;4
767642;2022-02-13;824;F;1;0;B;41;45;6
767667;2022-02-13;143;F;1;4;B;66;77;6
767704;2022-02-13;756;F;1;4;B;10;11;4
767779;2022-02-13;493;M;2;4;B;49;53;4
767783;2022-02-13;696;M;2;0;B;23;26;5
767807;2022-02-13;577;M;4;0;C;51;57;6
767874;2022-02-13;567;F;1;0;C;42;47;6
767897;2022-02-13;278;F;3;2;C;34;37;5
767995;2022-02-13;684;F;3;0;C;56;62;7
768022;2022-02-13;695;M;2;0;A;42;46;5
768038;2022-02-13;839;F;1;3;B;27;29;5
768132;2022-02-13;85;M;1;0;B;59;66;7
768136;2022-02-13;601;M;4;0;A;78;88;6
768192;2022-02-13;78;M;1;0;B;19;19;5
768222;2022-02-13;340;M;3;4;B;33;34;6
768262;2022-02-13;368;M;4;0;C;2;2;2
768306;2022-02-13;949;M;1;0;B;13;13;4
768350;2022-02-13;977;M;1;0;C;74;87;7
768440;2022-02-13;439;F;3;0;B;50;55;6
768495;2022-02-13;47;F;4;0;B;61;73;7
768529;2022-02-13;723;M;4;0;B;30;32;5
768608;2022-02-13;745;F;1;2;B;55;62;7
768621;2022-02-13;350;F;5;1;B;60;69;6
768675;2022-02-13;639;M;2;0;C;65;72;7
768703;2022-02-13;216;F;1;2;B;63;70;7
768739;2022-02-13;871;F;1;3;C;29;30;6
768781;2022-02-13;717;F;3;0;B;54;59;6
768858;2022-02-13;472;M;2;1;C;22;23;5
768955;2022-02-13;34;M;2;0;C;19;20;4
769038;2022-02-13;132;M;2;0;A;39;43;5
769076;2022-02-13;792;F;2;0;B;38;39;5
769127;2022-02-13;92;M;4;1;B;11;11;3
769176;2022-02-13;180;M;3;4;B;52;59;5
769256;2022-02-13;845;F;3;3;C;62;67;6
769328;2022-02-13;241;M;4;1;B;38;40;4
769337;2022-02-13;540;F;2;0;C;68;84;7
769379;2022-02-13;394;M;1;0;B;30;32;6
769405;2022-02-13;296;F;1;3;B;65;85;6
769457;2022-02-13;412;M;2;0;B;36;39;6
769474;2022-02-13;322;M;2;0;B;25;26;5
769475;2022-02-13;584;M;3;0;B;8;8;4
769499;2022-02-13;132;M;2;0;A;24;24;4
769589;2022-02-13;27;F;1;0;B;55;63;6
769649;2022-02-13;6;F;2;0;B;54;64;6
769667;2022-02-13;977;M;1;0;C;60;70;7
769759;2022-02-13;138;F;3;2;B;58;70;6
769798;2022-02-13;419;F;2;1;B;62;72;6
769868;2022-02-13;510;F;4;0;B;59;70;6
769920;2022-02-13;660;F;3;0;C;38;42;7
770006;2022-02-13;14;M;1;3;B;52;62;6
770020;2022-02-13;802;M;1;1;B;38;39;5
770034;2022-02-13;353;M;1;2;B;19;22;4
770075;2022-02-13;703;M;1;3;B;61;74;6
770159;2022-02-13;31;F;1;0;C;55;64;6
770233;2022-02-13;643;F;4;0;C;16;16;4
770266;2022-02-13;2;M;3;0;B;31;31;7
770328;2022-02-13;266;F;3;3;B;62;68;6
770401;2022-02-13;394;M;1;0;B;41;48;5
770426;2022-02-20;185;F;3;0;C;6;6;4
770492;2022-02-20;726;M;2;0;B;8;8;3
770572;2022-02-20;466;F;1;0;C;71;81;5
770600;2022-02-20;393;F;4;0;B;25;28;5
770643;2022-02-20;360;M;4;0;B;22;22;3
770696;2022-02-20;358;F;3;0;C;64;70;5
770722;2022-02-20;263;M;3;0;B;43;47;5
770726;2022-02-20;397;F;1;0;B;65;76;6
770809;2022-02-20;195;M;4;0;B;14;14;5
770819;2022-02-20;577;M;4;0;C;13;13;5
770912;2022-02-20;775;F;2;3;B;38;41;7
770993;2022-02-20;848;F;5;3;A;69;79;6
771067;2022-02-20;643;F;4;0;C;64;78;6
771069;2022-02-20;264;F;4;1;B;7;7;2
771156;2022-02-20;520;M;1;0;B;1;1;1
771252;2022-02-20;610;M;2;0;B;66;73;7
771273;2022-02-20;792;F;2;0;B;28;32;5
771327;2022-02-20;31;F;1;0;C;15;16;3
771350;2022-02-20;173;F;1;0;B;59;70;5
771411;2022-02-20;144;M;1;0;B;53;60;5
771461;2022-02-20;597;M;3;0;C;19;21;3
771538;2022-02-20;637;F;1;0;B;7;7;3
771579;2022-02-20;515;M;4;0;A;15;15;3
771630;2022-02-20;796;M;2;3;B;16;16;4
771656;2022-02-20;305;F;4;0;B;17;19;5
771753;2022-02-20;763;F;4;0;B;36;41;6
771826;2022-02-20;442;F;3;2;B;24;25;6
771835;2022-02-20;463;M;3;3;B;51;61;7
771862;2022-02-20;530;F;1;0;A;51;57;6
771939;2022-02-20;314;F;1;1;A;18;18;3
771944;2022-02-20;69;M;4;3;A;33;33;3
771999;2022-02-20;531;F;3;1;B;30;31;6
772086;2022-02-20;305;F;4;0;B;29;30;6
772126;2022-02-20;926;M;1;0;B;53;57;7
772143;2022-02-20;469;M;4;2;C;17;19;3
772195;2022-02-20;531;F;3;1;B;73;89;7
772273;2022-02-20;382;F;3;0;C;28;31;5
772306;2022-02-20;136;F;2;1;B;3;3;3
772327;2022-02-20;853;M;5;2;A;16;17;4
772358;2022-02-20;325;M;1;3;B;48;56;6
772389;2022-02-20;344;M;3;0;B;9;9;4
772460;2022-02-20;347;F;4;0;B;17;17;3
772476;2022-02-20;96;F;1;1;C;74;85;6
772479;2022-02-20;878;F;4;3;C;67;82;7
772494;2022-02-20;222;F;4;0;B;20;20;4
772587;2022-02-22;830;F;5;1;B;19;20;3
772666;2022-02-22;291;F;3;0;C;71;87;5
772739;2022-02-22;613;F;3;0;B;22;25;5
772797;2022-02-22;631;M;1;4;C;21;22;5
772805;2022-02-22;957;M;2;3;B;21;21;5
772882;2022-02-22;150;M;1;4;B;29;30;5
772940;2022-02-22;685;F;4;0;B;7;7;3
773038;2022-02-22;897;M;2;1;C;58;68;6
773094;2022-02-22;887;F;3;0;B;36;37;6
773139;2022-02-22;83;M;1;4;B;59;70;6
773207;2022-02-22;937;M;3;4;C;60;69;6
773295;2022-02-22;397;F;1;0;B;52;58;6
773339;2022-02-22;602;M;3;0;B;14;15;4
773340;2022-02-22;406;M;2;4;C;71;78;7
773384;2022-02-22;854;F;5;1;C;69;81;6
773437;2022-02-22;434;M;1;4;B;69;81;6
773461;2022-02-22;770;M;2;3;B;57;68;7
773533;2022-02-22;325;M;1;3;B;61;78;5
773568;2022-02-22;149;M;1;3;A;1;1;1
773622;2022-02-22;975;F;3;0;B;46;48;6
773642;2022-02-22;176;F;2;0;B;71;89;6
773645;2022-02-22;867;M;2;3;B;8;9;4
773656;2022-02-22;755;M;3;4;B;63;72;6
773724;2022-02-22;194;F;4;0;B;27;31;5
773814;2022-02-22;210;M;2;2;C;33;34;6
773865;2022-02-22;39;M;2;0;C;12;12;3
773949;2022-02-22;659;F;2;2;B;38;41;5
773957;2022-02-22;61;M;1;2;B;54;67;6
773980;2022-02-22;478;M;1;4;A;18;21;3
774005;2022-02-22;769;F;3;3;C;57;68;6
774094;2022-02-22;473;F;4;3;B;5;5;4
774119;2022-02-22;873;F;3;0;B;73;87;6
774151;2022-02-22;90;F;2;2;B;14;14;5
774226;2022-02-22;966;F;4;2;B;56;60;6
774276;2022-02-22;980;F;1;0;B;14;14;4
774322;2022-02-22;333;F;2;0;C;10;10;3
774335;2022-02-22;303;M;3;4;B;72;85;6
774424;2022-02-22;933;M;2;2;B;58;71;5
774522;2022-02-22;674;M;4;1;B;52;59;7
774555;2022-02-22;430;F;4;1;B;33;38;5
774649;2022-02-22;390;F;2;0;B;50;72;6
774710;2022-02-22;278;F;3;2;C;2;2;1
774755;2022-02-22;561;M;2;0;B;16;18;5
774838;2022-02-22;460;F;1;3;B;3;3;3
774878;2022-02-22;861;M;3;0;B;35;36;4
774973;2022-02-22;302;F;4;3;C;31;33;6
774991;2022-02-22;358;F;3;0;C;24;28;5
775065;2022-02-22;82;F;1;1;C;14;14;4
775113;2022-02-22;80;F;2;1;C;22;22;4
775149;2022-02-22;896;M;3;0;B;68;77;6
775171;2022-02-22;738;M;1;0;C;3;3;2
775248;2022-02-22;114;F;3;3;B;56;60;6
775252;2022-02-22;351;F;2;2;B;38;41;5
775273;2022-02-22;426;F;3;0;C;20;20;5
775329;2022-02-22;501;M;1;0;B;65;77;6
775345;2022-02-22;261;F;4;0;B;70;89;6
775443;2022-02-22;677;M;4;0;B;61;67;6
775497;2022-02-22;614;F;4;1;B;1;1;1
775593;2022-02-22;349;M;3;0;B;5;5;2
775673;2022-02-22;420;M;3;0;B;44;49;6
775707;2022-02-22;364;F;4;2;C;31;33;5
775774;2022-02-22;757;F;4;3;C;19;19;5
775861;2022-02-22;631;M;1;4;C;7;7;3
775925;2022-02-22;195;M;4;0;B;66;77;6
775937;2022-02-22;356;M;2;4;A;45;56;6
776000;2022-02-22;117;M;2;3;B;62;65;5
776010;2022-02-24;645;F;4;0;B;76;84;6
776045;2022-02-24;608;F;3;0;C;49;51;5
776121;2022-02-24;4;M;4;0;B;28;28;5
776151;2022-02-24;850;M;1;0;C;34;40;5
776224;2022-02-24;582;F;2;0;B;22;22;6
776281;2022-02-24;455;F;2;0;C;52;56;6
776366;2022-02-24;968;F;1;0;B;7;7;3
776455;2022-02-24;502;M;4;0;C;48;56;6
776531;2022-02-24;232;M;3;1;B;22;22;5
776541;2022-02-24;311;F;4;0;C;22;22;5
776637;2022-02-24;453;F;1;0;B;19;19;3
776685;2022-02-24;975;F;3;0;B;60;74;6
776710;2022-02-24;521;F;1;0;A;27;29;5
776760;2022-02-24;158;M;3;0;B;20;21;4
776772;2022-02-24;944;F;3;1;B;43;47;5
776838;2022-02-24;878;F;4;3;C;46;53;6
776897;2022-02-24;656;M;2;0;C;10;10;4
776973;2022-02-24;342;M;3;0;B;68;78;5
777051;2022-02-24;60;F;2;3;B;25;25;5
777117;2022-02-24;38;M;3;0;B;22;22;6
777197;2022-02-24;517;F;3;1;B;59;74;6
777283;2022-02-24;547;F;3;4;C;21;22;5
777344;2022-02-24;512;M;4;0;B;75;84;6
777359;2022-02-24;795;F;4;2;B;22;22;5
777421;2022-02-24;122;M;3;3;B;15;15;3
777500;2022-02-24;307;M;1;0;B;56;61;6
777557;2022-02-24;809;F;3;3;B;56;61;6
777615;2022-02-24;605;M;4;2;B;59;71;6
777685;2022-02-24;77;F;4;1;B;41;44;5
777693;2022-02-24;362;F;3;0;B;57;64;7
777772;2022-02-24;464;M;2;2;B;36;40;5
777841;2022-02-24;67;M;1;0;B;23;26;6
777890;2022-02-24;747;M;1;0;B;74;87;7
777936;2022-02-24;377;F;1;0;B;8;8;3
778001;2022-02-24;971;F;1;2;A;66;81;6
778069;2022-02-24;546;F;4;0;B;32;35;4
778143;2022-02-24;692;F;4;0;B;67;81;6
778160;2022-02-24;880;M;3;2;B;14;15;6
778201;2022-02-24;272;M;4;3;C;24;25;5
778267;2022-02-24;595;M;1;0;B;63;72;6
778349;2022-02-24;972;M;4;0;C;35;35;4
778431;2022-02-24;365;M;4;0;A;34;37;5
778470;2022-02-24;987;F;1;0;B;8;8;5
778516;2022-02-24;514;M;4;0;C;33;35;4
778522;2022-02-24;442;F;3;2;B;25;25;6
778583;2022-02-24;813;F;4;0;C;65;75;6
778659;2022-02-24;666;F;2;2;B;56;64;6
778693;2022-02-24;579;F;3;0;B;67;77;6
778765;2022-02-24;786;F;1;4;C;13;13;5
778795;2022-02-24;717;F;3;0;B;33;33;4
778845;2022-02-24;291;F;3;0;C;35;39;6
778935;2022-02-24;886;F;5;1;B;61;70;6
778962;2022-02-24;298;F;4;0;C;41;45;7
778987;2022-02-24;967;F;1;0;B;55;57;5
779073;2022-02-24;947;F;3;1;B;72;87;7
779101;2022-02-24;137;F;4;1;B;18;19;6
779149;2022-02-24;904;M;1;2;B;59;64;6
779163;2022-02-24;836;F;2;0;B;41;45;5
779206;2022-02-24;799;M;4;3;C;10;10;4
779293;2022-02-24;671;M;2;0;C;47;52;5
779369;2022-02-24;127;F;4;2;C;36;38;6
779394;2022-02-24;121;F;1;2;B;40;43;6
779452;2022-02-24;680;F;3;0;C;38;45;5
779453;2022-02-24;830;F;5;1;B;55;70;7
779543;2022-02-24;504;M;3;0;B;57;74;5
779570;2022-02-24;265;M;2;3;B;54;62;5
779604;2022-02-03;405;F;4;0;B;11;12;4
779628;2022-02-03;782;M;3;3;B;39;46;6
779691;2022-02-03;212;F;2;1;B;5;5;3
779699;2022-02-03;714;M;1;0;B;47;51;6
779793;2022-02-03;840;F;3;3;C;30;33;5
779874;2022-02-03;758;F;3;0;B;21;23;5
779878;2022-02-03;751;F;2;0;B;72;86;6
779957;2022-02-03;357;M;2;2;C;70;82;6
780036;2022-02-03;206;F;3;1;C;25;26;6
780096;2022-02-03;356;M;2;4;A;22;22;6
780107;2022-02-03;688;M;1;1;A;65;81;6
780164;2022-02-03;539;M;2;0;C;72;83;5
780181;2022-02-03;494;F;5;1;C;17;17;5
780271;2022-02-03;800;M;1;0;C;74;88;6
780308;2022-02-03;605;M;4;2;B;43;43;5
780397;2022-02-03;290;F;1;0;B;4;4;3
780450;2022-02-03;835;F;1;0;A;12;12;5
780460;2022-02-03;742;M;1;1;C;32;35;4
780522;2022-02-03;960;F;4;2;B;19;22;4
780608;2022-02-03;139;F;3;3;B;13;13;4
780635;2022-02-03;218;M;4;0;B;7;7;4
780697;2022-02-03;51;F;3;0;B;41;45;5
780733;2022-02-03;821;F;2;3;B;19;22;5
780786;2022-02-03;378;F;2;0;C;26;26;5
780870;2022-02-03;163;F;3;0;A;12;13;5
780909;2022-02-03;330;F;1;0;B;23;28;3
780928;2022-02-03;888;F;4;2;B;6;6;2
780960;2022-02-03;176;F;2;0;B;26;27;5
781053;2022-02-03;82;F;1;1;C;18;19;4
781077;2022-02-03;75;M;1;0;B;70;83;6
781163;2022-02-03;371;F;4;0;B;67;75;5
781242;2022-02-03;51;F;3;0;B;25;26;6
781243;2022-02-03;555;M;4;3;A;6;6;4
781245;2022-02-03;458;F;3;4;C;26;26;5
781330;2022-02-03;255;M;4;0;B;10;10;4
781359;2022-02-03;902;F;2;1;B;57;67;6
781447;2022-02-03;237;F;4;3;C;62;69;6
781545;2022-02-03;519;M;2;4;B;49;60;6
781556;2022-02-03;139;F;3;3;B;49;57;5
781586;2022-02-03;939;M;2;1;C;69;81;5
781620;2022-02-03;548;F;4;0;C;11;11;4
781625;2022-02-03;870;F;1;0;B;20;20;5
781705;2022-02-03;310;M;4;3;C;59;75;6
781780;2022-02-03;336;F;1;0;C;73;88;5
781807;2022-02-03;522;M;1;2;A;21;26;5
781872;2022-02-03;101;F;1;0;C;63;74;5
781892;2022-02-03;962;M;3;4;B;32;35;5
781950;2022-02-03;361;F;1;0;C;36;41;5
782007;2022-02-03;743;M;1;3;C;67;87;7
782069;2022-02-03;60;F;2;3;B;56;71;5
782164;2022-02-03;771;F;4;0;B;49;57;5
782179;2022-02-03;833;F;1;4;B;21;21;4
782184;2022-02-03;220;M;1;0;B;28;28;4
782225;2022-02-03;140;F;1;0;C;7;7;4
782227;2022-02-03;803;F;2;0;A;28;30;5
782246;2022-02-03;884;F;3;2;C;16;18;3
782322;2022-02-03;415;F;3;0;B;22;23;5
782380;2022-02-03;385;F;2;0;B;55;63;5
782434;2022-02-03;298;F;4;0;C;61;68;6
782516;2022-02-03;552;M;4;0;B;1;1;1
782603;2022-02-03;621;F;4;0;B;31;32;4
782625;2022-02-03;629;M;3;0;C;42;45;6
782636;2022-02-03;464;M;2;2;B;43;47;6
782640;2022-02-03;350;F;5;1;B;2;2;1
782679;2022-02-03;380;M;3;4;B;24;25;5
782692;2022-02-03;784;F;1;3;B;1;1;1
782773;2022-02-03;853;M;5;2;A;47;54;6
782818;2022-02-03;292;F;2;0;C;38;44;5
782887;2022-02-03;4;M;4;0;B;31;33;5
782980;2022-02-03;7;M;1;3;B;34;35;4
782996;2022-02-03;851;F;2;0;B;14;14;4
783013;2022-02-03;831;F;4;2;B;35;36;4
783086;2022-02-03;753;F;1;3;C;5;5;3
783165;2022-02-03;976;M;4;2;B;55;60;6
783256;2022-07-03;627;M;3;1;B;44;48;6
783337;2022-07-03;691;M;4;0;B;32;40;5
783426;2022-07-03;620;M;2;0;B;76;87;6
783478;2022-07-03;833;F;1;4;B;53;66;5
783504;2022-07-03;789;F;5;1;B;4;4;3
783582;2022-07-03;241;M;4;1;B;47;56;5
783587;2022-07-03;430;F;4;1;B;58;61;5
783670;2022-07-03;123;F;3;2;B;41;44;6
783702;2022-07-03;321;M;2;0;B;81;86;7
783712;2022-07-03;989;M;2;0;B;32;33;5
783784;2022-07-03;48;M;4;1;B;55;63;6
783850;2022-07-03;870;F;1;0;B;67;79;6
783854;2022-07-03;669;F;4;0;B;27;29;6
783948;2022-07-03;355;M;3;4;B;8;9;3
784008;2022-07-03;310;M;4;3;C;14;15;5
784054;2022-07-03;206;F;3;1;C;53;62;5
784102;2022-07-03;868;M;4;0;B;21;23;4
784176;2022-07-03;611;M;4;0;B;4;4;3
784211;2022-07-03;193;F;4;0;B;32;33;6
784218;2022-07-03;407;F;3;3;A;71;85;6
784309;2022-07-03;550;M;4;0;B;72;81;5
784382;2022-07-03;564;M;3;2;B;52;62;5
784473;2022-07-03;274;M;1;1;B;75;88;7
784571;2022-07-03;834;M;3;3;B;45;52;5
784642;2022-07-03;968;F;1;0;B;65;70;5
784740;2022-07-03;779;M;3;4;A;62;81;5
784830;2022-07-03;359;F;1;0;B;36;38;5
784884;2022-07-03;3;F;4;0;B;42;46;7
784966;2022-07-03;282;M;2;0;B;59;65;6
785014;2022-07-03;202;M;1;0;B;48;50;6
785047;2022-07-03;336;F;1;0;C;7;7;3
785091;2022-07-03;336;F;1;0;C;49;57;6
785184;2022-07-03;56;F;2;3;B;50;59;5
785275;2022-07-03;377;F;1;0;B;57;65;4
785278;2022-07-03;117;M;2;3;B;46;52;6
785308;2022-12-03;278;F;3;2;C;53;62;6
785354;2022-12-03;339;F;4;0;C;77;83;6
785424;2022-12-03;743;M;1;3;C;52;63;5
785520;2022-12-03;335;F;3;0;C;71;85;7
785578;2022-12-03;675;M;4;0;B;67;79;5
785614;2022-12-03;964;M;2;0;B;20;23;5
785619;2022-12-03;701;M;3;0;B;26;28;3
785715;2022-12-03;572;M;1;0;C;46;50;6
785752;2022-12-03;184;M;1;3;B;61;66;6
785785;2022-12-03;506;F;4;3;B;67;77;5
785786;2022-12-03;787;F;3;0;A;2;2;1
785858;2022-12-03;819;M;4;0;B;30;32;6
785859;2022-12-03;92;M;4;1;B;61;67;7
785957;2022-12-03;821;F;2;3;B;33;36;6
786047;2022-12-03;647;M;1;0;C;53;65;6
786146;2022-12-03;218;M;4;0;B;57;69;6
786172;2022-12-03;637;F;1;0;B;29;31;5
786181;2022-12-03;721;M;3;2;C;48;50;7
786249;2022-12-03;630;M;1;2;C;37;39;5
786298;2022-12-03;221;F;1;0;B;49;61;6
786341;2022-12-03;137;F;4;1;B;58;69;6
786407;2022-12-03;740;F;1;4;C;47;53;5
786463;2022-12-03;175;M;1;0;B;27;29;5
786472;2022-12-03;348;F;3;0;A;45;53;6
786571;2022-12-03;29;M;2;0;B;64;70;5
786658;2022-12-03;671;M;2;0;C;59;66;5
786749;2022-12-03;425;F;3;0;B;44;46;6
786842;2022-12-03;922;M;1;0;B;5;5;3
786868;2022-12-03;550;M;4;0;B;66;76;5
786888;2022-12-03;58;M;2;2;B;54;65;6
786969;2022-12-03;361;F;1;0;C;48;56;5
786994;2022-12-03;544;F;2;0;B;63;80;6
786999;2022-12-03;249;F;4;0;B;45;52;6
787031;2022-12-03;59;M;2;0;A;62;72;6
787115;2022-12-03;105;F;4;0;C;59;72;6
787154;2022-12-03;97;F;4;1;B;30;31;5
787181;2022-12-03;327;M;4;2;A;11;12;4
787222;2022-12-03;12;M;1;1;A;5;5;3
787259;2022-12-03;945;F;2;3;B;24;28;5
787355;2022-12-03;952;F;3;4;C;41;44;7
787374;2022-12-03;114;F;3;3;B;29;30;3
787396;2022-12-03;213;M;2;4;B;50;57;6
787444;2022-12-03;411;F;2;0;B;67;75;6
787466;2022-12-03;130;F;1;0;B;56;68;5
787547;2022-12-03;690;F;1;3;B;68;74;7
787609;2022-03-14;910;M;2;2;B;37;42;5
787656;2022-03-14;787;F;3;0;A;13;14;4
787738;2022-03-14;329;F;3;0;B;34;36;5
787829;2022-03-14;53;M;1;1;B;4;4;3
787846;2022-03-14;811;M;2;1;B;22;23;5
787865;2022-03-14;697;M;3;0;C;34;36;6
787959;2022-03-14;349;M;3;0;B;37;40;6
788026;2022-03-14;560;M;2;0;B;76;86;7
788063;2022-03-14;936;F;3;2;B;34;36;6
788117;2022-03-14;998;F;2;0;C;44;48;6
788188;2022-03-14;47;F;4;0;B;60;71;6
788225;2022-03-14;521;F;1;0;A;12;12;5
788242;2022-03-14;535;M;4;0;A;39;42;7
788243;2022-03-14;749;F;4;1;B;61;68;4
788284;2022-03-14;463;M;3;3;B;69;81;6
788356;2022-03-14;634;F;2;0;C;29;29;4
788417;2022-03-14;754;F;3;4;B;48;53;6
788512;2022-03-14;223;F;3;0;B;19;21;4
788573;2022-03-14;325;M;1;3;B;15;15;5
788598;2022-03-14;622;F;3;0;B;57;70;6
788632;2022-03-14;344;M;3;0;B;12;12;4
788660;2022-03-14;777;F;1;0;B;8;8;3
788699;2022-03-14;496;F;2;0;B;63;74;6
788798;2022-03-14;372;M;1;4;B;40;48;5
788897;2022-03-14;315;F;3;0;B;39;42;5
788962;2022-03-14;648;M;1;0;B;1;1;1
789040;2022-03-14;993;M;5;1;B;76;86;6
789110;2022-03-14;822;M;2;3;B;17;18;5
789181;2022-03-14;993;M;5;1;B;40;44;6
789246;2022-03-14;839;F;1;3;B;59;74;6
789310;2022-03-14;195;M;4;0;B;54;61;6
789378;2022-03-14;918;F;2;4;C;2;2;2
789423;2022-03-14;570;F;4;1;C;67;77;6
789519;2022-03-14;824;F;1;0;B;55;62;6
789611;2022-03-14;191;M;3;0;B;44;50;5
789684;2022-03-14;899;F;4;0;C;16;16;4
789713;2022-03-14;492;F;2;1;C;69;83;7
789779;2022-03-14;352;M;4;2;B;56;69;5
789849;2022-03-14;106;M;1;0;B;36;39;5
789921;2022-03-14;863;F;1;4;B;29;32;4
789970;2022-03-14;561;M;2;0;B;64;74;6
790053;2022-03-14;278;F;3;2;C;64;79;5
790101;2022-03-14;36;F;3;0;C;48;55;7
790160;2022-03-14;492;F;2;1;C;40;43;6
790204;2022-03-14;162;F;1;1;B;55;66;7
790260;2022-03-14;776;F;2;0;B;52;58;6
790359;2022-03-14;909;M;3;0;B;30;32;5
790455;2022-03-14;42;M;2;2;B;34;38;5
790523;2022-03-14;508;F;3;0;B;30;30;6
790552;2022-03-14;468;M;3;1;C;3;3;2
790604;2022-03-14;592;F;2;0;C;5;5;3
790635;2022-03-14;122;M;3;3;B;23;26;5
790693;2022-03-14;347;F;4;0;B;66;85;6
790723;2022-03-14;182;F;1;4;B;1;1;1
790803;2022-03-14;510;F;4;0;B;55;62;6
790820;2022-03-14;69;M;4;3;A;3;3;2
790859;2022-03-14;216;F;1;2;B;3;3;2
790911;2022-03-14;433;M;3;3;B;31;34;5
791006;2022-03-14;497;M;3;0;B;44;52;5
791086;2022-03-14;391;F;2;0;A;69;78;7
791117;2022-03-14;499;M;3;0;B;61;76;6
791147;2022-03-14;456;M;1;4;B;1;1;1
791154;2022-03-14;962;M;3;4;B;31;33;6
791198;2022-03-14;948;M;4;0;C;29;31;4
791239;2022-03-14;157;M;1;1;C;70;81;7
791261;2022-03-14;473;F;4;3;B;3;3;2
791275;2022-03-14;83;M;1;4;B;75;89;5
791340;2022-03-14;308;M;4;0;B;60;70;7
791427;2022-03-14;112;M;4;0;B;47;52;5
791499;2022-03-14;21;M;3;0;B;58;72;6
791580;2022-03-14;116;M;4;0;B;20;22;3
791648;2022-03-14;873;F;3;0;B;31;31;4
791669;2022-03-14;24;F;4;0;C;25;28;4
791767;2022-03-14;160;F;3;4;B;7;7;5
791825;2022-03-14;453;F;1;0;B;46;49;6
791885;2022-03-14;629;M;3;0;C;48;53;6
791976;2022-03-14;271;F;4;0;B;34;36;4
792024;2022-03-14;362;F;3;0;B;50;52;5
792056;2022-03-14;591;M;4;1;B;55;65;5
792097;2022-03-14;262;M;1;2;B;9;9;4
792173;2022-03-14;116;M;4;0;B;50;54;6
792190;2022-03-14;575;M;1;4;B;12;14;4
792201;2022-03-14;638;M;3;1;B;73;85;6
792258;2022-03-14;551;M;1;0;C;65;72;6
792350;2022-03-14;990;F;1;4;B;7;7;4
792372;2022-03-14;238;M;2;1;B;5;5;1
792460;2022-03-14;601;M;4;0;A;37;38;6
792473;2022-03-14;867;M;2;3;B;28;29;5
792490;2022-03-14;14;M;1;3;B;1;1;1
792524;2022-03-14;666;F;2;2;B;63;77;6
792551;2022-03-14;896;M;3;0;B;9;9;3
792599;2022-03-14;460;F;1;3;B;46;50;5
792617;2022-03-14;834;M;3;3;B;62;69;5
792627;2022-03-14;745;F;1;2;B;39;45;5
792682;2022-03-14;309;M;1;0;B;4;4;3
792770;2022-03-14;467;F;2;2;B;8;8;3
792857;2022-03-14;406;M;2;4;C;16;16;4
792904;2022-03-14;111;M;2;4;C;62;78;6
792943;2022-03-14;64;F;4;0;B;60;76;5
793012;2022-03-16;12;M;1;1;A;13;14;5
793079;2022-03-16;101;F;1;0;C;54;63;6
793127;2022-03-16;911;F;2;0;B;13;15;6
793160;2022-03-16;265;M;2;3;B;3;3;3
793179;2022-03-16;94;M;1;2;C;21;21;5
793245;2022-03-16;891;F;3;2;B;46;54;6
793316;2022-03-16;944;F;3;1;B;48;49;5
793347;2022-03-16;580;M;3;0;B;46;54;5
793423;2022-03-16;734;F;4;2;B;39;48;5
793444;2022-03-16;296;F;1;3;B;76;89;7
793524;2022-03-16;587;M;1;0;B;49;55;5
793608;2022-03-16;964;M;2;0;B;49;53;7
793629;2022-03-16;811;M;2;1;B;60;69;6
793644;2022-03-16;160;F;3;4;B;58;63;5
793734;2022-03-16;157;M;1;1;C;6;6;4
793805;2022-03-16;265;M;2;3;B;6;6;3
793904;2022-03-16;922;M;1;0;B;63;72;7
793921;2022-03-16;397;F;1;0;B;35;38;6
793992;2022-03-16;650;F;2;0;C;21;21;5
794059;2022-03-16;133;F;2;0;B;12;12;5
794146;2022-03-16;92;M;4;1;B;67;83;6
794217;2022-03-16;869;F;3;0;B;43;50;6
794228;2022-03-16;860;M;1;0;B;47;51;6
794315;2022-03-16;989;M;2;0;B;20;20;5
794336;2022-03-16;161;M;5;2;B;75;89;6
794384;2022-03-16;201;M;3;0;B;8;8;4
794466;2022-03-16;158;M;3;0;B;45;51;5
794494;2022-03-16;477;F;4;0;B;68;83;5
794545;2022-03-16;305;F;4;0;B;21;22;4
794560;2022-03-16;574;F;2;2;B;59;72;5
794609;2022-03-16;472;M;2;1;C;55;59;6
794694;2022-03-16;873;F;3;0;B;64;75;5
794707;2022-03-16;84;F;3;0;C;69;86;6
794797;2022-03-16;271;F;4;0;B;63;76;6
794802;2022-03-16;798;M;5;2;B;69;80;5
794823;2022-03-16;174;M;4;3;C;23;25;4
794902;2022-03-16;897;M;2;1;C;33;36;5
794993;2022-03-16;817;M;3;0;B;32;36;5
794994;2022-03-16;150;M;1;4;B;29;31;5
795093;2022-03-16;559;F;3;1;A;49;56;5
795099;2022-03-16;461;M;3;4;C;43;47;6
795105;2022-03-16;732;F;3;4;B;4;4;4
795146;2022-03-16;219;M;2;0;B;19;20;5
795245;2022-03-16;466;F;1;0;C;2;2;2
795331;2022-03-16;70;F;4;0;B;58;64;5
795357;2022-03-16;789;F;5;1;B;16;17;3
795394;2022-03-16;814;M;4;0;B;28;29;5
795435;2022-03-16;291;F;3;0;C;11;11;3
795490;2022-03-16;910;M;2;2;B;77;89;6
795501;2022-03-16;62;F;2;0;B;54;68;6
795525;2022-03-16;927;M;1;1;C;61;68;6
795614;2022-03-16;538;M;3;0;B;58;64;5
795708;2022-03-16;801;M;1;4;B;19;20;4
795756;2022-03-16;172;M;2;0;B;23;23;5
795852;2022-03-16;289;F;3;4;C;65;77;7
795898;2022-03-16;962;M;3;4;B;27;29;6
795968;2022-03-17;59;M;2;0;A;55;59;6
795973;2022-03-17;378;F;2;0;C;47;50;5
795985;2022-03-17;498;M;3;2;B;37;41;6
796046;2022-03-17;591;M;4;1;B;11;12;4
796082;2022-03-17;740;F;1;4;C;48;54;6
796153;2022-03-17;719;M;1;0;B;67;83;6
796180;2022-03-17;63;F;3;0;B;57;70;5
796218;2022-03-17;494;F;5;1;C;32;32;5
796296;2022-03-17;217;F;3;0;B;74;84;6
796364;2022-03-17;953;M;1;1;B;43;46;6
796399;2022-03-17;740;F;1;4;C;21;22;5
796413;2022-03-17;693;F;4;0;B;51;59;6
796435;2022-03-17;122;M;3;3;B;15;18;4
796444;2022-03-17;323;M;1;3;B;64;79;6
796457;2022-03-17;364;F;4;2;C;68;75;6
796544;2022-03-17;265;M;2;3;B;8;8;3
796585;2022-03-17;736;M;1;0;C;65;72;6
796624;2022-03-17;944;F;3;1;B;22;24;4
796723;2022-03-17;194;F;4;0;B;15;15;5
796725;2022-03-17;846;F;4;3;C;14;15;3
796802;2022-03-17;152;F;3;1;C;51;57;5
796822;2022-03-17;634;F;2;0;C;60;63;6
796870;2022-03-17;478;M;1;4;A;19;21;5
796910;2022-03-17;396;F;1;0;B;66;78;6
796980;2022-03-17;629;M;3;0;C;21;21;6
797045;2022-03-17;603;M;3;0;B;33;33;6
797053;2022-03-17;127;F;4;2;C;55;57;5
797097;2022-03-17;774;F;2;0;B;22;22;4
797153;2022-03-17;25;M;4;1;C;61;74;6
797155;2022-03-17;760;F;2;0;A;70;88;4
797189;2022-03-17;74;M;3;0;C;1;1;1
797207;2022-03-17;423;F;5;2;A;44;53;5
797236;2022-03-17;431;F;4;3;B;5;5;2
797245;2022-03-17;954;F;4;2;B;26;26;3
797316;2022-03-17;665;M;1;4;B;1;1;1
797355;2022-03-17;993;M;5;1;B;18;20;5
797419;2022-03-17;490;F;2;4;C;43;48;5
797488;2022-03-17;195;M;4;0;B;35;36;6
797523;2022-03-17;439;F;3;0;B;11;11;4
797567;2022-03-17;347;F;4;0;B;54;62;6
797606;2022-03-17;361;F;1;0;C;5;5;2
797628;2022-03-17;449;F;2;3;B;45;51;6
797715;2022-03-17;5;F;4;3;C;13;13;4
797764;2022-03-17;875;F;1;0;B;28;33;5
797798;2022-03-17;865;F;1;0;B;6;6;4
797863;2022-03-17;651;F;2;0;B;55;65;6
797892;2022-03-17;755;M;3;4;B;52;55;6
797936;2022-03-17;366;M;3;4;B;16;17;4
797983;2022-03-17;338;M;2;0;B;28;32;4
798050;2022-03-17;274;M;1;1;B;3;3;2
798103;2022-03-17;371;F;4;0;B;43;48;6
798125;2022-03-17;374;F;3;0;B;20;20;4
798150;2022-03-17;497;M;3;0;B;44;46;5
798225;2022-03-17;369;F;3;4;C;62;77;5
798247;2022-03-17;638;M;3;1;B;10;10;4
798329;2022-03-17;906;M;2;0;A;16;17;5
798374;2022-03-17;582;F;2;0;B;59;71;5
798394;2022-03-17;401;M;1;4;C;21;23;4
798454;2022-03-17;374;F;3;0;B;69;80;6
798481;2022-03-17;677;M;4;0;B;71;84;6
798575;2022-03-17;729;M;3;0;B;64;73;7
798592;2022-03-17;851;F;2;0;B;63;76;6
798674;2022-03-17;258;F;1;0;B;48;51;5
798688;2022-03-18;349;M;3;0;B;71;87;6
798706;2022-03-18;20;M;4;0;B;71;80;6
798732;2022-03-18;987;F;1;0;B;35;37;5
798744;2022-03-18;163;F;3;0;A;12;13;3
798758;2022-03-18;60;F;2;3;B;50;55;6
798767;2022-03-18;465;F;3;0;B;58;67;5
798778;2022-03-18;983;F;4;0;C;32;34;5
798841;2022-03-18;826;F;2;0;C;72;86;6
798852;2022-03-18;842;M;5;2;B;44;47;6
798915;2022-03-18;928;F;5;1;B;73;84;6
799009;2022-03-18;254;F;5;2;B;58;68;5
799020;2022-03-18;499;M;3;0;B;53;57;5
799065;2022-03-18;769;F;3;3;C;56;60;6
799147;2022-03-18;834;M;3;3;B;33;39;4
799246;2022-03-18;74;M;3;0;C;8;8;3
799254;2022-03-18;231;F;4;2;B;43;48;5
799346;2022-03-18;77;F;4;1;B;49;56;7
799439;2022-03-18;372;M;1;4;B;29;31;4
799504;2022-03-18;506;F;4;3;B;52;61;7
799552;2022-03-18;131;F;2;0;C;35;38;6
799613;2022-03-18;196;M;2;0;B;10;10;3
799629;2022-03-18;880;M;3;2;B;56;70;5
799681;2022-03-18;880;M;3;2;B;19;19;6
799777;2022-03-18;354;F;2;0;B;60;66;6
799830;2022-03-18;422;F;2;4;C;32;35;5
799887;2022-03-18;373;F;4;2;B;14;14;4
799924;2022-03-18;226;F;4;0;B;48;53;6
799963;2022-03-18;292;F;2;0;C;39;44;4
800034;2022-03-18;758;F;3;0;B;13;14;4
800035;2022-03-18;194;F;4;0;B;44;50;6
800123;2022-03-18;594;F;3;1;C;34;39;6
800136;2022-03-18;402;M;2;0;C;38;44;6
800146;2022-03-18;753;F;1;3;C;22;23;6
800235;2022-03-18;900;F;3;0;B;64;71;7
800322;2022-03-18;232;M;3;1;B;49;60;5
800344;2022-03-18;492;F;2;1;C;61;68;6
800347;2022-03-18;88;F;1;0;B;38;42;5
800414;2022-03-18;2;M;3;0;B;67;78;6
800459;2022-03-18;568;F;4;1;A;59;62;6
800462;2022-03-18;429;M;4;0;C;57;65;6
800526;2022-03-18;232;M;3;1;B;55;61;5
800589;2022-03-18;706;F;2;0;A;68;83;7
800686;2022-03-18;633;F;3;0;C;16;16;6
800767;2022-03-18;25;M;4;1;C;43;48;5
800863;2022-03-18;80;F;2;1;C;36;37;6
800882;2022-03-18;292;F;2;0;C;53;60;6
800919;2022-03-18;578;M;4;0;B;66;77;7
800924;2022-03-18;554;F;3;0;A;74;81;6
800939;2022-03-18;469;M;4;2;C;57;64;6
800982;2022-03-25;253;F;4;1;B;49;58;5
801010;2022-03-25;734;F;4;2;B;9;9;3
801042;2022-03-25;248;M;3;0;C;36;39;5
801101;2022-03-25;636;M;2;2;B;22;23;4
801128;2022-03-25;798;M;5;2;B;59;72;6
801160;2022-03-25;926;M;1;0;B;58;60;6
801186;2022-03-25;562;F;3;0;B;66;84;6
801197;2022-03-25;979;F;3;0;A;12;13;4
801284;2022-03-25;150;M;1;4;B;13;14;5
801368;2022-03-25;660;F;3;0;C;51;54;5
801375;2022-03-25;799;M;4;3;C;57;65;6
801471;2022-03-25;240;M;4;0;B;17;17;4
801521;2022-03-25;898;F;4;0;C;50;60;6
801540;2022-03-25;888;F;4;2;B;11;11;4
801598;2022-03-25;352;M;4;2;B;53;56;4
801652;2022-03-25;9;F;2;0;B;15;16;5
801726;2022-03-25;420;M;3;0;B;53;59;6
801758;2022-03-25;652;F;4;0;B;1;1;1
801775;2022-03-25;380;M;3;4;B;20;21;4
801820;2022-03-25;203;F;3;0;A;19;19;6
801866;2022-03-25;684;F;3;0;C;48;57;6
801913;2022-03-25;589;F;3;2;C;66;78;7
802008;2022-03-25;48;M;4;1;B;15;16;5
802022;2022-03-25;260;F;2;0;C;7;7;3
802061;2022-03-25;418;M;2;2;A;41;43;5
802132;2022-03-25;220;M;1;0;B;59;63;5
802163;2022-03-25;250;F;4;1;B;19;20;3
802177;2022-03-25;56;F;2;3;B;57;66;7
802202;2022-03-25;263;M;3;0;B;41;43;6
802300;2022-03-25;659;F;2;2;B;23;25;6
802303;2022-03-25;260;F;2;0;C;11;11;4
802308;2022-03-25;363;F;1;0;B;15;15;4
802373;2022-03-25;685;F;4;0;B;65;79;6
802424;2022-03-25;594;F;3;1;C;68;80;5
802454;2022-03-25;685;F;4;0;B;65;69;5
802552;2022-03-25;249;F;4;0;B;52;64;6
802630;2022-03-25;328;M;2;0;B;66;77;6
802672;2022-03-25;761;F;1;4;B;46;49;5
802735;2022-03-25;556;F;4;0;B;9;11;3
802756;2022-03-25;766;F;1;0;B;47;53;6
802850;2022-03-25;38;M;3;0;B;63;72;6
802923;2022-03-25;362;F;3;0;B;64;76;7
802981;2022-03-25;69;M;4;3;A;41;48;7
803075;2022-03-25;935;F;2;0;B;5;5;3
803127;2022-03-25;843;F;5;1;C;80;87;7
803202;2022-03-25;75;M;1;0;B;51;51;5
803239;2022-03-25;853;M;5;2;A;25;27;5
803321;2022-03-25;119;F;3;2;B;74;85;6
803398;2022-03-25;306;F;3;0;B;57;68;6
803480;2022-03-25;160;F;3;4;B;21;22;5
803570;2022-03-25;859;M;1;0;B;23;24;6
803669;2022-03-25;362;F;3;0;B;51;64;5
803739;2022-03-25;734;F;4;2;B;21;23;4
803775;2022-03-25;938;M;1;4;B;20;20;4
803823;2022-03-25;317;M;3;0;B;68;79;6
803824;2022-03-25;985;M;1;0;B;27;30;6
803867;2022-03-25;70;F;4;0;B;63;78;7
803882;2022-03-25;144;M;1;0;B;20;21;5
803960;2022-03-25;544;F;2;0;B;45;49;4
803994;2022-03-25;468;M;3;1;C;22;24;5
804031;2022-03-25;982;M;4;3;B;38;43;5
804079;2022-03-25;311;F;4;0;C;64;78;5
804107;2022-03-25;862;M;4;0;B;7;7;4
804136;2022-03-25;577;M;4;0;C;30;33;5
804218;2022-03-29;9;F;2;0;B;33;34;5
804288;2022-03-29;740;F;1;4;C;17;18;5
804337;2022-03-29;229;M;2;2;C;48;52;6
804436;2022-03-29;776;F;2;0;B;11;11;3
804456;2022-03-29;180;M;3;4;B;19;20;5
804503;2022-03-29;602;M;3;0;B;27;29;5
804519;2022-03-29;270;F;3;1;B;12;12;5
804582;2022-03-29;695;M;2;0;A;10;10;3
804610;2022-03-29;469;M;4;2;C;47;54;6
804696;2022-03-29;691;M;4;0;B;66;79;5
804785;2022-03-29;566;F;4;0;B;68;86;6
804797;2022-03-29;225;M;4;0;C;63;70;5
804831;2022-03-29;778;F;2;2;A;25;32;4
804901;2022-03-29;362;F;3;0;B;37;38;5
804972;2022-03-29;870;F;1;0;B;20;21;5
805003;2022-03-29;395;F;4;1;B;15;15;4
805102;2022-03-29;598;F;4;0;B;33;35;5
805104;2022-03-29;149;M;1;3;A;64;69;5
805143;2022-03-29;800;M;1;0;C;5;5;3
805241;2022-03-29;779;M;3;4;A;27;28;6
805298;2022-03-29;805;F;3;0;C;34;37;6
805303;2022-03-29;405;F;4;0;B;5;5;4
805368;2022-03-29;993;M;5;1;B;49;52;4
805446;2022-03-29;826;F;2;0;C;49;63;5
805534;2022-03-29;742;M;1;1;C;66;82;7
805566;2022-03-29;384;F;3;2;C;5;5;3
805655;2022-03-29;76;M;3;0;A;24;26;4
805689;2022-03-29;406;M;2;4;C;72;86;5
805771;2022-03-29;589;F;3;2;C;20;21;3
805775;2022-03-29;363;F;1;0;B;11;11;3
805809;2022-03-29;372;M;1;4;B;21;23;3
805865;2022-03-29;823;M;5;3;B;15;15;3
805931;2022-03-29;393;F;4;0;B;72;85;6
805956;2022-05-04;250;F;4;1;B;4;4;3
806035;2022-05-04;999;M;2;2;C;10;10;2
806119;2022-05-04;891;F;3;2;B;19;19;5
806159;2022-05-04;703;M;1;3;B;52;64;5
806215;2022-05-04;556;F;4;0;B;55;65;5
806299;2022-05-04;213;M;2;4;B;35;38;5
806377;2022-05-04;117;M;2;3;B;59;67;5
806442;2022-05-04;519;M;2;4;B;65;81;6
806533;2022-05-04;566;F;4;0;B;43;47;6
806541;2022-05-04;61;M;1;2;B;20;20;5
806568;2022-05-04;602;M;3;0;B;6;6;2
806569;2022-05-04;330;F;1;0;B;22;22;5
806613;2022-05-04;626;M;3;1;C;3;3;2
806635;2022-05-04;330;F;1;0;B;56;59;5
806703;2022-05-04;581;F;4;2;C;30;32;5
806728;2022-05-04;317;M;3;0;B;10;10;5
806816;2022-05-04;808;F;3;0;B;10;10;3
806819;2022-05-04;105;F;4;0;C;73;88;6
806872;2022-05-04;429;M;4;0;C;11;11;4
806899;2022-05-04;876;F;2;3;B;10;10;4
806931;2022-05-04;217;F;3;0;B;10;10;4
806957;2022-05-04;125;M;3;0;B;62;75;7
807052;2022-05-04;67;M;1;0;B;31;33;5
807087;2022-05-04;5;F;4;3;C;31;34;5
807149;2022-05-04;336;F;1;0;C;73;83;6
807191;2022-05-04;423;F;5;2;A;47;51;6
807239;2022-05-04;681;M;1;0;C;69;79;6
807315;2022-05-04;747;M;1;0;B;5;5;2
807384;2022-05-04;291;F;3;0;C;76;86;5
807473;2022-05-04;404;M;4;0;B;30;33;5
807483;2022-05-04;908;M;3;2;C;62;67;6
807542;2022-05-04;30;M;4;0;B;41;44;6
807607;2022-05-04;152;F;3;1;C;15;17;3
807697;2022-05-04;25;M;4;1;C;78;88;6
807705;2022-05-04;94;M;1;2;C;8;8;2
807793;2022-05-04;912;F;4;0;C;18;18;5
807824;2022-05-04;308;M;4;0;B;58;65;5
807852;2022-05-04;91;M;3;0;B;46;50;7
807918;2022-05-04;355;M;3;4;B;32;39;6
807948;2022-05-04;951;M;2;0;B;58;68;6
807997;2022-05-04;394;M;1;0;B;54;64;5
808091;2022-05-04;374;F;3;0;B;1;1;1
808098;2022-05-04;272;M;4;3;C;61;68;7
808137;2022-05-04;426;F;3;0;C;64;69;6
808194;2022-05-04;491;M;2;1;A;25;25;3
808286;2022-05-04;731;M;3;4;B;33;35;4
808311;2022-05-04;114;F;3;3;B;2;2;2
808343;2022-05-04;772;F;2;0;B;74;83;6
808420;2022-05-04;745;F;1;2;B;31;31;5
808439;2022-05-04;99;F;1;4;C;44;53;5
808513;2022-05-04;121;F;1;2;B;71;84;5
808590;2022-05-04;434;M;1;4;B;9;9;5
808610;2022-05-04;727;M;4;2;C;23;25;3
808695;2022-05-04;692;F;4;0;B;26;29;6
808715;2022-05-04;878;F;4;3;C;13;14;5
808784;2022-05-04;492;F;2;1;C;17;18;3
808869;2022-05-04;211;M;2;1;B;11;12;4
808896;2022-05-04;944;F;3;1;B;43;48;5
808898;2022-05-04;709;F;3;0;B;23;24;4
808990;2022-05-04;312;M;1;0;A;28;28;6
809040;2022-05-04;514;M;4;0;C;24;24;4
809044;2022-05-04;741;M;3;0;B;31;34;4
809076;2022-05-04;987;F;1;0;B;2;2;1
809099;2022-05-04;806;F;2;3;B;73;83;7
809125;2022-05-04;987;F;1;0;B;62;80;7
809176;2022-05-04;463;M;3;3;B;64;72;6
809260;2022-05-04;765;F;5;1;B;70;76;5
809306;2022-05-04;298;F;4;0;C;31;33;3
809399;2022-05-04;398;F;4;1;B;58;73;6
809474;2022-05-04;706;F;2;0;A;28;29;4
809497;2022-05-04;819;M;4;0;B;33;35;3
809592;2022-05-04;321;M;2;0;B;55;60;7
809652;2022-05-04;675;M;4;0;B;59;74;6
809726;2022-05-04;486;M;4;0;B;29;30;5
809800;2022-05-04;781;M;4;0;B;58;66;6
809898;2022-05-04;84;F;3;0;C;36;40;5
809934;2022-05-04;221;F;1;0;B;50;55;7
809958;2022-05-04;79;F;2;0;C;15;15;5
809998;2022-05-04;305;F;4;0;B;40;42;6
810061;2022-05-04;34;M;2;0;C;15;16;5
810085;2022-05-04;427;M;3;0;B;15;15;5
810150;2022-05-04;907;M;3;1;B;56;67;7
810248;2022-05-04;839;F;1;3;B;37;45;6
810292;2022-10-04;680;F;3;0;C;42;44;5
810344;2022-10-04;749;F;4;1;B;51;61;5
810387;2022-10-04;463;M;3;3;B;20;20;3
810439;2022-10-04;476;M;3;0;C;26;30;4
810532;2022-10-04;495;F;2;3;A;79;87;6
810612;2022-10-04;7;M;1;3;B;15;15;6
810630;2022-10-04;336;F;1;0;C;36;42;5
810632;2022-10-04;911;F;2;0;B;69;82;5
810714;2022-10-04;428;F;2;0;A;62;64;5
810743;2022-10-04;97;F;4;1;B;60;71;7
810802;2022-10-04;287;F;1;0;B;43;55;6
810849;2022-10-04;663;F;4;0;B;3;3;2
810883;2022-10-04;883;M;1;0;B;29;30;4
810923;2022-10-04;905;M;1;0;B;3;4;2
810952;2022-10-04;170;F;4;2;B;43;46;6
811034;2022-10-04;54;M;1;0;A;65;75;5
811058;2022-10-04;613;F;3;0;B;9;11;4
811150;2022-10-04;503;F;2;1;B;70;87;6
811239;2022-10-04;688;M;1;1;A;21;24;5
811334;2022-10-04;101;F;1;0;C;7;7;4
811385;2022-10-04;639;M;2;0;C;40;45;5
811427;2022-10-04;421;M;3;3;C;46;55;6
811444;2022-10-04;648;M;1;0;B;14;14;3
811488;2022-10-04;859;M;1;0;B;28;30;5
811518;2022-10-04;680;F;3;0;C;68;78;6
811536;2022-10-04;611;M;4;0;B;64;74;6
811615;2022-10-04;913;M;3;4;C;65;77;7
811644;2022-10-04;801;M;1;4;B;6;6;4
811704;2022-10-04;117;M;2;3;B;71;77;6
811788;2022-10-04;851;F;2;0;B;22;24;4
811860;2022-10-04;605;M;4;2;B;52;58;6
811867;2022-10-04;279;M;1;2;B;13;13;4
811914;2022-10-04;231;F;4;2;B;62;75;6
811955;2022-10-04;674;M;4;1;B;12;12;3
812029;2022-10-04;965;M;3;0;B;72;80;6
812087;2022-10-04;159;M;1;0;C;23;23;5
812152;2022-10-04;327;M;4;2;A;60;69;7
812209;2022-10-04;500;M;3;2;C;72;85;6
812244;2022-10-04;909;M;3;0;B;73;84;7
812279;2022-10-04;298;F;4;0;C;52;60;6
812325;2022-10-04;27;F;1;0;B;10;10;3
812379;2022-10-04;187;M;2;1;B;34;38;5
812431;2022-10-04;41;M;3;0;C;32;34;5
812508;2022-10-04;661;M;3;0;B;26;27;6
812558;2022-10-04;561;M;2;0;B;22;22;5
812638;2022-10-04;327;M;4;2;A;70;81;7
812689;2022-10-04;662;F;1;1;B;56;67;6
812747;2022-10-04;164;M;2;3;A;2;2;2
812821;2022-10-04;315;F;3;0;B;4;4;3
812860;2022-10-04;757;F;4;3;C;69;83;6
812875;2022-10-04;189;F;3;4;C;32;33;6
812926;2022-10-04;981;F;4;1;C;48;57;5
813011;2022-10-04;114;F;3;3;B;41;43;6
813030;2022-10-04;598;F;4;0;B;70;85;6
813031;2022-10-04;859;M;1;0;B;43;44;5
813042;2022-10-04;63;F;3;0;B;35;39;4
813079;2022-10-04;404;M;4;0;B;53;56;6
813130;2022-10-04;382;F;3;0;C;8;8;4
813146;2022-10-04;789;F;5;1;B;50;54;6
813174;2022-11-04;395;F;4;1;B;41;43;6
813220;2022-11-04;399;F;4;1;C;55;59;6
813249;2022-11-04;499;M;3;0;B;3;3;2
813279;2022-11-04;365;M;4;0;A;47;52;6
813292;2022-11-04;628;M;3;0;B;10;10;4
813304;2022-11-04;337;M;3;0;B;50;55;6
813369;2022-11-04;453;F;1;0;B;21;22;5
813450;2022-11-04;387;M;2;2;B;29;32;5
813464;2022-11-04;567;F;1;0;C;66;82;6
813480;2022-11-04;240;M;4;0;B;54;58;4
813549;2022-11-04;918;F;2;4;C;35;39;5
813643;2022-11-04;94;M;1;2;C;21;21;4
813666;2022-11-04;567;F;1;0;C;31;33;5
813735;2022-11-04;230;M;1;4;A;38;42;6
813805;2022-11-04;205;M;2;4;B;67;84;7
813834;2022-11-04;780;M;3;2;B;7;7;4
813867;2022-11-04;787;F;3;0;A;63;72;6
813924;2022-11-04;436;M;2;4;B;42;45;7
813932;2022-11-04;300;F;1;3;C;60;72;6
814030;2022-11-04;49;M;2;0;C;14;14;4
814047;2022-11-04;344;M;3;0;B;36;41;5
814053;2022-11-04;395;F;4;1;B;67;83;6
814126;2022-11-04;705;M;1;0;B;29;32;5
814150;2022-11-04;637;F;1;0;B;21;23;5
814163;2022-11-04;304;F;2;3;B;29;30;6
814256;2022-11-04;701;M;3;0;B;30;32;6
814342;2022-11-04;648;M;1;0;B;71;85;7
814365;2022-11-04;422;F;2;4;C;41;46;7
814457;2022-11-04;331;F;4;0;B;36;40;5
814510;2022-11-04;407;F;3;3;A;53;57;4
814518;2022-11-04;204;F;3;3;B;54;60;5
814592;2022-11-04;977;M;1;0;C;51;56;7
814664;2022-11-04;750;M;2;2;C;55;59;5
814670;2022-11-04;45;M;2;0;A;26;27;6
814709;2022-11-04;944;F;3;1;B;24;24;5
814754;2022-11-04;901;F;4;1;B;70;75;7
814793;2022-11-04;838;F;1;0;C;45;50;5
814874;2022-11-04;575;M;1;4;B;9;9;3
814935;2022-11-04;355;M;3;4;B;64;81;6
815013;2022-11-04;317;M;3;0;B;65;79;6
815035;2022-11-04;411;F;2;0;B;2;2;1
815039;2022-11-04;863;F;1;4;B;29;34;5
815093;2022-11-04;517;F;3;1;B;44;51;6
815183;2022-11-04;936;F;3;2;B;53;62;6
815227;2022-11-04;260;F;2;0;C;11;11;4
815263;2022-11-04;453;F;1;0;B;45;48;6
815332;2022-11-04;593;M;4;1;B;28;29;6
815424;2022-11-04;130;F;1;0;B;72;86;6
815483;2022-11-04;104;F;3;2;B;28;30;5
815558;2022-04-14;985;M;1;0;B;21;23;4
815647;2022-04-14;446;M;1;4;B;23;23;5
815709;2022-04-14;513;F;4;3;B;33;34;6
815710;2022-04-14;487;F;3;0;C;1;1;1
815799;2022-04-14;422;F;2;4;C;56;63;6
815833;2022-04-14;801;M;1;4;B;46;48;6
815891;2022-04-14;990;F;1;4;B;29;29;5
815911;2022-04-14;854;F;5;1;C;42;46;5
815930;2022-04-14;666;F;2;2;B;70;84;6
815971;2022-04-14;663;F;4;0;B;22;22;5
816005;2022-04-14;758;F;3;0;B;1;1;1
816058;2022-04-14;811;M;2;1;B;22;23;5
816135;2022-04-14;470;M;3;1;B;55;64;6
816159;2022-04-14;710;F;3;1;C;53;63;6
816256;2022-04-14;399;F;4;1;C;47;51;6
816342;2022-04-14;234;M;3;4;B;32;33;5
816347;2022-04-14;507;F;3;2;B;32;35;5
816355;2022-04-14;154;M;2;3;B;8;8;3
816379;2022-04-14;417;M;4;1;B;66;76;6
816400;2022-04-14;413;M;3;2;B;42;47;6
816494;2022-04-14;202;M;1;0;B;52;63;7
816554;2022-04-14;156;F;2;0;B;55;62;7
816555;2022-04-14;382;F;3;0;C;32;38;3
816640;2022-04-14;967;F;1;0;B;54;63;5
816643;2022-04-14;193;F;4;0;B;37;43;7
816685;2022-04-14;271;F;4;0;B;60;71;4
816694;2022-04-14;952;F;3;4;C;57;73;7
816755;2022-04-14;625;F;4;0;C;65;73;6
816775;2022-04-14;375;M;4;0;B;64;69;5
816786;2022-04-14;518;F;1;0;B;23;27;5
816878;2022-04-14;289;F;3;4;C;47;54;5
816951;2022-04-14;518;F;1;0;B;54;58;5
817024;2022-04-14;269;F;3;3;B;34;36;6
817106;2022-04-14;816;M;4;0;C;26;29;5
817191;2022-04-14;393;F;4;0;B;46;53;6
817216;2022-04-14;724;M;1;0;B;43;49;7
817240;2022-04-14;131;F;2;0;C;40;45;4
817328;2022-04-14;282;M;2;0;B;59;65;7
817417;2022-04-14;927;M;1;1;C;72;89;6
817457;2022-04-14;158;M;3;0;B;61;74;6
817532;2022-04-14;926;M;1;0;B;25;25;4
817595;2022-04-14;596;M;2;0;B;7;7;3
817688;2022-04-14;873;F;3;0;B;59;71;6
817708;2022-04-14;19;F;2;2;C;55;60;5
817722;2022-04-14;711;M;4;2;B;47;55;5
817794;2022-04-14;222;F;4;0;B;72;85;7
817859;2022-04-17;15;M;2;1;C;4;4;2
817949;2022-04-17;582;F;2;0;B;6;6;2
817965;2022-04-17;640;M;4;0;C;11;11;4
818018;2022-04-17;85;M;1;0;B;74;87;6
818071;2022-04-17;183;M;4;1;B;71;89;6
818119;2022-04-17;577;M;4;0;C;64;75;7
818192;2022-04-17;907;M;3;1;B;36;42;5
818285;2022-04-17;514;M;4;0;C;57;60;6
818333;2022-04-17;990;F;1;4;B;2;2;1
818360;2022-04-17;430;F;4;1;B;37;43;4
818408;2022-04-17;495;F;2;3;A;44;51;5
818455;2022-04-17;938;M;1;4;B;62;75;5
818543;2022-04-17;897;M;2;1;C;56;62;7
818589;2022-04-17;992;F;2;0;B;55;60;6
818600;2022-04-17;265;M;2;3;B;42;51;6
818644;2022-04-17;609;F;4;0;C;29;31;4
818689;2022-04-17;842;M;5;2;B;38;46;5
818769;2022-04-17;800;M;1;0;C;19;19;4
818805;2022-04-17;303;M;3;4;B;46;49;6
818848;2022-04-17;929;M;4;0;B;35;42;5
818904;2022-04-17;919;F;2;0;C;45;50;6
818990;2022-04-17;295;F;1;3;B;35;39;7
819080;2022-04-17;189;F;3;4;C;33;36;5
819163;2022-04-17;104;F;3;2;B;69;77;7
819228;2022-04-17;741;M;3;0;B;54;60;7
819245;2022-04-17;574;F;2;2;B;5;6;3
819286;2022-04-17;805;F;3;0;C;73;87;6
819375;2022-04-17;342;M;3;0;B;39;43;7
819445;2022-04-17;184;M;1;3;B;43;49;5
819489;2022-04-17;928;F;5;1;B;54;60;5
819561;2022-04-17;861;M;3;0;B;49;52;5
819574;2022-04-17;519;M;2;4;B;63;72;6
819583;2022-04-17;993;M;5;1;B;49;55;6
819645;2022-04-17;318;M;1;2;B;43;46;6
819701;2022-04-17;385;F;2;0;B;47;52;7
819715;2022-04-17;95;M;1;0;B;59;67;6
819814;2022-04-17;771;F;4;0;B;28;29;5
819839;2022-04-17;327;M;4;2;A;48;62;6
819884;2022-04-17;130;F;1;0;B;35;43;5
819927;2022-04-17;387;M;2;2;B;42;46;6
819929;2022-04-17;393;F;4;0;B;34;37;5
819939;2022-04-17;330;F;1;0;B;41;47;5
820024;2022-04-17;895;M;3;0;B;36;41;5
820095;2022-04-17;448;F;2;0;A;12;12;4
820112;2022-04-17;999;M;2;2;C;3;3;2
820137;2022-04-17;103;M;3;4;B;46;50;6
820185;2022-04-17;817;M;3;0;B;55;62;6
820224;2022-04-17;552;M;4;0;B;42;48;6
820257;2022-04-17;329;F;3;0;B;18;20;4
820292;2022-04-17;967;F;1;0;B;36;41;6
820388;2022-04-17;206;F;3;1;C;21;22;5
820422;2022-04-17;601;M;4;0;A;19;20;6
820473;2022-04-17;602;M;3;0;B;70;87;6
820487;2022-04-17;571;F;2;0;B;53;61;5
820556;2022-04-17;473;F;4;3;B;25;25;3
820643;2022-04-17;101;F;1;0;C;49;54;6
820730;2022-04-17;311;F;4;0;C;43;47;6
820734;2022-04-17;9;F;2;0;B;1;1;1
820764;2022-04-17;455;F;2;0;C;18;19;5
820792;2022-04-17;479;F;1;0;B;52;55;5
820805;2022-04-17;164;M;2;3;A;40;44;5
820856;2022-04-17;294;F;4;0;C;13;13;3
820915;2022-04-17;498;M;3;2;B;13;13;4
821000;2022-04-17;486;M;4;0;B;66;76;5
821036;2022-04-17;879;M;2;2;C;73;87;5
821084;2022-04-17;509;F;2;3;C;57;71;7
821127;2022-04-17;522;M;1;2;A;59;68;6
821154;2022-04-17;599;F;1;4;C;50;54;5
821211;2022-04-17;581;F;4;2;C;14;14;4
821227;2022-04-17;667;F;4;0;C;27;29;5
821315;2022-04-17;871;F;1;3;C;43;48;5
821412;2022-04-17;371;F;4;0;B;71;88;6
821508;2022-04-17;633;F;3;0;C;49;54;6
821544;2022-04-17;845;F;3;3;C;1;1;1
821545;2022-04-17;811;M;2;1;B;47;51;6
821590;2022-04-17;374;F;3;0;B;49;53;7
821677;2022-04-17;255;M;4;0;B;74;85;5
821751;2022-04-17;287;F;1;0;B;40;42;5
821835;2022-04-17;115;M;4;0;B;64;74;6
821853;2022-04-17;697;M;3;0;C;58;69;5
821875;2022-04-17;74;M;3;0;C;51;53;6
821958;2022-04-17;74;M;3;0;C;47;53;7
822047;2022-04-17;371;F;4;0;B;61;69;6
822087;2022-04-17;720;M;2;3;B;46;53;6
822180;2022-04-17;326;F;1;0;B;48;54;6
822207;2022-04-17;190;M;1;4;B;71;82;6
822250;2022-04-17;32;F;1;0;B;66;75;6
822255;2022-04-17;550;M;4;0;B;7;7;2
822337;2022-04-17;991;F;2;2;C;2;2;2
822370;2022-04-17;346;F;2;4;C;5;5;3
822399;2022-04-17;419;F;2;1;B;40;44;4
822408;2022-04-17;131;F;2;0;C;47;52;4
822507;2022-04-22;591;M;4;1;B;66;79;6
822584;2022-04-22;52;F;1;0;A;36;40;5
822601;2022-04-22;645;F;4;0;B;12;12;4
822656;2022-04-22;111;M;2;4;C;19;19;4
822690;2022-04-22;743;M;1;3;C;18;18;5
822721;2022-04-22;90;F;2;2;B;62;75;6
822760;2022-04-22;571;F;2;0;B;4;4;3
822773;2022-04-22;271;F;4;0;B;7;7;4
822808;2022-04-22;198;M;4;0;B;47;54;7
822836;2022-04-22;682;F;2;2;B;6;6;2
822844;2022-04-22;204;F;3;3;B;52;61;6
822925;2022-04-22;878;F;4;3;C;2;2;2
823023;2022-04-22;237;F;4;3;C;20;20;4
823069;2022-04-22;224;M;4;0;B;72;78;7
823137;2022-04-22;913;M;3;4;C;31;37;5
823204;2022-04-22;29;M;2;0;B;22;23;5
823295;2022-04-22;211;M;2;1;B;53;56;6
823373;2022-04-22;801;M;1;4;B;67;77;6
823399;2022-04-22;457;M;3;0;C;55;60;6
823449;2022-04-22;909;M;3;0;B;60;70;6
823509;2022-04-22;868;M;4;0;B;47;51;6
823603;2022-04-22;559;F;3;1;A;19;20;4
823609;2022-04-22;191;M;3;0;B;44;46;6
823659;2022-04-22;731;M;3;4;B;57;65;6
823749;2022-04-22;757;F;4;3;C;14;16;4
823843;2022-04-22;252;M;2;2;B;49;58;5
823844;2022-04-22;215;M;2;4;B;42;44;5
823910;2022-04-22;516;M;1;0;C;25;26;6
823947;2022-04-22;76;M;3;0;A;64;75;6
823988;2022-04-22;97;F;4;1;B;57;62;5
824019;2022-04-22;533;F;4;0;A;19;19;5
824052;2022-04-22;583;F;2;0;B;3;3;1
824089;2022-04-22;824;F;1;0;B;54;57;6
824145;2022-04-22;264;F;4;1;B;75;87;6
824179;2022-04-22;370;M;1;4;B;75;89;5
824238;2022-04-22;450;M;1;0;B;69;85;6
824282;2022-04-22;914;M;2;4;B;9;10;3
824318;2022-04-22;266;F;3;3;B;31;34;5
824346;2022-04-22;287;F;1;0;B;36;38;5
824445;2022-04-22;229;M;2;2;C;23;25;4
824492;2022-04-22;398;F;4;1;B;54;61;6
824544;2022-04-22;78;M;1;0;B;16;17;6
824637;2022-04-22;522;M;1;2;A;68;89;6
824662;2022-04-22;340;M;3;4;B;2;2;2
824747;2022-04-22;174;M;4;3;C;45;48;6
824828;2022-04-22;569;M;1;1;A;10;10;4
824906;2022-04-22;736;M;1;0;C;59;68;6
824918;2022-04-22;966;F;4;2;B;21;22;5
824956;2022-04-22;871;F;1;3;C;46;54;5
825025;2022-04-22;209;F;4;0;B;16;17;4
825078;2022-04-22;444;F;2;0;B;42;46;5
825087;2022-04-22;592;F;2;0;C;61;75;6
825180;2022-04-22;619;M;4;1;B;71;78;7
825274;2022-04-22;735;F;4;0;B;3;3;2
825364;2022-04-22;950;M;3;0;C;73;87;6
825435;2022-04-22;963;M;3;0;B;59;70;6
825508;2022-04-22;16;M;1;4;C;68;82;5
825602;2022-04-22;485;M;3;3;B;66;80;5
825651;2022-04-22;634;F;2;0;C;69;83;7
825729;2022-04-22;619;M;4;1;B;61;70;5
825754;2022-04-22;623;F;3;0;C;1;1;1
825798;2022-04-22;932;M;4;1;B;48;54;5
825879;2022-04-22;910;M;2;2;B;5;6;2
825907;2022-04-22;279;M;1;2;B;48;55;6
825920;2022-04-22;667;F;4;0;C;60;70;6
825966;2022-04-22;733;M;4;0;B;8;8;3
826042;2022-04-22;149;M;1;3;A;32;38;5
826133;2022-04-22;312;M;1;0;A;62;73;5
826162;2022-04-22;427;M;3;0;B;41;46;6
826221;2022-04-22;234;M;3;4;B;29;31;4
826292;2022-04-22;385;F;2;0;B;1;1;1
826381;2022-04-22;55;F;3;0;B;46;50;4
826412;2022-04-22;8;F;3;0;B;40;46;7
826418;2022-04-22;556;F;4;0;B;1;1;1
826488;2022-04-22;437;F;2;1;C;10;11;3
826509;2022-04-22;994;M;4;0;C;45;54;6
826588;2022-04-29;188;M;2;2;B;29;31;6
826634;2022-04-29;119;F;3;2;B;42;48;6
826724;2022-04-29;318;M;1;2;B;35;37;4
826744;2022-04-29;848;F;5;3;A;12;12;4
826751;2022-04-29;645;F;4;0;B;46;49;5
826846;2022-04-29;692;F;4;0;B;45;50;6
826924;2022-04-29;493;M;2;4;B;39;42;5
827007;2022-04-29;64;F;4;0;B;39;42;4
827022;2022-04-29;573;F;1;0;C;59;71;6
827105;2022-04-29;991;F;2;2;C;21;22;4
827119;2022-04-29;312;M;1;0;A;24;28;6
827130;2022-04-29;703;M;1;3;B;69;89;6
827170;2022-04-29;407;F;3;3;A;66;78;6
827193;2022-04-29;641;F;4;0;C;21;22;4
827197;2022-04-29;233;M;3;0;B;31;31;5
827275;2022-04-29;555;M;4;3;A;26;29;6
827299;2022-04-29;696;M;2;0;B;31;32;4
827344;2022-04-29;513;F;4;3;B;65;77;6
827365;2022-04-29;272;M;4;3;C;43;44;4
827428;2022-04-29;737;F;2;1;C;22;24;3
827500;2022-04-29;252;M;2;2;B;49;54;6
827541;2022-04-29;73;M;1;0;A;35;39;6
827587;2022-04-29;938;M;1;4;B;72;80;6
827614;2022-04-29;311;F;4;0;C;61;68;6
827663;2022-04-29;472;M;2;1;C;41;51;5
827754;2022-04-29;540;F;2;0;C;19;20;6
827767;2022-04-29;19;F;2;2;C;72;87;7
827802;2022-04-29;399;F;4;1;C;34;35;5
827897;2022-04-29;259;M;1;1;B;7;7;4
827980;2022-04-29;684;F;3;0;C;21;21;5
827993;2022-04-29;25;M;4;1;C;6;6;2
828068;2022-04-29;562;F;3;0;B;16;16;5
828087;2022-04-29;965;M;3;0;B;46;56;6
828160;2022-04-29;636;M;2;2;B;23;24;4
828230;2022-04-29;960;F;4;2;B;33;37;6
828235;2022-04-29;878;F;4;3;C;29;33;5
828317;2022-04-29;61;M;1;2;B;39;43;5
828327;2022-04-29;565;F;1;2;B;65;75;5
828334;2022-04-29;175;M;1;0;B;28;31;5
828388;2022-04-29;962;M;3;4;B;43;48;6
828458;2022-04-29;296;F;1;3;B;10;11;3
828486;2022-04-29;973;F;4;0;B;21;24;4
828531;2022-04-29;249;F;4;0;B;32;33;6
828581;2022-04-29;475;F;4;3;B;59;67;6
828644;2022-04-29;8;F;3;0;B;57;66;6
828710;2022-04-29;874;F;3;3;B;46;47;6
828758;2022-04-29;521;F;1;0;A;68;76;6
828832;2022-04-29;706;F;2;0;A;75;87;6
828853;2022-04-29;322;M;2;0;B;51;60;6
828868;2022-04-29;360;M;4;0;B;27;28;6
828910;2022-04-29;935;F;2;0;B;75;88;6
828911;2022-04-29;925;M;2;0;C;29;31;5
828958;2022-04-29;166;F;1;0;B;27;29;5
828978;2022-04-29;56;F;2;3;B;39;41;4
829046;2022-04-29;934;F;2;2;B;45;51;6
829086;2022-04-29;440;F;4;0;C;71;86;6
829123;2022-04-29;355;M;3;4;B;35;37;5
829138;2022-04-29;389;F;3;0;C;60;69;7
829178;2022-04-29;693;F;4;0;B;15;16;6
829260;2022-04-29;72;F;2;0;A;14;14;5
829284;2022-04-29;972;M;4;0;C;12;12;3
829348;2022-04-29;30;M;4;0;B;1;1;1
829392;2022-04-29;975;F;3;0;B;37;39;5
829393;2022-04-29;585;F;2;4;B;60;69;5
829447;2022-04-29;686;F;3;2;A;61;76;5
829456;2022-04-29;401;M;1;4;C;16;17;3
829494;2022-04-29;426;F;3;0;C;56;64;6
829569;2022-04-29;476;M;3;0;C;5;5;3
829613;2022-04-29;176;F;2;0;B;14;15;4
829668;2022-04-29;968;F;1;0;B;3;3;2
829691;2022-04-29;573;F;1;0;C;19;19;6
829788;2022-04-29;706;F;2;0;A;48;51;6
829815;2022-04-29;410;F;3;3;B;45;52;7
829912;2022-04-29;704;F;2;0;C;3;3;2
829915;2022-04-29;670;M;4;0;C;12;13;4
829992;2022-04-29;258;F;1;0;B;63;75;6
830074;2022-04-29;237;F;4;3;C;32;39;5
830163;2022-04-30;79;F;2;0;C;41;47;6
830260;2022-04-30;233;M;3;0;B;72;85;7
830309;2022-04-30;742;M;1;1;C;62;71;6
830319;2022-04-30;861;M;3;0;B;18;18;4
830334;2022-04-30;69;M;4;3;A;60;67;6
830359;2022-04-30;960;F;4;2;B;32;32;5
830411;2022-04-30;407;F;3;3;A;1;1;1
830414;2022-04-30;302;F;4;3;C;24;28;5
830480;2022-04-30;444;F;2;0;B;46;51;5
830494;2022-04-30;644;M;1;0;C;3;3;2
830540;2022-01-05;983;F;4;0;C;65;77;7
830632;2022-01-05;412;M;2;0;B;63;72;5
830665;2022-01-05;518;F;1;0;B;59;73;6
830737;2022-01-05;502;M;4;0;C;13;13;2
830833;2022-01-05;636;M;2;2;B;14;14;6
830895;2022-01-05;414;F;1;0;B;1;1;1
830964;2022-01-05;812;F;2;0;A;18;19;6
831023;2022-01-05;289;F;3;4;C;12;13;5
831095;2022-01-05;155;F;2;0;B;61;69;6
831188;2022-01-05;807;M;1;3;B;40;42;6
831211;2022-01-05;472;M;2;1;C;59;67;7
831293;2022-01-05;738;M;1;0;C;19;20;5
831373;2022-01-05;492;F;2;1;C;50;56;6
831402;2022-01-05;396;F;1;0;B;11;13;5
831449;2022-01-05;569;M;1;1;A;42;45;6
831523;2022-01-05;242;F;4;0;B;72;88;6
831609;2022-01-05;693;F;4;0;B;58;65;5
831683;2022-01-05;131;F;2;0;C;40;43;6
831723;2022-01-05;550;M;4;0;B;35;40;6
831740;2022-01-05;846;F;4;3;C;4;5;2
831750;2022-01-05;2;M;3;0;B;20;20;6
831798;2022-01-05;969;M;1;3;B;31;32;5
831854;2022-01-05;334;M;3;0;C;54;60;6
831891;2022-01-05;6;F;2;0;B;63;67;6
831959;2022-01-05;636;M;2;2;B;2;2;1
831977;2022-01-05;214;F;4;0;B;43;44;6
832040;2022-01-05;496;F;2;0;B;43;45;5
832136;2022-01-05;905;M;1;0;B;6;6;3
832193;2022-01-05;796;M;2;3;B;81;87;5
832280;2022-01-05;570;F;4;1;C;15;17;6
832282;2022-01-05;910;M;2;2;B;12;12;3
832305;2022-01-05;526;M;2;2;B;63;76;7
832323;2022-01-05;478;M;1;4;A;16;17;4
832388;2022-01-05;801;M;1;4;B;17;17;4
832394;2022-01-05;760;F;2;0;A;4;4;2
832492;2022-01-05;382;F;3;0;C;26;30;5
832542;2022-01-05;269;F;3;3;B;45;49;7
832640;2022-01-05;528;M;2;2;C;61;75;7
832731;2022-01-05;266;F;3;3;B;70;85;6
832806;2022-01-05;808;F;3;0;B;50;60;4
832807;2022-01-05;707;M;4;0;B;25;27;5
832847;2022-01-05;64;F;4;0;B;1;1;1
832895;2022-01-05;880;M;3;2;B;48;52;7
832912;2022-01-05;864;F;1;3;B;7;7;2
832926;2022-01-05;576;M;3;0;B;54;63;7
833019;2022-01-05;648;M;1;0;B;15;16;4
833097;2022-01-05;549;M;2;3;C;55;63;5
833128;2022-01-05;61;M;1;2;B;42;46;5
833169;2022-01-05;477;F;4;0;B;26;29;6
833195;2022-01-05;255;M;4;0;B;2;2;2
833228;2022-01-05;366;M;3;4;B;31;35;6
833287;2022-01-05;599;F;1;4;C;41;47;5
833309;2022-01-05;739;F;2;3;B;53;61;6
833377;2022-01-05;353;M;1;2;B;63;74;5
833402;2022-01-05;157;M;1;1;C;29;29;5
833500;2022-01-05;404;M;4;0;B;17;18;5
833519;2022-01-05;607;F;2;0;B;32;33;4
833618;2022-01-05;881;F;5;1;C;60;66;7
833663;2022-01-05;542;M;3;1;B;7;7;3
833730;2022-01-05;45;M;2;0;A;55;62;5
833777;2022-01-05;14;M;1;3;B;54;58;6
833869;2022-01-05;665;M;1;4;B;46;50;6
833950;2022-01-05;93;F;2;0;C;58;65;6
834033;2022-01-05;977;M;1;0;C;37;44;4
834064;2022-01-05;579;F;3;0;B;9;9;4
834075;2022-01-05;799;M;4;3;C;29;35;5
834115;2022-01-05;127;F;4;2;C;18;18;4
834134;2022-01-05;752;M;3;0;C;42;46;6
834159;2022-01-05;964;M;2;0;B;66;75;7
834230;2022-01-05;997;M;5;2;C;34;35;4
834304;2022-01-05;113;F;3;0;B;61;69;5
834382;2022-01-05;716;F;4;0;C;29;30;6
834386;2022-01-05;882;F;4;1;B;39;44;6
834431;2022-01-05;591;M;4;1;B;5;5;2
834474;2022-01-05;571;F;2;0;B;64;75;6
834476;2022-01-05;639;M;2;0;C;8;8;3
834484;2022-01-05;234;M;3;4;B;73;89;7
834540;2022-01-05;854;F;5;1;C;46;54;5
834619;2022-01-05;170;F;4;2;B;62;77;5
834709;2022-01-05;364;F;4;2;C;51;61;6
834804;2022-01-05;755;M;3;4;B;65;76;6
834894;2022-01-05;905;M;1;0;B;60;68;6
834930;2022-01-05;224;M;4;0;B;64;72;6
834960;2022-01-05;811;M;2;1;B;35;36;6
834966;2022-01-05;747;M;1;0;B;41;48;6
835023;2022-01-05;664;M;3;1;B;76;87;5
835100;2022-01-05;948;M;4;0;C;43;48;5
835110;2022-01-05;637;F;1;0;B;63;70;7
835133;2022-01-05;88;F;1;0;B;32;35;6
835195;2022-01-05;997;M;5;2;C;25;26;5
835208;2022-01-05;550;M;4;0;B;58;76;5
835250;2022-01-05;810;M;1;0;B;72;87;6
835303;2022-01-05;36;F;3;0;C;58;66;7
835328;2022-01-05;289;F;3;4;C;12;13;4
835405;2022-01-05;363;F;1;0;B;65;88;7
835493;2022-01-05;479;F;1;0;B;69;80;5
835544;2022-01-05;927;M;1;1;C;68;80;7
835556;2022-01-05;227;F;3;0;C;13;13;4
835655;2022-05-05;343;F;1;0;B;15;15;4
835701;2022-05-05;200;F;3;0;B;42;46;5
835789;2022-05-05;923;F;2;4;C;72;88;7
835842;2022-05-05;323;M;1;3;B;67;79;6
835910;2022-05-05;373;F;4;2;B;63;72;6
836005;2022-05-05;530;F;1;0;A;20;20;5
836038;2022-05-05;534;M;4;1;C;51;57;6
836054;2022-05-05;954;F;4;2;B;34;40;5
836074;2022-05-05;48;M;4;1;B;58;71;6
836154;2022-05-05;397;F;1;0;B;67;78;6
836216;2022-05-05;806;F;2;3;B;75;87;6
836309;2022-05-05;953;M;1;1;B;37;42;5
836335;2022-05-05;816;M;4;0;C;61;67;7
836418;2022-05-05;821;F;2;3;B;72;88;7
836501;2022-05-05;931;M;2;0;A;68;75;6
836550;2022-05-05;602;M;3;0;B;24;25;2
836584;2022-05-05;108;M;1;0;B;29;31;5
836660;2022-05-05;240;M;4;0;B;30;32;4
836702;2022-05-05;657;M;2;3;B;28;30;6
836756;2022-05-05;348;F;3;0;A;70;87;6
836817;2022-05-05;577;M;4;0;C;13;13;4
836829;2022-05-05;256;F;4;0;B;37;41;6
836833;2022-05-05;440;F;4;0;C;75;80;6
836859;2022-05-05;565;F;1;2;B;69;83;7
836939;2022-05-05;764;F;3;1;B;16;16;5
836948;2022-05-05;230;M;1;4;A;37;39;5
836980;2022-05-05;583;F;2;0;B;28;31;4
837002;2022-05-05;618;M;4;3;B;57;59;6
837089;2022-05-05;218;M;4;0;B;43;47;6
837171;2022-05-05;187;M;2;1;B;58;68;5
837217;2022-05-05;194;F;4;0;B;4;4;3
837262;2022-05-05;69;M;4;3;A;24;24;4
837279;2022-05-05;667;F;4;0;C;4;4;2
837349;2022-05-05;787;F;3;0;A;27;29;5
837368;2022-05-05;962;M;3;4;B;63;74;6
837405;2022-05-05;6;F;2;0;B;37;40;5
837457;2022-05-05;394;M;1;0;B;61;71;6
837530;2022-05-05;461;M;3;4;C;47;50;6
837566;2022-05-05;106;M;1;0;B;40;46;7
837635;2022-05-05;634;F;2;0;C;64;75;5
837721;2022-05-05;56;F;2;3;B;6;6;3
837810;2022-05-05;314;F;1;1;A;76;89;7
837852;2022-05-05;730;F;2;0;B;41;47;7
837928;2022-05-05;739;F;2;3;B;41;44;6
837934;2022-05-05;791;F;1;0;B;63;71;5
838017;2022-05-05;881;F;5;1;C;38;40;4
838088;2022-05-05;327;M;4;2;A;49;54;4
838093;2022-05-05;242;F;4;0;B;47;56;6
838190;2022-05-05;745;F;1;2;B;4;4;2
838235;2022-05-05;737;F;2;1;C;48;57;5
838258;2022-05-05;736;M;1;0;C;30;32;6
838264;2022-05-05;149;M;1;3;A;22;24;4
838287;2022-05-05;406;M;2;4;C;58;63;6
838383;2022-05-05;908;M;3;2;C;53;62;6
838407;2022-05-05;121;F;1;2;B;50;55;6
838490;2022-05-05;297;M;4;0;B;63;72;7
838520;2022-05-05;545;M;2;2;B;58;65;7
838588;2022-05-05;661;M;3;0;B;68;74;5
838656;2022-05-05;597;M;3;0;C;13;13;3
838692;2022-05-05;135;M;3;0;B;61;74;5
838722;2022-05-05;631;M;1;4;C;51;55;6
838798;2022-05-05;60;F;2;3;B;1;1;1
838800;2022-05-05;345;F;2;3;B;22;23;5
838837;2022-05-05;117;M;2;3;B;45;50;5
838922;2022-05-05;702;M;1;0;B;51;59;6
838940;2022-05-05;349;M;3;0;B;48;60;6
839012;2022-05-05;831;F;4;2;B;53;60;6
839049;2022-05-05;12;M;1;1;A;66;79;6
839147;2022-05-05;223;F;3;0;B;18;18;3
839158;2022-05-05;435;F;2;0;C;37;42;6
839249;2022-05-05;142;F;1;0;B;33;37;5
839336;2022-05-05;397;F;1;0;B;60;71;6
839390;2022-05-05;368;M;4;0;C;43;49;7
839402;2022-05-05;84;F;3;0;C;27;29;5
839465;2022-05-05;498;M;3;2;B;21;21;5
839539;2022-05-05;167;M;1;1;A;59;65;5
839561;2022-05-05;44;F;4;0;C;36;39;6
839653;2022-05-05;427;M;3;0;B;29;31;6
839654;2022-05-05;566;F;4;0;B;71;83;5
839701;2022-08-05;38;M;3;0;B;66;79;5
839709;2022-08-05;278;F;3;2;C;56;61;6
839721;2022-08-05;191;M;3;0;B;61;71;7
839747;2022-08-05;416;M;3;2;C;67;76;7
839832;2022-08-05;495;F;2;3;A;65;74;5
839928;2022-08-05;542;M;3;1;B;35;38;5
839978;2022-08-05;291;F;3;0;C;5;5;1
839996;2022-08-05;627;M;3;1;B;33;41;4
840084;2022-08-05;99;F;1;4;C;6;6;4
840107;2022-08-05;62;F;2;0;B;28;29;6
840189;2022-08-05;271;F;4;0;B;54;64;7
840266;2022-08-05;284;M;4;1;B;54;62;6
840302;2022-08-05;273;M;4;0;C;13;14;4
840332;2022-08-05;258;F;1;0;B;56;66;7
840334;2022-08-05;620;M;2;0;B;39;44;5
840368;2022-08-05;353;M;1;2;B;4;4;3
840445;2022-08-05;212;F;2;1;B;42;46;5
840513;2022-08-05;395;F;4;1;B;13;14;5
840559;2022-08-05;776;F;2;0;B;7;7;4
840593;2022-08-05;111;M;2;4;C;64;73;6
840650;2022-08-05;112;M;4;0;B;38;39;5
840668;2022-08-05;404;M;4;0;B;66;74;7
840748;2022-08-05;978;F;3;0;C;73;86;5
840802;2022-08-05;282;M;2;0;B;53;59;6
840811;2022-08-05;4;M;4;0;B;27;30;4
840870;2022-08-05;508;F;3;0;B;17;17;3
840961;2022-08-05;908;M;3;2;C;14;14;5
840986;2022-08-05;408;F;4;0;B;66;78;6
841010;2022-08-05;143;F;1;4;B;39;44;6
841025;2022-08-05;58;M;2;2;B;62;78;5
841032;2022-08-05;87;M;3;2;A;25;29;6
841051;2022-08-05;220;M;1;0;B;40;42;5
841134;2022-08-05;425;F;3;0;B;28;29;6
841173;2022-08-05;161;M;5;2;B;73;85;5
841272;2022-08-05;804;F;4;3;B;10;10;4
841300;2022-08-05;98;M;1;0;B;71;88;6
841324;2022-08-05;151;F;1;0;B;27;28;6
841367;2022-08-05;769;F;3;3;C;56;63;6
841448;2022-08-05;862;M;4;0;B;30;31;3
841483;2022-08-05;768;F;4;0;B;58;61;6
841552;2022-08-05;721;M;3;2;C;72;81;6
841568;2022-08-05;369;F;3;4;C;5;5;2
841617;2022-08-05;218;M;4;0;B;35;39;4
841656;2022-08-05;8;F;3;0;B;59;67;7
841679;2022-08-05;698;F;2;0;B;68;84;7
841765;2022-08-05;827;M;4;0;B;2;2;1
841826;2022-08-05;244;M;4;0;B;73;87;6
841924;2022-08-05;31;F;1;0;C;6;6;3
841963;2022-08-05;711;M;4;2;B;39;44;5
841973;2022-08-05;515;M;4;0;A;52;57;4
842024;2022-08-05;832;F;1;0;B;63;70;5
842045;2022-08-05;34;M;2;0;C;38;40;4
842124;2022-08-05;41;M;3;0;C;14;14;5
842216;2022-08-05;240;M;4;0;B;38;42;5
842258;2022-08-05;414;F;1;0;B;54;63;5
842295;2022-08-05;87;M;3;2;A;58;66;6
842380;2022-08-05;521;F;1;0;A;50;60;6
842463;2022-08-05;919;F;2;0;C;57;68;6
842519;2022-08-05;911;F;2;0;B;29;30;5
842598;2022-08-05;464;M;2;2;B;32;35;5
842645;2022-08-05;755;M;3;4;B;39;43;5
842734;2022-08-05;912;F;4;0;C;8;8;3
842794;2022-08-05;598;F;4;0;B;71;81;5
842821;2022-08-05;307;M;1;0;B;68;77;5
842872;2022-08-05;239;M;4;2;C;6;6;2
842956;2022-08-05;497;M;3;0;B;35;46;6
842976;2022-08-05;483;M;1;0;C;6;6;3
843074;2022-08-05;299;F;3;1;C;49;51;4
843132;2022-08-05;253;F;4;1;B;26;28;5
843140;2022-08-05;18;M;4;0;C;65;74;6
843203;2022-08-05;335;F;3;0;C;10;10;3
843207;2022-08-05;440;F;4;0;C;24;25;4
843232;2022-08-05;616;F;1;2;C;9;9;5
843303;2022-08-05;265;M;2;3;B;54;64;6
843376;2022-08-05;36;F;3;0;C;45;48;5
843468;2022-08-05;783;F;1;0;B;14;14;4
843526;2022-08-05;507;F;3;2;B;27;29;5
843530;2022-08-05;79;F;2;0;C;62;70;6
843539;2022-08-05;639;M;2;0;C;12;12;3
843605;2022-08-05;920;F;5;3;B;49;55;6
843661;2022-08-05;46;F;4;1;B;65;80;6
843748;2022-08-05;225;M;4;0;C;26;27;4
843828;2022-08-05;253;F;4;1;B;49;59;6
843836;2022-08-05;371;F;4;0;B;34;36;6
843864;2022-08-05;752;M;3;0;C;9;9;4
843954;2022-08-05;642;M;2;3;B;66;76;7
843991;2022-08-05;594;F;3;1;C;39;42;5
844043;2022-08-05;285;M;3;0;B;18;18;4
844070;2022-08-05;451;M;3;0;C;33;34;5
844149;2022-08-05;691;M;4;0;B;35;39;4
844203;2022-08-05;13;M;2;1;B;66;76;6
844232;2022-08-05;785;M;1;4;C;6;6;4
844237;2022-08-05;368;M;4;0;C;55;62;6
844296;2022-08-05;834;M;3;3;B;59;65;5
844338;2022-08-05;113;F;3;0;B;64;73;7
844395;2022-08-05;332;F;3;4;C;67;77;4
844490;2022-08-05;916;F;3;4;C;71;85;6
844493;2022-12-05;733;M;4;0;B;54;60;6
844529;2022-12-05;510;F;4;0;B;13;13;3
844540;2022-12-05;562;F;3;0;B;15;15;3
844617;2022-12-05;48;M;4;1;B;66;73;6
844702;2022-12-05;8;F;3;0;B;11;11;3
844707;2022-12-05;826;F;2;0;C;68;76;5
844802;2022-12-05;419;F;2;1;B;15;17;5
844884;2022-12-05;68;F;2;1;A;52;60;6
844952;2022-12-05;318;M;1;2;B;62;69;7
844959;2022-12-05;512;M;4;0;B;51;58;5
845010;2022-12-05;863;F;1;4;B;2;2;2
845096;2022-12-05;986;M;4;0;B;23;24;4
845193;2022-12-05;455;F;2;0;C;20;24;3
845236;2022-12-05;907;M;3;1;B;44;48;5
845302;2022-12-05;532;F;2;3;B;42;47;5
845338;2022-12-05;782;M;3;3;B;66;76;7
845370;2022-12-05;189;F;3;4;C;11;11;3
845372;2022-12-05;119;F;3;2;B;46;49;6
845461;2022-12-05;67;M;1;0;B;22;24;5
845512;2022-12-05;883;M;1;0;B;54;59;5
845537;2022-12-05;834;M;3;3;B;14;15;2
845583;2022-12-05;706;F;2;0;A;11;11;4
845587;2022-12-05;470;M;3;1;B;20;21;6
845588;2022-12-05;871;F;1;3;C;53;57;5
845684;2022-12-05;342;M;3;0;B;64;81;6
845708;2022-12-05;639;M;2;0;C;67;79;6
845762;2022-12-05;399;F;4;1;C;63;70;5
845817;2022-12-05;209;F;4;0;B;17;18;4
845841;2022-12-05;902;F;2;1;B;32;34;5
845878;2022-12-05;707;M;4;0;B;69;87;5
845939;2022-12-05;783;F;1;0;B;41;49;5
845962;2022-12-05;349;M;3;0;B;62;68;5
845982;2022-12-05;300;F;1;3;C;71;85;5
846036;2022-12-05;696;M;2;0;B;71;85;6
846072;2022-12-05;958;M;2;3;B;44;50;6
846088;2022-12-05;78;M;1;0;B;60;74;5
846107;2022-12-05;242;F;4;0;B;37;42;5
846136;2022-12-05;992;F;2;0;B;23;23;5
846177;2022-12-05;746;M;3;0;C;62;69;6
846186;2022-12-05;893;F;1;0;B;25;26;6
846217;2022-12-05;945;F;2;3;B;68;82;6
846299;2022-12-05;749;F;4;1;B;18;18;5
846371;2022-12-05;843;F;5;1;C;39;44;5
846408;2022-12-05;36;F;3;0;C;59;69;7
846450;2022-12-05;421;M;3;3;C;46;50;5
846452;2022-12-05;370;M;1;4;B;39;40;5
846457;2022-12-05;826;F;2;0;C;42;43;7
846520;2022-12-05;232;M;3;1;B;7;7;4
846555;2022-12-05;82;F;1;1;C;54;62;6
846626;2022-12-05;340;M;3;4;B;46;49;6
846699;2022-12-05;220;M;1;0;B;24;27;6
846789;2022-12-05;655;M;2;0;B;6;6;3
846811;2022-12-05;599;F;1;4;C;46;50;6
846875;2022-12-05;708;F;2;2;B;1;1;1
846944;2022-12-05;285;M;3;0;B;26;31;5
846945;2022-12-05;843;F;5;1;C;24;28;5
846972;2022-12-05;823;M;5;3;B;64;80;7
847055;2022-12-05;732;F;3;4;B;50;57;7
847107;2022-12-05;251;F;2;0;C;6;6;3
847200;2022-12-05;79;F;2;0;C;64;75;5
847210;2022-12-05;837;F;2;0;C;14;14;5
847252;2022-12-05;442;F;3;2;B;30;32;4
847286;2022-12-05;800;M;1;0;C;42;46;6
847304;2022-12-05;3;F;4;0;B;32;34;5
847316;2022-12-05;647;M;1;0;C;22;23;5
847333;2022-12-05;83;M;1;4;B;30;31;5
847391;2022-12-05;280;M;4;3;B;81;89;5
847438;2022-12-05;633;F;3;0;C;52;59;5
847476;2022-12-05;151;F;1;0;B;61;69;6
847567;2022-12-05;221;F;1;0;B;6;6;2
847644;2022-12-05;557;F;2;0;A;38;44;5
847670;2022-12-05;503;F;2;1;B;56;62;5
847749;2022-12-05;810;M;1;0;B;57;68;5
847837;2022-12-05;199;M;3;3;B;40;42;6
847890;2022-12-05;50;M;4;0;B;72;84;6
847941;2022-12-05;842;M;5;2;B;14;15;3
847985;2022-12-05;793;M;1;3;B;61;69;6
848030;2022-12-05;177;F;3;2;C;71;78;6
848091;2022-12-05;677;M;4;0;B;43;52;6
848152;2022-12-05;137;F;4;1;B;8;9;4
848183;2022-12-05;486;M;4;0;B;43;47;5
848217;2022-12-05;964;M;2;0;B;67;86;6
848237;2022-12-05;746;M;3;0;C;56;64;6
848247;2022-12-05;200;F;3;0;B;40;43;6
848278;2022-12-05;544;F;2;0;B;71;82;7
848280;2022-12-05;136;F;2;1;B;38;40;6
848306;2022-12-05;896;M;3;0;B;22;25;5
848361;2022-12-05;793;M;1;3;B;2;2;2
848408;2022-12-05;526;M;2;2;B;57;67;7
848459;2022-12-05;301;F;3;0;C;14;14;4
848488;2022-12-05;911;F;2;0;B;35;39;5
848551;2022-12-05;173;F;1;0;B;58;73;6
848632;2022-12-05;621;F;4;0;B;21;22;5
848714;2022-12-05;286;M;4;0;B;32;34;5
848728;2022-12-05;274;M;1;1;B;64;76;6
848795;2022-05-17;920;F;5;3;B;66;83;6
848890;2022-05-17;359;F;1;0;B;45;49;7
848943;2022-05-17;875;F;1;0;B;40;45;5
848990;2022-05-17;907;M;3;1;B;72;76;6
849036;2022-05-17;122;M;3;3;B;69;85;6
849112;2022-05-17;635;F;4;0;B;50;56;6
849134;2022-05-17;262;M;1;2;B;13;13;4
849206;2022-05-17;273;M;4;0;C;39;41;5
849273;2022-05-17;437;F;2;1;C;60;65;6
849294;2022-05-17;458;F;3;4;C;6;6;3
849330;2022-05-17;550;M;4;0;B;4;4;3
849331;2022-05-17;101;F;1;0;C;75;87;5
849372;2022-05-17;367;F;1;0;A;28;30;6
849440;2022-05-17;972;M;4;0;C;22;23;4
849529;2022-05-23;224;M;4;0;B;65;72;5
849571;2022-05-23;561;M;2;0;B;50;53;6
849622;2022-05-23;666;F;2;2;B;50;59;5
849654;2022-05-23;151;F;1;0;B;31;35;3
849747;2022-05-23;96;F;1;1;C;42;44;5
849764;2022-05-23;47;F;4;0;B;65;89;6
849788;2022-05-23;204;F;3;3;B;21;21;4
849878;2022-05-23;715;F;3;4;B;53;56;5
849964;2022-05-23;476;M;3;0;C;56;68;6
850053;2022-05-23;843;F;5;1;C;47;54;5
850085;2022-05-23;646;F;1;0;B;49;56;6
850090;2022-05-23;676;M;2;3;B;44;47;4
850180;2022-05-23;856;F;5;1;B;28;31;6
850220;2022-05-23;283;M;4;1;B;68;80;7
850316;2022-05-23;851;F;2;0;B;62;65;7
850336;2022-05-23;478;M;1;4;A;14;14;4
850343;2022-05-23;317;M;3;0;B;20;21;3
850441;2022-05-23;513;F;4;3;B;24;24;4
850458;2022-05-23;17;M;4;0;B;28;33;5
850478;2022-05-23;449;F;2;3;B;63;70;6
850564;2022-05-23;240;M;4;0;B;35;40;5
850636;2022-05-23;361;F;1;0;C;62;74;6
850652;2022-05-23;645;F;4;0;B;72;85;6
850666;2022-05-23;378;F;2;0;C;13;14;4
850678;2022-05-23;694;M;4;0;C;50;60;6
850746;2022-05-23;942;M;1;0;B;65;78;7
850825;2022-05-23;266;F;3;3;B;12;12;4
850898;2022-05-23;367;F;1;0;A;63;83;6
850975;2022-05-23;908;M;3;2;C;15;15;4
850982;2022-05-23;478;M;1;4;A;59;64;7
851020;2022-05-23;790;F;3;0;B;26;29;5
851042;2022-05-23;640;M;4;0;C;58;68;6
851078;2022-05-23;659;F;2;2;B;15;15;3
851170;2022-05-23;187;M;2;1;B;41;46;5
851179;2022-05-23;869;F;3;0;B;13;13;3
851231;2022-05-23;702;M;1;0;B;19;19;4
851271;2022-05-23;165;F;4;0;C;73;85;6
851359;2022-05-23;137;F;4;1;B;19;21;4
851431;2022-05-23;405;F;4;0;B;50;53;5
851515;2022-05-23;363;F;1;0;B;22;24;5
851559;2022-05-23;752;M;3;0;C;47;56;7
851564;2022-05-23;19;F;2;2;C;70;77;6
851625;2022-05-23;512;M;4;0;B;60;76;5
851644;2022-05-23;823;M;5;3;B;46;55;6
851663;2022-05-23;512;M;4;0;B;44;50;4
851740;2022-05-23;542;M;3;1;B;6;6;3
851774;2022-05-23;872;M;3;4;A;32;35;5
851780;2022-05-23;174;M;4;3;C;2;2;2
851806;2022-05-23;172;M;2;0;B;17;17;6
851880;2022-05-23;562;F;3;0;B;56;67;6
851904;2022-05-23;959;M;5;1;B;24;26;4
852003;2022-05-23;329;F;3;0;B;32;37;4
852074;2022-05-23;209;F;4;0;B;11;12;4
852124;2022-05-23;949;M;1;0;B;13;14;5
852215;2022-05-23;720;M;2;3;B;27;27;5
852295;2022-05-23;929;M;4;0;B;36;37;6
852337;2022-05-23;711;M;4;2;B;54;58;6
852338;2022-05-23;251;F;2;0;C;10;10;4
852402;2022-05-23;181;F;2;2;B;75;87;7
852483;2022-05-23;683;F;3;0;B;45;48;6
852506;2022-05-23;83;M;1;4;B;56;65;7
852510;2022-05-23;693;F;4;0;B;2;2;2
852565;2022-05-23;992;F;2;0;B;67;74;5
852624;2022-05-23;892;F;4;2;B;71;82;7
852705;2022-05-23;79;F;2;0;C;46;49;6
852756;2022-05-23;368;M;4;0;C;62;71;6
852782;2022-05-23;760;F;2;0;A;61;72;5
852870;2022-05-23;693;F;4;0;B;31;35;3
852908;2022-05-23;364;F;4;2;C;30;30;6
852970;2022-05-23;100;F;2;3;C;15;15;4
853068;2022-05-23;546;F;4;0;B;65;73;5
853140;2022-05-23;978;F;3;0;C;31;31;5
853224;2022-05-23;54;M;1;0;A;34;36;5
853234;2022-05-23;312;M;1;0;A;50;57;6
853329;2022-05-23;418;M;2;2;A;4;4;2
853420;2022-05-23;934;F;2;2;B;46;54;6
853429;2022-05-23;491;M;2;1;A;38;41;5
853479;2022-05-23;32;F;1;0;B;16;16;5
853486;2022-05-23;727;M;4;2;C;2;2;2
853519;2022-05-23;669;F;4;0;B;33;35;5
853563;2022-05-23;992;F;2;0;B;68;77;7
853612;2022-05-23;680;F;3;0;C;26;28;4
853676;2022-05-23;87;M;3;2;A;56;67;6
853752;2022-05-23;472;M;2;1;C;23;23;4
853764;2022-05-23;316;F;3;2;B;14;15;5
853847;2022-05-23;449;F;2;3;B;37;42;4
853908;2022-05-23;145;M;3;0;B;20;20;5
853925;2022-05-28;88;F;1;0;B;34;36;5
853974;2022-05-28;847;M;4;2;A;11;11;4
854040;2022-05-28;690;F;1;3;B;32;35;5
854083;2022-05-28;767;F;1;0;B;37;39;6
854182;2022-05-28;320;M;3;4;B;47;56;6
854194;2022-05-28;909;M;3;0;B;3;3;1
854238;2022-05-28;995;M;3;1;B;44;49;6
854331;2022-05-28;569;M;1;1;A;63;74;6
854375;2022-05-28;862;M;4;0;B;36;42;5
854418;2022-05-28;462;F;4;0;A;15;16;6
854421;2022-05-28;962;M;3;4;B;55;60;6
854466;2022-05-28;834;M;3;3;B;31;32;5
854488;2022-05-28;357;M;2;2;C;54;60;5
854542;2022-05-28;61;M;1;2;B;60;73;6
854552;2022-05-28;246;M;2;2;B;43;48;6
854585;2022-05-28;658;F;1;1;B;52;65;6
854630;2022-05-28;702;M;1;0;B;49;53;5
854653;2022-05-28;480;F;2;0;C;39;40;6
854713;2022-05-28;159;M;1;0;C;46;49;6
854718;2022-05-28;879;M;2;2;C;46;50;6
854774;2022-05-28;532;F;2;3;B;33;36;4
854846;2022-05-28;878;F;4;3;C;18;18;5
854929;2022-05-28;557;F;2;0;A;39;45;6
854995;2022-05-28;249;F;4;0;B;72;81;6
855005;2022-05-28;678;F;3;0;C;61;65;6
855062;2022-05-28;978;F;3;0;C;64;75;6
855131;2022-05-28;155;F;2;0;B;44;53;6
855145;2022-05-28;883;M;1;0;B;56;65;6
855186;2022-05-28;590;M;4;3;B;24;24;4
855219;2022-05-28;314;F;1;1;A;61;69;5
855281;2022-05-28;896;M;3;0;B;12;12;4
855314;2022-05-28;470;M;3;1;B;68;78;6
855384;2022-05-28;10;M;1;0;B;54;58;5
855386;2022-05-28;478;M;1;4;A;40;44;5
855453;2022-05-28;504;M;3;0;B;57;66;6
855495;2022-05-28;916;F;3;4;C;42;44;4
855504;2022-05-28;499;M;3;0;B;24;24;4
855559;2022-05-28;573;F;1;0;C;68;85;7
855646;2022-05-28;107;F;2;0;C;28;31;5
855647;2022-05-28;599;F;1;4;C;34;34;6
855744;2022-05-28;894;F;4;3;C;10;10;4
855793;2022-05-28;631;M;1;4;C;71;83;7
855861;2022-05-28;471;F;4;0;A;47;52;7
855957;2022-05-28;368;M;4;0;C;36;37;5
856014;2022-05-28;398;F;4;1;B;29;30;6
856067;2022-05-28;762;F;2;0;B;13;13;5
856100;2022-05-28;650;F;2;0;C;55;62;6
856196;2022-05-28;711;M;4;2;B;40;42;6
856241;2022-05-28;53;M;1;1;B;5;5;3
856256;2022-05-28;822;M;2;3;B;52;61;6
856265;2022-05-28;389;F;3;0;C;61;71;6
856348;2022-05-28;828;F;2;4;B;5;5;1
856396;2022-05-28;118;M;2;4;A;3;3;3
856414;2022-05-28;402;M;2;0;C;28;32;5
856484;2022-05-28;938;M;1;4;B;42;45;6
856509;2022-05-28;615;M;1;4;C;36;45;5
856536;2022-02-06;317;M;3;0;B;51;59;6
856628;2022-02-06;963;M;3;0;B;33;34;6
856702;2022-02-06;372;M;1;4;B;68;83;6
856748;2022-02-06;327;M;4;2;A;14;14;4
856788;2022-02-06;323;M;1;3;B;54;60;6
856796;2022-02-06;479;F;1;0;B;57;67;6
856841;2022-02-06;483;M;1;0;C;52;61;5
856890;2022-02-06;957;M;2;3;B;42;46;6
856912;2022-02-06;203;F;3;0;A;70;82;6
856976;2022-02-06;391;F;2;0;A;65;77;6
857001;2022-02-06;876;F;2;3;B;38;50;6
857066;2022-02-06;617;F;4;3;C;51;53;6
857102;2022-02-06;287;F;1;0;B;56;68;5
857169;2022-02-06;260;F;2;0;C;49;56;6
857204;2022-02-06;131;F;2;0;C;39;39;5
857302;2022-02-06;654;M;1;1;B;46;56;5
857374;2022-02-06;890;M;3;0;C;32;35;5
857428;2022-02-06;823;M;5;3;B;55;71;6
857479;2022-02-06;454;F;1;0;B;73;84;5
857558;2022-02-06;524;F;4;3;C;67;74;6
857600;2022-02-06;961;F;1;0;C;71;84;6
857689;2022-02-06;884;F;3;2;C;2;2;2
857720;2022-02-06;505;F;1;0;C;37;39;6
857803;2022-02-06;577;M;4;0;C;70;86;7
857843;2022-02-06;992;F;2;0;B;22;22;5
857911;2022-02-06;888;F;4;2;B;49;53;6
857925;2022-02-06;805;F;3;0;C;36;39;6
857957;2022-02-06;797;M;2;4;B;38;45;5
857978;2022-02-06;250;F;4;1;B;62;69;6
858000;2022-02-06;974;M;4;1;B;66;79;6
858037;2022-02-06;833;F;1;4;B;35;40;6
858056;2022-02-06;952;F;3;4;C;33;37;6
858147;2022-02-06;624;M;4;0;B;28;32;5
858179;2022-02-06;583;F;2;0;B;63;71;6
858236;2022-02-06;432;F;1;0;C;71;89;6
858326;2022-02-06;789;F;5;1;B;45;54;6
858414;2022-02-06;70;F;4;0;B;43;49;5
858426;2022-02-06;494;F;5;1;C;15;15;5
858480;2022-02-06;41;M;3;0;C;56;67;6
858575;2022-02-06;352;M;4;2;B;3;3;2
858647;2022-02-06;158;M;3;0;B;13;15;5
858673;2022-02-06;583;F;2;0;B;33;36;5
858712;2022-02-06;930;F;4;1;B;45;63;5
858742;2022-02-06;480;F;2;0;C;29;29;5
858788;2022-02-06;949;M;1;0;B;7;7;4
858789;2022-02-06;167;M;1;1;A;38;42;5
858812;2022-02-06;145;M;3;0;B;24;25;5
858815;2022-02-06;754;F;3;4;B;22;22;6
858823;2022-02-06;191;M;3;0;B;59;70;6
858915;2022-02-06;175;M;1;0;B;14;16;4
858995;2022-02-06;609;F;4;0;C;40;42;5
859009;2022-02-06;675;M;4;0;B;25;26;4
859038;2022-02-06;13;M;2;1;B;25;29;6
859067;2022-02-06;908;M;3;2;C;69;84;6
859120;2022-02-06;779;M;3;4;A;32;36;4
859215;2022-02-06;702;M;1;0;B;4;4;3
859235;2022-02-06;203;F;3;0;A;17;20;5
859315;2022-02-06;664;M;3;1;B;41;47;6
859369;2022-02-06;857;F;2;2;B;69;79;4
859455;2022-02-06;556;F;4;0;B;72;83;5
859494;2022-02-06;509;F;2;3;C;59;74;6
859546;2022-02-06;550;M;4;0;B;46;51;5
859637;2022-02-06;879;M;2;2;C;72;84;7
859697;2022-02-06;982;M;4;3;B;58;64;6
859717;2022-02-06;968;F;1;0;B;72;87;6
859767;2022-02-06;135;M;3;0;B;35;39;7
859845;2022-02-06;608;F;3;0;C;9;9;3
859876;2022-02-06;762;F;2;0;B;16;17;6
859918;2022-02-06;421;M;3;3;C;40;45;5
859945;2022-02-06;564;M;3;2;B;4;4;2
860032;2022-02-06;515;M;4;0;A;73;87;6
860065;2022-02-06;879;M;2;2;C;22;23;4
860118;2022-02-06;595;M;1;0;B;60;72;6
860154;2022-02-06;978;F;3;0;C;45;56;4
860163;2022-02-06;192;F;4;0;B;50;56;7
860206;2022-02-06;187;M;2;1;B;50;53;6
860207;2022-02-06;38;M;3;0;B;60;69;7
860214;2022-02-06;524;F;4;3;C;62;72;6
860298;2022-02-06;739;F;2;3;B;60;75;7
860397;2022-02-06;739;F;2;3;B;33;35;4
860420;2022-02-06;156;F;2;0;B;14;14;3
860498;2022-02-06;204;F;3;3;B;25;26;4
860583;2022-02-06;223;F;3;0;B;67;85;6
860587;2022-02-06;724;M;1;0;B;62;72;6
860588;2022-02-06;185;F;3;0;C;37;39;6
860663;2022-04-06;89;F;3;3;C;4;4;2
860706;2022-04-06;663;F;4;0;B;47;50;6
860760;2022-04-06;479;F;1;0;B;31;31;6
860832;2022-04-06;659;F;2;2;B;23;23;4
860864;2022-04-06;781;M;4;0;B;25;29;4
860948;2022-04-06;403;M;3;2;B;56;70;6
860954;2022-04-06;691;M;4;0;B;29;33;5
860960;2022-04-06;442;F;3;2;B;6;6;4
861049;2022-04-06;656;M;2;0;C;58;68;5
861111;2022-04-06;314;F;1;1;A;61;72;6
861193;2022-04-06;790;F;3;0;B;13;13;4
861235;2022-04-06;253;F;4;1;B;5;5;4
861256;2022-04-06;549;M;2;3;C;49;58;6
861289;2022-04-06;471;F;4;0;A;38;44;6
861291;2022-04-06;822;M;2;3;B;42;49;4
861343;2022-04-06;730;F;2;0;B;55;71;5
861434;2022-04-06;124;F;4;2;B;71;87;6
861440;2022-11-06;763;F;4;0;B;74;86;6
861479;2022-11-06;953;M;1;1;B;17;17;4
861517;2022-11-06;765;F;5;1;B;53;57;6
861557;2022-11-06;406;M;2;4;C;29;32;5
861606;2022-11-06;555;M;4;3;A;56;66;7
861642;2022-11-06;390;F;2;0;B;31;31;5
861645;2022-11-06;733;M;4;0;B;31;34;4
861686;2022-11-06;450;M;1;0;B;65;75;6
861767;2022-11-06;694;M;4;0;C;6;6;3
861847;2022-11-06;572;M;1;0;C;11;11;3
861858;2022-11-06;157;M;1;1;C;55;63;7
861878;2022-11-06;948;M;4;0;C;23;23;5
861943;2022-11-06;54;M;1;0;A;20;21;4
861967;2022-11-06;785;M;1;4;C;8;8;5
862029;2022-11-06;887;F;3;0;B;42;44;5
862061;2022-11-06;885;F;3;1;A;27;28;5
862093;2022-11-06;289;F;3;4;C;16;18;5
862134;2022-11-06;659;F;2;2;B;8;8;2
862182;2022-11-06;656;M;2;0;C;48;50;6
862268;2022-11-06;804;F;4;3;B;17;17;3
862321;2022-11-06;832;F;1;0;B;24;24;5
862418;2022-11-06;808;F;3;0;B;41;44;5
862494;2022-11-06;193;F;4;0;B;50;55;6
862495;2022-11-06;984;F;4;3;B;27;30;5
862523;2022-11-06;40;M;2;1;B;42;45;6
862538;2022-11-06;138;F;3;2;B;6;6;4
862592;2022-11-06;434;M;1;4;B;35;40;4
862683;2022-11-06;579;F;3;0;B;59;66;6
862768;2022-11-06;908;M;3;2;C;55;71;6
862818;2022-11-06;979;F;3;0;A;14;15;4
862827;2022-11-06;928;F;5;1;B;26;28;6
862847;2022-11-06;388;F;4;3;B;27;28;5
862941;2022-11-06;524;F;4;3;C;63;81;6
862970;2022-11-06;442;F;3;2;B;40;45;6
863053;2022-11-06;759;F;3;0;B;55;60;5
863120;2022-11-06;85;M;1;0;B;43;45;4
863169;2022-11-06;30;M;4;0;B;39;40;6
863211;2022-11-06;796;M;2;3;B;64;75;6
863226;2022-11-06;926;M;1;0;B;35;36;6
863306;2022-11-06;617;F;4;3;C;14;14;5
863340;2022-11-06;340;M;3;4;B;60;64;5
863413;2022-11-06;474;M;2;0;B;63;77;7
863452;2022-11-06;930;F;4;1;B;20;20;5
863542;2022-11-06;402;M;2;0;C;60;75;6
863556;2022-11-06;408;F;4;0;B;51;56;6
863598;2022-11-06;652;F;4;0;B;59;61;5
863649;2022-11-06;444;F;2;0;B;9;10;4
863671;2022-11-06;613;F;3;0;B;10;10;3
863768;2022-11-06;797;M;2;4;B;68;80;7
863828;2022-11-06;313;M;3;0;B;37;39;6
863854;2022-11-06;83;M;1;4;B;45;54;6
863883;2022-11-06;353;M;1;2;B;52;57;5
863926;2022-11-06;7;M;1;3;B;18;19;5
863992;2022-11-06;794;M;1;2;B;21;22;4
864010;2022-11-06;227;F;3;0;C;49;57;5
864044;2022-11-06;773;M;4;0;B;59;63;6
864134;2022-11-06;731;M;3;4;B;73;87;6
864220;2022-11-06;834;M;3;3;B;29;30;7
864280;2022-11-06;719;M;1;0;B;69;75;6
864333;2022-11-06;87;M;3;2;A;48;56;6
864365;2022-11-06;608;F;3;0;C;25;25;5
864372;2022-11-06;658;F;1;1;B;73;85;6
864395;2022-11-06;364;F;4;2;C;52;69;6
864466;2022-11-06;29;M;2;0;B;69;80;6
864494;2022-11-06;482;M;4;2;B;50;59;6
864551;2022-11-06;743;M;1;3;C;64;78;6
864597;2022-11-06;785;M;1;4;C;62;68;5
864659;2022-11-06;263;M;3;0;B;58;66;6
864757;2022-11-06;623;F;3;0;C;62;67;6
864778;2022-11-06;791;F;1;0;B;15;15;4
864802;2022-11-06;128;F;2;0;B;73;87;7
864866;2022-06-18;528;M;2;2;C;61;72;6
864889;2022-06-18;497;M;3;0;B;16;16;5
864911;2022-06-18;290;F;1;0;B;59;75;5
864962;2022-06-18;921;M;2;3;B;24;26;4
864966;2022-06-18;607;F;2;0;B;49;54;6
865029;2022-06-18;966;F;4;2;B;21;22;5
865038;2022-06-18;902;F;2;1;B;73;89;6
865113;2022-06-18;855;M;4;1;C;1;1;1
865130;2022-06-18;777;F;1;0;B;3;3;2
865181;2022-06-18;387;M;2;2;B;16;17;4
865186;2022-06-18;10;M;1;0;B;57;75;5
865282;2022-06-18;126;M;1;0;C;22;24;4
865376;2022-06-18;369;F;3;4;C;61;71;5
865445;2022-06-18;649;F;3;0;B;4;4;3
865454;2022-06-18;9;F;2;0;B;48;54;7
865478;2022-06-18;712;F;2;3;B;59;66;6
865532;2022-06-18;682;F;2;2;B;65;79;6
865605;2022-06-18;204;F;3;3;B;48;56;6
865688;2022-06-18;65;M;4;0;B;36;37;5
865750;2022-06-18;400;F;4;1;C;62;72;6
865817;2022-06-18;33;F;2;0;B;44;48;6
865831;2022-06-18;988;F;2;0;C;38;43;5
865867;2022-06-18;564;M;3;2;B;68;79;6
865937;2022-06-18;462;F;4;0;A;44;51;6
866020;2022-06-18;121;F;1;2;B;62;70;6
866041;2022-06-18;955;F;3;2;C;66;77;6
866057;2022-06-18;479;F;1;0;B;16;16;4
866112;2022-06-18;250;F;4;1;B;24;24;5
866117;2022-06-18;264;F;4;1;B;68;78;6
866182;2022-06-18;69;M;4;3;A;16;17;5
866189;2022-06-18;190;M;1;4;B;1;1;1
866213;2022-06-18;551;M;1;0;C;45;49;6
866257;2022-06-18;980;F;1;0;B;37;39;6
866324;2022-06-18;293;M;4;0;B;9;10;5
866368;2022-06-18;517;F;3;1;B;4;4;2
866455;2022-06-18;229;M;2;2;C;68;78;6
866506;2022-06-18;727;M;4;2;C;51;59;6
866594;2022-06-18;928;F;5;1;B;33;35;6
866669;2022-06-18;286;M;4;0;B;27;28;5
866751;2022-06-18;973;F;4;0;B;10;10;4
866807;2022-06-18;204;F;3;3;B;29;29;5
866898;2022-06-18;330;F;1;0;B;31;34;6
866959;2022-06-18;234;M;3;4;B;46;54;5
866968;2022-06-18;53;M;1;1;B;63;75;7
867028;2022-06-18;167;M;1;1;A;68;85;7
867107;2022-06-18;719;M;1;0;B;33;36;6
867127;2022-06-18;14;M;1;3;B;5;5;2
867220;2022-06-18;771;F;4;0;B;32;35;5
867243;2022-06-18;911;F;2;0;B;19;19;6
867283;2022-06-18;914;M;2;4;B;9;9;2
867334;2022-06-18;150;M;1;4;B;33;34;7
867376;2022-06-18;21;M;3;0;B;47;59;6
867453;2022-06-18;85;M;1;0;B;41;44;6
867481;2022-06-18;635;F;4;0;B;56;60;6
867524;2022-06-18;735;F;4;0;B;7;7;5
867538;2022-06-18;65;M;4;0;B;58;76;6
867615;2022-06-22;772;F;2;0;B;20;21;4
867664;2022-06-22;751;F;2;0;B;21;22;4
867689;2022-06-22;783;F;1;0;B;15;17;3
867752;2022-06-22;155;F;2;0;B;58;62;6
867844;2022-06-22;699;F;1;0;C;42;48;6
867878;2022-06-22;661;M;3;0;B;42;48;5
867943;2022-06-22;43;M;2;0;B;24;24;6
867957;2022-06-22;434;M;1;4;B;14;15;3
868002;2022-06-22;663;F;4;0;B;45;52;6
868011;2022-06-22;306;F;3;0;B;73;88;5
868047;2022-06-22;887;F;3;0;B;52;58;7
868128;2022-06-22;881;F;5;1;C;41;50;6
868140;2022-06-22;350;F;5;1;B;52;58;5
868189;2022-06-22;146;F;2;0;B;72;84;7
868225;2022-06-22;488;M;3;2;B;66;85;6
868282;2022-06-22;63;F;3;0;B;4;4;3
868304;2022-06-22;738;M;1;0;C;19;20;4
868317;2022-06-22;162;F;1;1;B;61;77;7
868347;2022-06-22;920;F;5;3;B;55;67;6
868391;2022-06-22;124;F;4;2;B;9;9;5
868410;2022-06-22;855;M;4;1;C;55;67;5
868443;2022-06-22;259;M;1;1;B;69;85;5
868515;2022-06-22;366;M;3;4;B;24;26;4
868613;2022-06-22;110;M;3;0;C;31;32;3
868676;2022-06-22;219;M;2;0;B;71;83;4
868752;2022-06-22;866;M;2;2;C;59;67;7
868807;2022-06-22;749;F;4;1;B;23;23;5
868821;2022-06-22;42;M;2;2;B;30;32;6
868824;2022-06-22;102;F;1;2;C;62;74;6
868892;2022-06-22;214;F;4;0;B;37;39;5
868956;2022-06-22;373;F;4;2;B;71;86;6
869005;2022-06-22;753;F;1;3;C;59;65;6
869037;2022-06-22;970;M;2;4;B;21;21;5
869123;2022-06-22;101;F;1;0;C;74;89;6
869209;2022-06-22;841;M;1;0;B;29;29;4
869306;2022-06-22;729;M;3;0;B;66;87;6
869405;2022-06-22;625;F;4;0;C;9;9;3
869481;2022-06-22;770;M;2;3;B;5;5;2
869544;2022-06-22;211;M;2;1;B;4;4;1
869606;2022-06-22;567;F;1;0;C;68;77;6
869673;2022-06-22;736;M;1;0;C;32;32;6
869680;2022-06-22;837;F;2;0;C;74;89;5
869760;2022-06-22;674;M;4;1;B;10;11;4
869820;2022-06-22;223;F;3;0;B;44;45;5
869858;2022-06-22;128;F;2;0;B;6;6;4
869894;2022-06-22;269;F;3;3;B;65;75;6
869984;2022-06-22;956;M;5;1;C;15;15;3
869986;2022-06-22;241;M;4;1;B;12;13;3
869990;2022-06-22;99;F;1;4;C;66;73;7
869998;2022-06-22;933;M;2;2;B;18;18;5
870022;2022-06-22;234;M;3;4;B;27;28;5
870033;2022-06-22;456;M;1;4;B;4;4;4
870039;2022-06-22;550;M;4;0;B;40;40;6
870069;2022-06-22;843;F;5;1;C;44;48;6
870135;2022-06-22;923;F;2;4;C;52;56;6
870219;2022-06-22;563;M;3;0;B;57;63;6
870271;2022-06-22;723;M;4;0;B;26;29;5
870365;2022-06-23;926;M;1;0;B;61;70;7
870375;2022-06-23;689;M;2;0;C;49;55;6
870443;2022-06-23;861;M;3;0;B;71;87;5
870488;2022-06-23;756;F;1;4;B;22;25;5
870521;2022-06-23;330;F;1;0;B;56;66;6
870528;2022-06-23;67;M;1;0;B;28;29;5
870613;2022-06-23;106;M;1;0;B;71;88;7
870702;2022-06-23;870;F;1;0;B;31;34;5
870796;2022-06-23;971;F;1;2;A;66;88;6
870864;2022-06-23;678;F;3;0;C;37;41;5
870932;2022-06-23;154;M;2;3;B;30;31;6
870976;2022-06-23;690;F;1;3;B;35;38;5
871060;2022-06-23;148;M;3;4;A;39;45;6
871128;2022-06-23;661;M;3;0;B;58;74;7
871199;2022-06-23;225;M;4;0;C;13;13;4
871257;2022-06-23;616;F;1;2;C;67;85;6
871345;2022-06-23;486;M;4;0;B;43;48;6
871368;2022-06-23;935;F;2;0;B;64;74;5
871382;2022-06-23;746;M;3;0;C;52;57;5
871457;2022-06-23;284;M;4;1;B;50;61;6
871518;2022-06-23;163;F;3;0;A;55;60;5
871527;2022-06-23;235;F;4;0;B;55;67;5
871612;2022-06-23;74;M;3;0;C;53;61;6
871617;2022-06-23;440;F;4;0;C;62;68;6
871663;2022-06-23;493;M;2;4;B;66;74;6
871757;2022-06-23;800;M;1;0;C;57;67;6
871780;2022-06-30;898;F;4;0;C;39;46;5
871813;2022-06-30;590;M;4;3;B;62;71;6
871854;2022-06-30;666;F;2;2;B;22;22;5
871912;2022-06-30;298;F;4;0;C;71;76;7
871977;2022-06-30;435;F;2;0;C;66;78;6
872052;2022-06-30;364;F;4;2;C;58;75;6
872066;2022-06-30;215;M;2;4;B;50;61;6
872110;2022-06-30;455;F;2;0;C;41;44;5
872181;2022-06-30;979;F;3;0;A;75;89;5
872207;2022-06-30;955;F;3;2;C;68;82;6
872268;2022-06-30;382;F;3;0;C;35;36;6
872311;2022-06-30;254;F;5;2;B;36;37;5
872321;2022-06-30;286;M;4;0;B;56;64;6
872358;2022-06-30;59;M;2;0;A;14;15;6
872404;2022-06-30;74;M;3;0;C;65;78;6
872444;2022-06-30;397;F;1;0;B;53;57;5
872502;2022-06-30;40;M;2;1;B;69;80;5
872528;2022-06-30;968;F;1;0;B;30;32;4
872581;2022-06-30;382;F;3;0;C;54;66;6
872593;2022-06-30;825;M;1;2;C;77;88;7
872625;2022-06-30;234;M;3;4;B;45;47;5
872627;2022-06-30;999;M;2;2;C;62;65;5
872668;2022-06-30;561;M;2;0;B;8;8;4
872730;2022-06-30;911;F;2;0;B;45;54;5
872829;2022-06-30;793;M;1;3;B;51;61;6
872911;2022-06-30;312;M;1;0;A;6;6;3
872980;2022-06-30;945;F;2;3;B;32;36;4
872988;2022-06-30;501;M;1;0;B;58;66;7
873080;2022-06-30;87;M;3;2;A;17;18;6
873161;2022-06-30;384;F;3;2;C;30;33;4
873162;2022-06-30;177;F;3;2;C;11;11;3
873165;2022-06-30;987;F;1;0;B;74;85;6
873189;2022-06-30;746;M;3;0;C;2;2;1
873264;2022-06-30;226;F;4;0;B;21;22;6
873290;2022-06-30;41;M;3;0;C;66;85;6
873356;2022-06-30;47;F;4;0;B;58;69;6
873405;2022-06-30;536;M;4;0;B;68;80;6
873486;2022-06-30;232;M;3;1;B;31;31;4
873533;2022-06-30;516;M;1;0;C;33;34;5
873606;2022-06-30;355;M;3;4;B;32;34;4
873703;2022-06-30;260;F;2;0;C;41;45;5
873730;2022-06-30;554;F;3;0;A;9;9;3
873827;2022-06-30;963;M;3;0;B;3;3;3
873844;2022-06-30;890;M;3;0;C;49;55;5
873916;2022-06-30;588;F;1;4;C;41;47;5
873969;2022-06-30;783;F;1;0;B;54;63;6
874068;2022-06-30;205;M;2;4;B;58;60;5
874137;2022-06-30;998;F;2;0;C;12;12;3
874155;2022-06-30;625;F;4;0;C;60;78;6
874192;2022-06-30;897;M;2;1;C;57;64;4
874198;2022-06-30;519;M;2;4;B;64;75;7
874216;2022-06-30;140;F;1;0;C;28;32;5
874235;2022-06-30;384;F;3;2;C;51;60;6
874247;2022-06-30;531;F;3;1;B;16;16;4
874343;2022-06-30;999;M;2;2;C;8;8;4
874353;2022-06-30;764;F;3;1;B;27;30;5
874399;2022-06-30;584;M;3;0;B;63;77;6
874426;2022-06-30;864;F;1;3;B;74;86;7
874501;2022-06-30;164;M;2;3;A;16;17;6
874533;2022-06-30;398;F;4;1;B;74;88;6
874584;2022-06-30;255;M;4;0;B;67;83;6
874598;2022-06-30;910;M;2;2;B;53;62;5
874695;2022-06-30;444;F;2;0;B;35;37;4
874721;2022-06-30;279;M;1;2;B;29;31;5
874801;2022-06-30;761;F;1;4;B;17;18;6
874849;2022-06-30;298;F;4;0;C;23;23;4
874932;2022-06-30;322;M;2;0;B;48;49;7
874936;2022-06-30;277;F;1;3;B;25;27;5
874969;2022-06-30;917;M;1;0;A;56;64;6
875001;2022-06-30;665;M;1;4;B;30;30;6
875029;2022-06-30;498;M;3;2;B;69;78;6
875092;2022-06-30;127;F;4;2;C;33;38;6
875160;2022-06-30;921;M;2;3;B;28;28;6
875226;2022-06-30;881;F;5;1;C;11;11;4
875234;2022-06-30;211;M;2;1;B;57;66;6
875249;2022-06-30;304;F;2;3;B;71;85;7
875285;2022-01-07;277;F;1;3;B;66;74;7
875348;2022-01-07;581;F;4;2;C;25;26;6
875401;2022-01-07;339;F;4;0;C;44;49;5
875488;2022-01-07;789;F;5;1;B;3;3;1
875541;2022-01-07;164;M;2;3;A;25;27;5
875622;2022-01-07;978;F;3;0;C;58;64;6
875708;2022-01-07;106;M;1;0;B;49;52;6
875728;2022-01-07;408;F;4;0;B;25;27;5
875774;2022-01-07;909;M;3;0;B;56;69;6
875786;2022-01-07;584;M;3;0;B;29;34;4
875852;2022-01-07;347;F;4;0;B;44;49;5
875886;2022-01-07;324;F;3;3;B;60;72;6
875973;2022-01-07;549;M;2;3;C;69;84;6
876018;2022-01-07;771;F;4;0;B;61;68;5
876047;2022-01-07;838;F;1;0;C;32;36;3
876116;2022-01-07;996;F;1;4;B;50;56;5
876126;2022-01-07;728;M;2;0;A;64;82;6
876191;2022-01-07;261;F;4;0;B;34;35;5
876273;2022-01-07;720;M;2;3;B;74;88;6
876311;2022-01-07;878;F;4;3;C;63;74;6
876318;2022-01-07;120;F;4;3;A;67;80;6
876356;2022-01-07;821;F;2;3;B;17;17;4
876435;2022-01-07;328;M;2;0;B;51;56;6
876529;2022-01-07;774;F;2;0;B;55;62;6
876600;2022-01-07;71;F;3;1;B;55;64;7
876630;2022-01-07;983;F;4;0;C;38;43;6
876635;2022-01-07;405;F;4;0;B;53;57;5
876668;2022-01-07;851;F;2;0;B;10;10;4
876736;2022-01-07;987;F;1;0;B;6;6;4
876789;2022-01-07;803;F;2;0;A;44;45;6
876886;2022-01-07;193;F;4;0;B;15;15;4
876949;2022-01-07;426;F;3;0;C;39;40;6
876990;2022-01-07;199;M;3;3;B;48;54;6
876999;2022-01-07;725;M;4;0;C;66;69;6
877061;2022-01-07;792;F;2;0;B;12;12;6
877073;2022-01-07;81;F;2;0;B;75;89;6
877082;2022-01-07;755;M;3;4;B;77;87;6
877130;2022-01-07;11;F;4;0;A;39;42;4
877161;2022-01-07;750;M;2;2;C;60;73;5
877202;2022-01-07;409;F;3;4;B;55;62;6
877230;2022-01-07;995;M;3;1;B;69;89;6
877320;2022-01-07;740;F;1;4;C;52;64;5
877339;2022-01-07;877;M;2;0;C;64;81;6
877354;2022-01-07;737;F;2;1;C;26;26;5
877381;2022-01-07;375;M;4;0;B;63;75;6
877472;2022-01-07;728;M;2;0;A;58;73;6
877538;2022-01-07;965;M;3;0;B;31;34;5
877570;2022-01-07;415;F;3;0;B;40;42;6
877624;2022-01-07;62;F;2;0;B;4;4;4
877703;2022-01-07;805;F;3;0;C;12;12;4
877725;2022-01-07;253;F;4;1;B;18;18;5
877798;2022-01-07;330;F;1;0;B;59;70;6
877841;2022-01-07;222;F;4;0;B;24;25;4
877860;2022-01-07;220;M;1;0;B;24;25;5
877892;2022-01-07;931;M;2;0;A;48;54;6
877979;2022-01-07;796;M;2;3;B;61;72;6
878046;2022-01-07;428;F;2;0;A;51;61;5
878097;2022-01-07;514;M;4;0;C;45;52;6
878098;2022-01-07;565;F;1;2;B;53;58;7
878101;2022-01-07;990;F;1;4;B;31;31;5
878198;2022-01-07;894;F;4;3;C;46;47;5
878283;2022-01-07;531;F;3;1;B;67;79;7
878304;2022-06-07;41;M;3;0;C;23;23;5
878314;2022-06-07;722;F;4;0;B;37;39;5
878333;2022-06-07;226;F;4;0;B;18;18;4
878352;2022-06-07;654;M;1;1;B;72;79;6
878396;2022-06-07;688;M;1;1;A;73;88;6
878434;2022-06-07;502;M;4;0;C;72;88;6
878488;2022-06-07;276;F;3;0;B;31;36;5
878522;2022-06-07;679;F;3;3;B;31;34;6
878599;2022-06-07;446;M;1;4;B;10;10;3
878686;2022-06-07;184;M;1;3;B;52;62;5
878759;2022-06-07;64;F;4;0;B;13;13;4
878855;2022-06-07;631;M;1;4;C;48;53;4
878927;2022-06-07;132;M;2;0;A;28;28;5
878961;2022-06-07;38;M;3;0;B;70;78;7
879051;2022-06-07;208;M;3;0;B;17;17;5
879095;2022-06-07;766;F;1;0;B;23;25;5
879126;2022-06-07;309;M;1;0;B;68;84;6
879161;2022-06-07;730;F;2;0;B;7;7;3
879180;2022-06-07;590;M;4;3;B;3;3;3
879198;2022-06-07;750;M;2;2;C;43;49;6
879210;2022-06-07;417;M;4;1;B;30;30;6
879215;2022-06-07;963;M;3;0;B;10;10;2
879268;2022-06-07;320;M;3;4;B;7;7;3
879309;2022-06-07;520;M;1;0;B;46;52;5
879403;2022-06-07;971;F;1;2;A;29;30;5
879494;2022-06-07;180;M;3;4;B;44;48;5
879553;2022-06-07;14;M;1;3;B;47;50;5
879574;2022-06-07;437;F;2;1;C;70;81;7
879578;2022-06-07;679;F;3;3;B;24;26;6
879670;2022-06-07;684;F;3;0;C;32;36;6
879684;2022-06-07;101;F;1;0;C;3;3;2
879736;2022-06-07;336;F;1;0;C;52;55;6
879743;2022-06-07;449;F;2;3;B;44;50;5
879827;2022-06-07;932;M;4;1;B;31;34;5
879869;2022-06-07;227;F;3;0;C;35;37;5
879882;2022-12-07;274;M;1;1;B;59;64;6
879905;2022-12-07;570;F;4;1;C;54;65;7
880003;2022-12-07;601;M;4;0;A;1;1;1
880007;2022-12-07;159;M;1;0;C;36;41;6
880100;2022-12-07;60;F;2;3;B;50;60;6
880156;2022-12-07;719;M;1;0;B;16;17;5
880251;2022-12-07;613;F;3;0;B;40;44;5
880332;2022-12-07;152;F;3;1;C;60;71;6
880398;2022-12-07;810;M;1;0;B;28;32;6
880430;2022-12-07;335;F;3;0;C;52;60;6
880432;2022-12-07;151;F;1;0;B;60;67;7
880448;2022-12-07;140;F;1;0;C;39;41;5
880477;2022-12-07;940;F;1;3;B;17;17;4
880506;2022-12-07;779;M;3;4;A;36;39;5
880570;2022-12-07;705;M;1;0;B;61;71;5
880644;2022-12-07;636;M;2;2;B;40;42;5
880678;2022-12-07;852;M;2;3;B;57;63;5
880690;2022-12-07;764;F;3;1;B;31;35;5
880751;2022-12-07;434;M;1;4;B;23;23;5
880786;2022-12-07;608;F;3;0;C;16;19;3
880879;2022-12-07;641;F;4;0;C;11;11;4
880937;2022-12-07;243;F;1;4;C;49;51;5
880972;2022-12-07;378;F;2;0;C;20;21;5
881027;2022-12-07;540;F;2;0;C;76;87;6
881104;2022-12-07;798;M;5;2;B;5;5;2
881183;2022-12-07;314;F;1;1;A;19;19;5
881190;2022-12-07;368;M;4;0;C;58;72;7
881277;2022-12-07;29;M;2;0;B;18;18;5
881303;2022-12-07;55;F;3;0;B;73;89;7
881359;2022-12-07;726;M;2;0;B;67;87;6
881439;2022-12-07;655;M;2;0;B;66;76;5
881495;2022-12-07;527;F;4;1;B;8;8;2
881508;2022-12-07;707;M;4;0;B;22;25;4
881575;2022-12-07;626;M;3;1;C;49;55;7
881624;2022-12-07;262;M;1;2;B;2;2;2
881721;2022-12-07;169;F;1;1;B;34;36;6
881743;2022-12-07;190;M;1;4;B;50;57;6
881757;2022-12-07;380;M;3;4;B;78;88;6
881844;2022-12-07;524;F;4;3;C;45;51;6
881925;2022-12-07;711;M;4;2;B;66;76;7
881962;2022-12-07;801;M;1;4;B;31;34;5
882042;2022-12-07;986;M;4;0;B;50;53;5
882108;2022-12-07;890;M;3;0;C;66;77;6
882188;2022-12-07;773;M;4;0;B;27;30;4
882269;2022-12-07;96;F;1;1;C;41;45;5
882318;2022-12-07;854;F;5;1;C;66;75;6
882397;2022-12-07;293;M;4;0;B;28;30;4
882433;2022-12-07;82;F;1;1;C;38;41;5
882501;2022-12-07;749;F;4;1;B;25;27;4
882574;2022-12-07;797;M;2;4;B;75;85;5
882623;2022-12-07;540;F;2;0;C;18;19;3
882627;2022-12-07;547;F;3;4;C;6;6;3
882726;2022-12-07;784;F;1;3;B;54;66;6
882734;2022-12-07;265;M;2;3;B;63;71;5
882804;2022-12-07;547;F;3;4;C;47;52;5
882823;2022-12-07;502;M;4;0;C;5;5;2
882896;2022-12-07;34;M;2;0;C;40;42;5
882918;2022-12-07;652;F;4;0;B;4;4;3
882982;2022-12-07;310;M;4;3;C;64;76;6
883073;2022-12-07;575;M;1;4;B;13;13;4
883123;2022-12-07;142;F;1;0;B;35;41;6
883142;2022-12-07;538;M;3;0;B;57;63;5
883241;2022-12-07;232;M;3;1;B;69;78;6
883330;2022-12-07;110;M;3;0;C;51;57;5
883332;2022-12-07;336;F;1;0;C;70;86;6
883402;2022-12-07;395;F;4;1;B;33;35;6
883406;2022-12-07;457;M;3;0;C;71;83;7
883409;2022-12-07;565;F;1;2;B;22;22;4
883443;2022-12-07;856;F;5;1;B;65;78;7
883511;2022-12-07;553;F;4;0;B;44;46;6
883605;2022-12-07;199;M;3;3;B;31;36;5
883697;2022-12-07;587;M;1;0;B;50;55;5
883778;2022-12-07;236;M;2;2;C;64;72;6
883819;2022-12-07;568;F;4;1;A;59;68;6
883829;2022-12-07;397;F;1;0;B;72;84;5
883856;2022-12-07;536;M;4;0;B;13;14;3
883955;2022-12-07;450;M;1;0;B;7;7;4
884001;2022-12-07;787;F;3;0;A;76;88;6
884048;2022-12-07;590;M;4;3;B;32;34;6
884108;2022-12-07;742;M;1;1;C;74;87;6
884184;2022-12-07;222;F;4;0;B;57;67;6
884237;2022-12-07;553;F;4;0;B;60;65;6
884277;2022-12-07;742;M;1;1;C;4;4;2
884345;2022-12-07;617;F;4;3;C;26;28;5
884363;2022-12-07;269;F;3;3;B;51;63;6
884450;2022-12-07;605;M;4;2;B;6;6;3
884477;2022-12-07;229;M;2;2;C;1;1;1
884487;2022-07-13;205;M;2;4;B;67;72;6
884537;2022-07-13;71;F;3;1;B;58;68;7
884588;2022-07-13;13;M;2;1;B;53;55;5
884666;2022-07-13;424;M;1;4;B;30;30;5
884674;2022-07-13;647;M;1;0;C;59;64;6
884758;2022-07-13;730;F;2;0;B;17;17;5
884759;2022-07-13;550;M;4;0;B;3;3;2
884793;2022-07-13;659;F;2;2;B;53;66;5
884874;2022-07-13;93;F;2;0;C;3;3;2
884953;2022-07-13;71;F;3;1;B;22;25;4
885020;2022-07-13;617;F;4;3;C;65;74;7
885065;2022-07-13;433;M;3;3;B;30;35;5
885152;2022-07-13;768;F;4;0;B;67;82;6
885235;2022-07-13;387;M;2;2;B;22;22;5
885242;2022-07-13;230;M;1;4;A;21;22;5
885330;2022-07-13;397;F;1;0;B;34;36;6
885355;2022-07-13;303;M;3;4;B;16;17;4
885438;2022-07-13;438;F;1;0;B;30;35;5
885511;2022-07-13;120;F;4;3;A;49;53;6
885589;2022-07-13;381;F;1;1;B;6;6;3
885622;2022-07-13;785;M;1;4;C;53;59;5
885687;2022-07-13;584;M;3;0;B;27;31;5
885773;2022-07-13;784;F;1;3;B;68;77;6
885829;2022-07-13;360;M;4;0;B;10;10;2
885898;2022-07-13;970;M;2;4;B;54;62;5
885908;2022-07-13;842;M;5;2;B;59;68;6
885928;2022-07-13;760;F;2;0;A;76;84;5
885993;2022-07-13;698;F;2;0;B;4;4;2
886069;2022-07-13;821;F;2;3;B;30;31;6
886141;2022-07-13;410;F;3;3;B;26;28;6
886210;2022-07-13;353;M;1;2;B;18;18;3
886276;2022-07-13;605;M;4;2;B;67;79;6
886322;2022-07-13;196;M;2;0;B;27;32;5
886330;2022-07-13;12;M;1;1;A;74;83;6
886411;2022-07-13;66;M;3;3;B;64;74;5
886424;2022-07-13;535;M;4;0;A;54;59;6
886482;2022-07-13;596;M;2;0;B;8;8;4
886520;2022-07-13;920;F;5;3;B;44;50;6
886578;2022-07-13;255;M;4;0;B;16;16;4
886632;2022-07-13;781;M;4;0;B;36;38;6
886676;2022-07-13;734;F;4;2;B;22;23;6
886754;2022-07-13;827;M;4;0;B;26;27;6
886842;2022-07-13;664;M;3;1;B;15;16;4
886930;2022-07-13;894;F;4;3;C;71;78;7
886964;2022-07-13;894;F;4;3;C;73;85;6
887034;2022-07-13;109;M;2;1;B;76;86;6
887129;2022-07-13;642;M;2;3;B;29;34;6
887222;2022-07-13;49;M;2;0;C;9;9;5
887300;2022-07-13;50;M;4;0;B;14;14;4
887375;2022-07-13;555;M;4;3;A;27;28;5
887463;2022-07-13;916;F;3;4;C;6;6;4
887495;2022-07-13;686;F;3;2;A;1;1;1
887503;2022-07-13;722;F;4;0;B;17;19;5
887508;2022-07-13;580;M;3;0;B;18;19;5
887597;2022-07-13;732;F;3;4;B;41;45;4
887687;2022-07-13;322;M;2;0;B;63;82;7
887743;2022-07-13;785;M;1;4;C;47;57;5
887751;2022-07-13;597;M;3;0;C;69;81;6
887786;2022-07-13;936;F;3;2;B;50;58;5
887793;2022-07-13;510;F;4;0;B;71;83;7
887838;2022-07-13;252;M;2;2;B;67;79;6
887901;2022-07-13;638;M;3;1;B;51;53;5
887975;2022-07-13;319;M;1;4;B;2;2;2
888049;2022-07-13;134;F;3;0;B;77;88;7
888080;2022-07-13;440;F;4;0;C;18;18;4
888160;2022-07-13;916;F;3;4;C;54;67;6
888210;2022-07-13;204;F;3;3;B;17;18;5
888268;2022-07-13;858;F;4;2;C;16;16;3
888345;2022-07-13;816;M;4;0;C;46;48;5
888364;2022-07-13;378;F;2;0;C;40;48;6
888418;2022-07-16;931;M;2;0;A;42;46;6
888506;2022-07-16;109;M;2;1;B;57;64;6
888527;2022-07-16;97;F;4;1;B;54;58;5
888578;2022-07-16;864;F;1;3;B;46;49;6
888629;2022-07-16;787;F;3;0;A;23;24;4
888697;2022-07-16;399;F;4;1;C;32;34;6
888765;2022-07-16;656;M;2;0;C;42;47;4
888863;2022-07-16;180;M;3;4;B;19;21;4
888893;2022-07-16;713;F;1;3;C;55;63;6
888990;2022-07-16;729;M;3;0;B;13;14;5
889014;2022-07-16;802;M;1;1;B;6;6;3
889034;2022-07-16;127;F;4;2;C;71;84;7
889065;2022-07-16;415;F;3;0;B;53;67;6
889108;2022-07-16;331;F;4;0;B;38;44;5
889196;2022-07-16;278;F;3;2;C;44;48;6
889207;2022-07-16;317;M;3;0;B;55;58;5
889213;2022-07-16;596;M;2;0;B;13;13;5
889252;2022-07-16;105;F;4;0;C;9;9;3
889278;2022-07-16;602;M;3;0;B;79;89;6
889375;2022-07-16;7;M;1;3;B;70;77;6
889414;2022-07-16;654;M;1;1;B;23;23;6
889512;2022-07-16;684;F;3;0;C;68;78;6
889557;2022-07-16;882;F;4;1;B;12;13;4
889641;2022-07-16;647;M;1;0;C;74;89;5
889686;2022-07-16;231;F;4;2;B;65;76;6
889689;2022-07-16;174;M;4;3;C;24;26;4
889690;2022-07-16;382;F;3;0;C;54;58;5
889728;2022-07-16;914;M;2;4;B;66;76;5
889759;2022-07-16;247;M;1;0;B;42;45;5
889771;2022-07-16;533;F;4;0;A;43;46;5
889783;2022-07-16;431;F;4;3;B;4;4;2
889816;2022-07-16;201;M;3;0;B;7;7;4
889844;2022-07-16;945;F;2;3;B;60;66;6
889895;2022-07-16;567;F;1;0;C;45;54;7
889899;2022-07-16;237;F;4;3;C;1;1;1
889952;2022-07-16;117;M;2;3;B;42;48;6
890019;2022-07-16;75;M;1;0;B;6;6;4
890060;2022-07-16;596;M;2;0;B;41;41;6
890065;2022-07-16;48;M;4;1;B;65;75;6
890152;2022-07-16;895;M;3;0;B;13;14;5
890153;2022-07-16;665;M;1;4;B;63;73;7
890196;2022-07-16;255;M;4;0;B;15;15;4
890211;2022-07-16;655;M;2;0;B;65;83;6
890284;2022-07-16;68;F;2;1;A;7;7;5
890309;2022-07-16;715;F;3;4;B;48;58;6
890368;2022-07-16;245;F;4;3;B;33;35;6
890391;2022-07-16;541;F;3;0;B;16;18;5
890410;2022-07-16;441;M;4;2;B;35;36;7
890461;2022-07-16;971;F;1;2;A;60;74;6
890485;2022-07-16;597;M;3;0;C;21;23;4
890535;2022-07-16;675;M;4;0;B;38;44;4
890568;2022-07-16;286;M;4;0;B;71;83;5
890606;2022-07-16;219;M;2;0;B;24;24;5
890609;2022-07-16;862;M;4;0;B;52;58;6
890620;2022-07-16;960;F;4;2;B;65;70;6
890677;2022-07-16;85;M;1;0;B;28;29;5
890698;2022-07-16;96;F;1;1;C;45;47;6
890718;2022-07-16;678;F;3;0;C;51;62;5
890779;2022-07-16;513;F;4;3;B;52;62;7
890830;2022-07-16;869;F;3;0;B;35;38;6
890847;2022-07-16;866;M;2;2;C;17;18;5
890884;2022-07-16;548;F;4;0;C;67;83;5
890891;2022-07-16;438;F;1;0;B;23;23;5
890899;2022-07-16;443;F;4;0;C;19;20;4
890907;2022-07-16;482;M;4;2;B;4;4;3
890991;2022-07-16;767;F;1;0;B;59;67;5
891002;2022-07-16;139;F;3;3;B;6;6;2
891094;2022-07-16;691;M;4;0;B;41;46;6
891145;2022-07-16;956;M;5;1;C;48;53;7
891207;2022-07-16;623;F;3;0;C;9;9;3
891302;2022-07-16;812;F;2;0;A;63;67;6
891323;2022-07-16;344;M;3;0;B;13;13;4
891388;2022-07-16;284;M;4;1;B;39;43;5
891450;2022-07-16;100;F;2;3;C;22;23;3
891479;2022-07-16;82;F;1;1;C;42;44;6
891574;2022-07-16;646;F;1;0;B;56;63;6
891649;2022-07-16;501;M;1;0;B;35;40;5
891674;2022-07-16;364;F;4;2;C;65;79;6
891752;2022-07-16;17;M;4;0;B;60;73;6
891762;2022-07-16;206;F;3;1;C;47;56;7
891778;2022-07-16;144;M;1;0;B;17;19;5
891840;2022-07-16;704;F;2;0;C;4;4;3
891902;2022-07-16;931;M;2;0;A;3;3;2
891971;2022-07-16;452;M;1;3;B;12;13;4
892004;2022-07-16;19;F;2;2;C;3;3;3
892027;2022-07-16;233;M;3;0;B;44;49;6
892100;2022-07-16;567;F;1;0;C;16;16;5
892175;2022-07-16;717;F;3;0;B;34;39;5
892199;2022-07-16;230;M;1;4;A;50;54;5
892263;2022-07-16;871;F;1;3;C;9;9;4
892314;2022-07-16;610;M;2;0;B;48;55;6
892338;2022-07-16;144;M;1;0;B;69;83;5
892356;2022-07-16;170;F;4;2;B;16;16;4
892432;2022-07-16;289;F;3;4;C;3;3;3
892530;2022-07-16;223;F;3;0;B;65;69;6
892588;2022-07-16;88;F;1;0;B;60;71;5
892628;2022-07-16;983;F;4;0;C;46;55;5
892662;2022-07-17;705;M;1;0;B;58;77;6
892732;2022-07-17;990;F;1;4;B;47;56;5
892767;2022-07-17;921;M;2;3;B;55;69;6
892816;2022-07-17;589;F;3;2;C;71;86;7
892893;2022-07-17;904;M;1;2;B;18;19;4
892962;2022-07-17;309;M;1;0;B;66;82;6
893035;2022-07-17;946;M;3;0;B;65;82;6
893040;2022-07-17;610;M;2;0;B;49;55;6
893132;2022-07-17;662;F;1;1;B;70;83;7
893178;2022-07-17;873;F;3;0;B;20;21;5
893193;2022-07-17;473;F;4;3;B;72;84;6
893241;2022-07-17;21;M;3;0;B;73;89;6
893292;2022-07-17;867;M;2;3;B;37;40;5
893343;2022-07-17;33;F;2;0;B;23;23;6
893442;2022-07-17;521;F;1;0;A;41;47;6
893475;2022-07-17;217;F;3;0;B;40;43;4
893551;2022-07-17;92;M;4;1;B;17;18;2
893609;2022-07-17;291;F;3;0;C;28;30;5
893705;2022-07-17;79;F;2;0;C;67;76;5
893780;2022-07-17;917;M;1;0;A;1;1;1
893835;2022-07-17;290;F;1;0;B;60;76;5
893903;2022-07-17;295;F;1;3;B;24;24;5
894002;2022-07-17;62;F;2;0;B;32;36;5
894095;2022-07-17;211;M;2;1;B;53;56;4
894147;2022-07-17;823;M;5;3;B;58;66;6
894150;2022-07-17;637;F;1;0;B;15;15;5
894193;2022-07-17;775;F;2;3;B;67;78;6
894209;2022-07-17;422;F;2;4;C;66;77;5
894257;2022-07-17;485;M;3;3;B;46;55;5
894325;2022-07-17;466;F;1;0;C;78;88;6
894389;2022-07-17;730;F;2;0;B;46;53;5
894431;2022-07-17;657;M;2;3;B;46;51;6
894492;2022-07-17;981;F;4;1;C;20;21;5
894548;2022-07-17;923;F;2;4;C;44;49;6
894610;2022-07-17;244;M;4;0;B;23;26;3
894620;2022-07-17;101;F;1;0;C;13;13;5
894715;2022-07-17;777;F;1;0;B;29;32;4
894726;2022-07-17;914;M;2;4;B;72;82;6
894747;2022-07-17;422;F;2;4;C;58;63;7
894770;2022-07-17;705;M;1;0;B;35;39;6
894788;2022-07-17;952;F;3;4;C;42;45;7
894822;2022-07-17;458;F;3;4;C;3;3;1
894905;2022-07-17;574;F;2;2;B;60;71;7
894965;2022-07-17;569;M;1;1;A;1;1;1
894987;2022-07-17;54;M;1;0;A;60;71;5
894993;2022-07-17;133;F;2;0;B;70;78;6
895009;2022-07-17;296;F;1;3;B;17;19;4
895097;2022-07-17;871;F;1;3;C;47;53;6
895155;2022-07-17;537;F;1;4;B;65;76;6
895218;2022-07-17;973;F;4;0;B;8;8;4
895269;2022-07-17;216;F;1;2;B;73;86;6
895320;2022-07-17;327;M;4;2;A;21;23;4
895351;2022-07-17;42;M;2;2;B;68;79;5
895405;2022-07-17;67;M;1;0;B;29;30;4
895472;2022-07-17;572;M;1;0;C;63;71;7
895522;2022-07-17;862;M;4;0;B;22;22;5
895577;2022-07-17;663;F;4;0;B;67;83;6
895673;2022-07-17;161;M;5;2;B;9;9;2
895691;2022-07-17;679;F;3;3;B;60;69;6
895723;2022-07-17;101;F;1;0;C;38;40;5
895771;2022-07-17;604;M;4;0;B;63;72;7
895831;2022-07-17;729;M;3;0;B;3;3;2
895927;2022-07-17;728;M;2;0;A;56;58;6
896018;2022-07-17;402;M;2;0;C;3;3;2
896031;2022-07-17;752;M;3;0;C;30;32;4
896128;2022-07-17;540;F;2;0;C;45;50;7
896162;2022-07-17;886;F;5;1;B;14;14;3
896217;2022-07-17;866;M;2;2;C;25;25;7
896273;2022-07-17;148;M;3;4;A;23;23;6
896368;2022-07-17;534;M;4;1;C;46;48;6
896414;2022-07-17;867;M;2;3;B;58;67;5
896432;2022-07-17;655;M;2;0;B;2;2;1
896472;2022-07-17;502;M;4;0;C;10;10;4
896564;2022-07-17;339;F;4;0;C;23;24;4
896640;2022-07-17;532;F;2;3;B;14;14;2
896716;2022-07-17;375;M;4;0;B;24;26;5
896771;2022-07-17;283;M;4;1;B;77;86;7
896784;2022-07-17;70;F;4;0;B;21;22;5
896882;2022-07-17;883;M;1;0;B;3;3;3
896943;2022-07-17;710;F;3;1;C;27;27;6
896949;2022-07-17;556;F;4;0;B;50;55;6
896969;2022-07-17;839;F;1;3;B;57;67;5
897025;2022-07-17;983;F;4;0;C;42;44;6
897066;2022-07-17;93;F;2;0;C;24;25;6
897083;2022-07-17;920;F;5;3;B;20;20;5
897179;2022-07-17;660;F;3;0;C;35;37;5
897257;2022-07-17;926;M;1;0;B;2;2;2
897323;2022-07-17;588;F;1;4;C;73;89;5
897342;2022-07-17;137;F;4;1;B;56;64;6
897354;2022-07-17;250;F;4;1;B;25;25;4
897451;2022-07-17;966;F;4;2;B;67;88;6
897490;2022-07-17;951;M;2;0;B;55;64;7
897557;2022-07-17;659;F;2;2;B;74;82;6
897608;2022-07-17;482;M;4;2;B;70;78;5
897627;2022-07-17;719;M;1;0;B;62;75;6
897659;2022-07-17;118;M;2;4;A;48;53;5
897676;2022-07-17;821;F;2;3;B;23;24;5
897761;2022-07-24;877;M;2;0;C;58;62;6
897857;2022-07-24;424;M;1;4;B;60;73;6
897956;2022-07-24;969;M;1;3;B;2;2;2
897966;2022-07-24;435;F;2;0;C;25;25;5
897990;2022-07-24;155;F;2;0;B;34;37;5
898010;2022-07-24;19;F;2;2;C;8;8;3
898102;2022-07-24;452;M;1;3;B;7;7;3
898157;2022-07-24;228;F;4;0;C;66;77;6
898187;2022-07-24;971;F;1;2;A;55;61;5
898237;2022-07-24;785;M;1;4;C;2;2;1
898313;2022-07-24;460;F;1;3;B;71;87;6
898390;2022-07-24;10;M;1;0;B;21;22;5
898449;2022-07-24;734;F;4;2;B;70;83;6
898516;2022-07-24;870;F;1;0;B;23;24;5
898593;2022-07-24;347;F;4;0;B;64;76;6
898639;2022-07-24;485;M;3;3;B;49;55;6
898720;2022-07-24;859;M;1;0;B;32;35;6
898735;2022-07-24;989;M;2;0;B;36;40;6
898765;2022-07-24;558;F;5;2;C;37;40;5
898772;2022-07-24;913;M;3;4;C;43;47;4
898774;2022-07-24;581;F;4;2;C;47;49;6
898819;2022-07-24;556;F;4;0;B;7;7;2
898857;2022-07-24;968;F;1;0;B;29;30;6
898920;2022-07-24;395;F;4;1;B;17;18;4
898995;2022-07-24;118;M;2;4;A;73;87;6
899048;2022-07-24;19;F;2;2;C;50;59;6
899081;2022-07-24;166;F;1;0;B;70;86;6
899134;2022-07-24;807;M;1;3;B;67;88;5
899172;2022-07-24;877;M;2;0;C;42;48;5
899200;2022-07-24;613;F;3;0;B;29;34;4
899266;2022-07-24;328;M;2;0;B;61;73;5
899318;2022-07-24;13;M;2;1;B;52;63;5
899402;2022-07-24;879;M;2;2;C;15;15;4
899500;2022-07-24;188;M;2;2;B;55;65;6
899553;2022-07-24;801;M;1;4;B;31;35;6
899636;2022-07-24;313;M;3;0;B;35;44;6
899698;2022-07-24;148;M;3;4;A;69;81;4
899757;2022-07-24;622;F;3;0;B;43;51;5
899823;2022-07-24;481;M;3;0;B;15;15;3
899837;2022-07-24;929;M;4;0;B;27;29;6
899869;2022-07-24;996;F;1;4;B;25;28;5
899941;2022-07-24;219;M;2;0;B;13;13;5
899986;2022-07-24;537;F;1;4;B;56;64;7
900027;2022-07-24;180;M;3;4;B;38;43;5
900045;2022-07-24;172;M;2;0;B;41;43;6
900070;2022-07-24;924;F;2;2;B;19;20;5
900102;2022-07-24;144;M;1;0;B;10;10;2
900106;2022-07-24;39;M;2;0;C;56;65;7
900177;2022-07-24;17;M;4;0;B;70;85;5
900187;2022-07-24;791;F;1;0;B;31;37;6
900229;2022-07-24;748;M;4;0;B;19;19;6
900305;2022-07-24;169;F;1;1;B;73;87;6
900358;2022-07-24;828;F;2;4;B;61;68;6
900451;2022-07-24;722;F;4;0;B;44;53;5
900489;2022-07-24;554;F;3;0;A;10;10;4
900516;2022-07-24;893;F;1;0;B;44;48;5
900583;2022-07-24;594;F;3;1;C;15;15;4
900599;2022-07-24;579;F;3;0;B;41;47;5
900610;2022-07-24;213;M;2;4;B;66;77;6
900640;2022-07-24;991;F;2;2;C;39;43;5
900738;2022-07-24;122;M;3;3;B;67;75;6
900809;2022-07-24;524;F;4;3;C;22;25;4
900904;2022-07-24;302;F;4;3;C;13;14;4
900945;2022-07-24;953;M;1;1;B;63;78;6
901029;2022-07-24;47;F;4;0;B;24;28;5
901043;2022-07-24;385;F;2;0;B;62;68;6
901134;2022-07-30;815;F;2;4;B;45;52;4
901165;2022-07-30;576;M;3;0;B;1;1;1
901210;2022-07-30;304;F;2;3;B;54;60;5
901222;2022-07-30;744;M;4;0;A;27;30;5
901249;2022-07-30;605;M;4;2;B;40;43;6
901312;2022-07-30;226;F;4;0;B;23;27;6
901367;2022-07-30;147;M;1;0;A;38;41;5
901417;2022-07-30;476;M;3;0;C;53;62;6
901425;2022-07-30;997;M;5;2;C;24;27;6
901489;2022-07-30;741;M;3;0;B;6;6;2
901572;2022-07-30;766;F;1;0;B;30;36;5
901578;2022-07-30;96;F;1;1;C;20;24;4
901610;2022-07-30;729;M;3;0;B;30;33;4
901641;2022-07-30;691;M;4;0;B;1;1;1
901687;2022-07-30;406;M;2;4;C;42;50;7
901688;2022-07-30;952;F;3;4;C;10;10;5
901725;2022-07-30;735;F;4;0;B;40;44;6
901736;2022-07-30;463;M;3;3;B;67;75;7
901765;2022-07-30;904;M;1;2;B;67;85;6
901845;2022-07-30;610;M;2;0;B;39;47;6
901919;2022-07-30;130;F;1;0;B;52;56;6
901921;2022-07-30;666;F;2;2;B;21;22;4
901963;2022-07-31;704;F;2;0;C;63;69;7
902017;2022-07-31;925;M;2;0;C;6;6;3
902056;2022-07-31;201;M;3;0;B;38;41;6
902094;2022-07-31;207;F;3;0;B;24;24;5
902099;2022-07-31;269;F;3;3;B;36;38;5
902168;2022-07-31;184;M;1;3;B;58;74;6
902181;2022-07-31;992;F;2;0;B;18;18;4
902192;2022-07-31;669;F;4;0;B;24;26;5
902217;2022-07-31;847;M;4;2;A;47;56;6
902242;2022-07-31;542;M;3;1;B;28;28;6
902278;2022-07-31;887;F;3;0;B;40;44;6
902303;2022-07-31;589;F;3;2;C;70;78;6
902363;2022-07-31;188;M;2;2;B;44;50;5
902441;2022-07-31;328;M;2;0;B;70;89;7
902516;2022-07-31;619;M;4;1;B;24;25;6
902585;2022-07-31;669;F;4;0;B;23;23;5
902683;2022-07-31;50;M;4;0;B;71;85;5
902736;2022-07-31;756;F;1;4;B;31;32;5
902765;2022-07-31;190;M;1;4;B;71;83;6
902831;2022-07-31;312;M;1;0;A;60;67;6
902929;2022-07-31;90;F;2;2;B;5;6;3
902932;2022-07-31;127;F;4;2;C;16;16;4
903024;2022-07-31;928;F;5;1;B;26;26;5
903032;2022-07-31;450;M;1;0;B;55;63;6
903036;2022-07-31;176;F;2;0;B;69;82;7
903118;2022-07-31;563;M;3;0;B;51;56;6
903207;2022-07-31;683;F;3;0;B;10;10;4
903276;2022-07-31;968;F;1;0;B;70;80;6
903334;2022-07-31;673;F;5;1;B;74;89;6
903396;2022-07-31;868;M;4;0;B;21;23;6
903441;2022-07-31;345;F;2;3;B;42;46;6
903502;2022-07-31;129;M;2;0;A;63;75;6
903564;2022-07-31;179;F;2;0;B;67;74;6
903583;2022-07-31;172;M;2;0;B;51;58;5
903657;2022-07-31;932;M;4;1;B;26;27;4
903692;2022-07-31;51;F;3;0;B;41;47;6
903766;2022-07-31;364;F;4;2;C;55;60;6
903771;2022-07-31;249;F;4;0;B;20;21;4
903851;2022-07-31;319;M;1;4;B;43;47;5
903873;2022-07-31;334;M;3;0;C;63;72;6
903888;2022-07-31;33;F;2;0;B;30;31;5
903984;2022-07-31;404;M;4;0;B;29;31;6
904064;2022-07-31;839;F;1;3;B;64;76;7
904137;2022-07-31;659;F;2;2;B;10;10;3
904170;2022-07-31;690;F;1;3;B;55;61;6
904258;2022-07-31;470;M;3;1;B;2;2;2
904282;2022-07-31;635;F;4;0;B;65;76;5
904361;2022-07-31;345;F;2;3;B;69;79;7
904371;2022-07-31;807;M;1;3;B;73;89;6
904375;2022-07-31;989;M;2;0;B;15;15;4
904402;2022-07-31;941;M;2;3;B;5;5;2
904477;2022-07-31;379;F;4;0;C;39;45;5
904564;2022-07-31;540;F;2;0;C;41;46;5
904581;2022-07-31;166;F;1;0;B;55;65;6
904611;2022-07-31;261;F;4;0;B;21;22;4
904656;2022-07-31;448;F;2;0;A;15;18;5
904687;2022-07-31;425;F;3;0;B;6;6;4
904732;2022-07-31;532;F;2;3;B;4;4;2
904765;2022-07-31;587;M;1;0;B;70;81;6
904772;2022-06-08;425;F;3;0;B;3;3;1
904865;2022-06-08;651;F;2;0;B;69;75;6
904946;2022-06-08;355;M;3;4;B;43;47;4
904994;2022-06-08;910;M;2;2;B;28;29;6
905062;2022-06-08;428;F;2;0;A;38;41;5
905112;2022-06-08;370;M;1;4;B;18;18;6
905130;2022-06-08;335;F;3;0;C;76;87;6
905161;2022-06-08;555;M;4;3;A;50;54;5
905253;2022-06-08;475;F;4;3;B;19;20;3
905283;2022-06-08;898;F;4;0;C;53;54;5
905294;2022-06-08;59;M;2;0;A;10;10;4
905377;2022-06-08;395;F;4;1;B;59;67;7
905379;2022-06-08;220;M;1;0;B;78;89;6
905431;2022-06-08;52;F;1;0;A;16;16;3
905467;2022-06-08;403;M;3;2;B;61;76;6
905497;2022-06-08;930;F;4;1;B;48;51;7
905573;2022-06-08;227;F;3;0;C;37;43;6
905625;2022-06-08;228;F;4;0;C;80;88;7
905680;2022-06-08;24;F;4;0;C;26;29;4
905736;2022-06-08;488;M;3;2;B;33;36;5
905815;2022-06-08;839;F;1;3;B;42;47;6
905849;2022-06-08;637;F;1;0;B;35;37;6
905903;2022-06-08;634;F;2;0;C;16;16;4
905953;2022-06-08;833;F;1;4;B;9;9;3
906035;2022-06-08;6;F;2;0;B;70;85;6
906049;2022-06-08;62;F;2;0;B;22;25;4
906141;2022-06-08;734;F;4;2;B;72;81;7
906173;2022-06-08;51;F;3;0;B;58;63;6
906254;2022-06-08;852;M;2;3;B;47;49;6
906340;2022-06-08;789;F;5;1;B;58;68;6
906381;2022-06-08;992;F;2;0;B;36;40;5
906390;2022-06-08;439;F;3;0;B;69;87;6
906487;2022-06-08;574;F;2;2;B;59;69;5
906546;2022-06-08;998;F;2;0;C;21;22;7
906572;2022-06-08;607;F;2;0;B;71;87;6
906580;2022-06-08;511;F;1;0;B;28;30;4
906653;2022-06-08;277;F;1;3;B;40;44;6
906726;2022-06-08;452;M;1;3;B;62;69;7
906775;2022-06-08;955;F;3;2;C;39;43;6
906799;2022-06-08;849;F;5;1;B;52;60;5
906824;2022-06-08;605;M;4;2;B;10;10;3
906888;2022-06-08;818;F;2;0;B;5;5;3
906934;2022-06-08;668;M;1;0;A;2;2;1
906975;2022-06-08;681;M;1;0;C;66;75;6
907033;2022-06-08;969;M;1;3;B;39;45;4
907125;2022-06-08;977;M;1;0;C;29;32;4
907141;2022-06-08;800;M;1;0;C;68;79;6
907228;2022-06-08;261;F;4;0;B;22;27;5
907279;2022-06-08;162;F;1;1;B;42;50;6
907338;2022-06-08;981;F;4;1;C;59;69;6
907373;2022-06-08;535;M;4;0;A;14;15;3
907428;2022-12-08;682;F;2;2;B;2;2;2
907444;2022-12-08;887;F;3;0;B;19;20;4
907487;2022-12-08;85;M;1;0;B;12;14;5
907505;2022-12-08;714;M;1;0;B;50;53;6
907534;2022-12-08;387;M;2;2;B;3;3;3
907628;2022-12-08;475;F;4;3;B;44;46;6
907669;2022-12-08;987;F;1;0;B;69;79;7
907759;2022-12-08;760;F;2;0;A;70;82;6
907772;2022-12-08;65;M;4;0;B;59;70;5
907849;2022-12-08;276;F;3;0;B;68;79;7
907878;2022-12-08;699;F;1;0;C;64;75;6
907942;2022-12-08;223;F;3;0;B;30;32;6
908034;2022-12-08;206;F;3;1;C;43;48;4
908064;2022-12-08;547;F;3;4;C;66;80;6
908081;2022-12-08;803;F;2;0;A;49;58;7
908168;2022-12-08;115;M;4;0;B;25;28;5
908221;2022-12-08;316;F;3;2;B;69;89;6
908225;2022-12-08;377;F;1;0;B;64;75;5
908228;2022-12-08;456;M;1;4;B;70;80;7
908233;2022-12-08;895;M;3;0;B;65;73;6
908271;2022-12-08;123;F;3;2;B;23;23;5
908360;2022-12-08;482;M;4;2;B;4;4;3
908445;2022-12-08;42;M;2;2;B;68;81;7
908463;2022-12-08;744;M;4;0;A;5;5;2
908558;2022-12-08;713;F;1;3;C;52;61;7
908603;2022-12-08;114;F;3;3;B;67;75;7
908613;2022-12-08;721;M;3;2;C;59;69;5
908643;2022-12-08;342;M;3;0;B;52;61;7
908723;2022-12-08;800;M;1;0;C;34;35;5
908727;2022-12-08;750;M;2;2;C;40;46;5
908799;2022-12-08;958;M;2;3;B;58;65;6
908822;2022-12-08;997;M;5;2;C;22;22;5
908871;2022-12-08;50;M;4;0;B;1;1;1
908965;2022-12-08;923;F;2;4;C;69;85;7
909064;2022-12-08;659;F;2;2;B;46;51;7
909122;2022-12-08;33;F;2;0;B;68;79;6
909125;2022-12-08;749;F;4;1;B;17;18;5
909160;2022-12-08;717;F;3;0;B;73;86;7
909236;2022-12-08;675;M;4;0;B;26;33;5
909321;2022-12-08;451;M;3;0;C;17;17;4
909333;2022-12-08;987;F;1;0;B;67;79;6
909341;2022-12-08;738;M;1;0;C;28;29;4
909429;2022-12-08;305;F;4;0;B;51;59;6
909505;2022-12-08;797;M;2;4;B;19;20;4
909527;2022-12-08;558;F;5;2;C;43;51;5
909546;2022-12-08;170;F;4;2;B;38;47;6
909595;2022-12-08;173;F;1;0;B;72;84;5
909669;2022-12-08;613;F;3;0;B;27;28;5
909725;2022-12-08;361;F;1;0;C;43;48;4
909781;2022-12-08;131;F;2;0;C;42;46;6
909863;2022-12-08;119;F;3;2;B;66;78;6
909897;2022-12-08;999;M;2;2;C;67;83;4
909907;2022-12-08;311;F;4;0;C;8;8;2
909916;2022-12-08;718;F;3;2;B;3;3;2
909973;2022-12-08;559;F;3;1;A;74;89;6
909989;2022-12-08;369;F;3;4;C;56;60;6
910080;2022-12-08;144;M;1;0;B;44;46;6
910108;2022-12-08;857;F;2;2;B;52;57;6
910118;2022-12-08;898;F;4;0;C;58;64;6
910156;2022-12-08;257;M;1;4;C;50;57;6
910226;2022-12-08;62;F;2;0;B;48;55;4
910317;2022-12-08;741;M;3;0;B;63;70;7
910379;2022-12-08;673;F;5;1;B;45;45;4
910408;2022-12-08;732;F;3;4;B;12;13;4
910481;2022-12-08;547;F;3;4;C;23;24;5
910564;2022-12-08;104;F;3;2;B;44;50;6
910628;2022-12-08;488;M;3;2;B;34;40;5
910701;2022-12-08;201;M;3;0;B;68;77;6
910735;2022-12-08;665;M;1;4;B;53;61;5
910819;2022-12-08;188;M;2;2;B;1;1;1
910842;2022-12-08;50;M;4;0;B;45;57;5
910903;2022-12-08;899;F;4;0;C;56;68;6
910915;2022-12-08;73;M;1;0;A;66;71;7
910924;2022-12-08;624;M;4;0;B;31;34;6
910974;2022-12-08;444;F;2;0;B;35;39;4
911006;2022-12-08;295;F;1;3;B;8;8;3
911048;2022-12-08;180;M;3;4;B;50;58;6
911055;2022-12-08;993;M;5;1;B;49;56;5
911113;2022-12-08;722;F;4;0;B;36;40;5
911144;2022-12-08;771;F;4;0;B;53;62;7
911156;2022-12-08;906;M;2;0;A;28;29;5
911185;2022-12-08;371;F;4;0;B;72;84;7
911223;2022-12-08;955;F;3;2;C;37;41;6
911242;2022-12-08;797;M;2;4;B;63;74;4
911244;2022-12-08;490;F;2;4;C;50;59;5
911308;2022-12-08;558;F;5;2;C;43;46;4
911388;2022-08-15;38;M;3;0;B;53;59;5
911450;2022-08-15;614;F;4;1;B;60;74;6
911458;2022-08-15;730;F;2;0;B;40;42;4
911493;2022-08-15;906;M;2;0;A;47;54;5
911529;2022-08-15;10;M;1;0;B;45;51;5
911579;2022-08-15;667;F;4;0;C;57;69;6
911636;2022-08-15;130;F;1;0;B;65;79;5
911653;2022-08-15;774;F;2;0;B;54;64;6
911676;2022-08-15;258;F;1;0;B;31;32;5
911710;2022-08-15;591;M;4;1;B;47;57;7
911774;2022-08-15;675;M;4;0;B;16;17;3
911834;2022-08-15;917;M;1;0;A;29;30;4
911845;2022-08-15;224;M;4;0;B;67;82;7
911856;2022-08-15;192;F;4;0;B;42;48;6
911948;2022-08-15;397;F;1;0;B;2;2;1
911960;2022-08-15;87;M;3;2;A;50;52;6
911987;2022-08-15;143;F;1;4;B;18;18;5
912037;2022-08-15;535;M;4;0;A;14;14;3
912124;2022-08-15;890;M;3;0;C;15;15;4
912192;2022-08-15;404;M;4;0;B;32;33;6
912198;2022-08-15;723;M;4;0;B;34;35;6
912285;2022-08-15;652;F;4;0;B;24;26;5
912314;2022-08-15;469;M;4;2;C;8;9;3
912409;2022-08-15;361;F;1;0;C;42;48;6
912487;2022-08-15;243;F;1;4;C;25;26;6
912528;2022-08-15;481;M;3;0;B;54;64;5
912596;2022-08-15;83;M;1;4;B;14;14;5
912621;2022-08-15;858;F;4;2;C;11;12;4
912676;2022-08-15;831;F;4;2;B;68;78;6
912731;2022-08-15;969;M;1;3;B;59;68;5
912751;2022-08-15;667;F;4;0;C;42;48;6
912804;2022-08-15;421;M;3;3;C;60;71;5
912824;2022-08-15;661;M;3;0;B;3;3;2
912895;2022-08-15;559;F;3;1;A;30;35;6
912923;2022-08-15;896;M;3;0;B;50;53;6
913009;2022-08-15;504;M;3;0;B;20;20;6
913084;2022-08-15;275;M;4;0;B;34;38;6
913151;2022-08-15;625;F;4;0;C;17;19;4
913157;2022-08-15;876;F;2;3;B;50;53;5
913178;2022-08-15;560;M;2;0;B;56;61;4
913238;2022-08-15;6;F;2;0;B;36;37;5
913309;2022-08-15;220;M;1;0;B;49;59;6
913386;2022-08-15;936;F;3;2;B;51;64;5
913412;2022-08-15;926;M;1;0;B;67;83;6
913434;2022-08-15;462;F;4;0;A;1;1;1
913460;2022-08-15;511;F;1;0;B;39;51;5
913468;2022-08-15;432;F;1;0;C;46;48;5
913517;2022-08-15;357;M;2;2;C;11;11;4
913567;2022-08-15;994;M;4;0;C;3;3;3
913582;2022-08-15;246;M;2;2;B;8;8;3
913673;2022-08-15;36;F;3;0;C;69;89;7
913713;2022-08-15;796;M;2;3;B;66;77;6
913758;2022-08-15;67;M;1;0;B;62;70;7
913761;2022-08-15;180;M;3;4;B;45;50;5
913853;2022-08-15;899;F;4;0;C;61;73;6
913941;2022-08-15;585;F;2;4;B;66;80;6
913952;2022-08-15;592;F;2;0;C;52;55;5
913960;2022-08-15;802;M;1;1;B;24;25;4
913997;2022-08-15;711;M;4;2;B;72;82;7
914043;2022-08-15;129;M;2;0;A;58;67;6
914064;2022-08-15;149;M;1;3;A;62;72;6
914160;2022-08-15;337;M;3;0;B;15;15;6
914250;2022-08-15;10;M;1;0;B;57;71;7
914281;2022-08-15;537;F;1;4;B;52;57;5
914348;2022-08-15;715;F;3;4;B;1;1;1
914378;2022-08-15;415;F;3;0;B;40;45;6
914461;2022-08-15;88;F;1;0;B;49;58;7
914548;2022-08-15;633;F;3;0;C;12;12;2
914562;2022-08-15;888;F;4;2;B;62;78;6
914649;2022-08-15;438;F;1;0;B;30;32;4
914674;2022-08-15;578;M;4;0;B;68;84;5
914741;2022-08-15;797;M;2;4;B;10;11;4
914786;2022-08-15;805;F;3;0;C;35;40;4
914801;2022-08-15;856;F;5;1;B;18;19;4
914816;2022-08-15;223;F;3;0;B;29;33;4
914851;2022-08-15;639;M;2;0;C;24;25;3
914863;2022-08-15;100;F;2;3;C;29;30;4
914879;2022-08-15;339;F;4;0;C;42;47;7
914975;2022-08-15;554;F;3;0;A;47;51;7
915009;2022-08-15;120;F;4;3;A;55;64;5
915093;2022-08-15;284;M;4;1;B;36;38;6
915180;2022-08-15;465;F;3;0;B;45;49;5
915200;2022-08-15;467;F;2;2;B;71;79;7
915285;2022-08-15;899;F;4;0;C;1;1;1
915365;2022-08-15;276;F;3;0;B;36;39;6
915422;2022-08-15;791;F;1;0;B;43;51;6
915463;2022-08-15;927;M;1;1;C;6;6;3
915534;2022-08-15;640;M;4;0;C;27;28;4
915584;2022-08-15;990;F;1;4;B;34;34;4
915633;2022-08-15;172;M;2;0;B;30;30;4
915680;2022-08-15;74;M;3;0;C;2;2;2
915747;2022-08-15;869;F;3;0;B;66;78;5
915771;2022-08-15;586;F;4;2;B;66;83;6
915804;2022-08-15;86;F;4;3;C;71;86;6
915857;2022-08-15;127;F;4;2;C;46;55;6
915933;2022-08-15;400;F;4;1;C;38;42;5
916007;2022-08-15;755;M;3;4;B;18;18;5
916058;2022-08-15;82;F;1;1;C;63;75;6
916112;2022-08-17;14;M;1;3;B;17;20;4
916138;2022-08-17;388;F;4;3;B;43;47;5
916165;2022-08-17;140;F;1;0;C;47;54;5
916244;2022-08-17;770;M;2;3;B;21;23;5
916309;2022-08-17;845;F;3;3;C;58;65;6
916401;2022-08-17;971;F;1;2;A;58;63;6
916474;2022-08-17;67;M;1;0;B;75;88;4
916481;2022-08-17;59;M;2;0;A;8;8;3
916535;2022-08-17;199;M;3;3;B;26;27;5
916611;2022-08-17;327;M;4;2;A;41;43;6
916707;2022-08-17;494;F;5;1;C;42;44;5
916781;2022-08-17;917;M;1;0;A;57;68;6
916838;2022-08-17;721;M;3;2;C;7;7;3
916878;2022-08-17;91;M;3;0;B;71;86;6
916938;2022-08-17;694;M;4;0;C;41;42;5
917029;2022-08-17;559;F;3;1;A;75;86;4
917030;2022-08-17;614;F;4;1;B;17;17;5
917050;2022-08-17;908;M;3;2;C;75;89;6
917073;2022-08-17;461;M;3;4;C;9;9;3
917088;2022-08-17;832;F;1;0;B;34;38;5
917132;2022-08-17;155;F;2;0;B;39;43;5
917155;2022-08-17;982;M;4;3;B;23;25;4
917163;2022-08-17;648;M;1;0;B;34;37;5
917219;2022-08-17;154;M;2;3;B;44;50;7
917296;2022-08-17;73;M;1;0;A;22;23;4
917300;2022-08-17;167;M;1;1;A;44;47;6
917356;2022-08-17;776;F;2;0;B;61;67;6
917387;2022-08-17;343;F;1;0;B;43;47;5
917426;2022-08-17;253;F;4;1;B;74;84;7
917486;2022-08-17;911;F;2;0;B;47;54;7
917522;2022-08-17;338;M;2;0;B;54;62;6
917535;2022-08-17;276;F;3;0;B;27;31;4
917611;2022-08-17;477;F;4;0;B;44;48;5
917693;2022-08-17;514;M;4;0;C;24;26;7
917763;2022-08-17;197;F;2;0;B;58;66;6
917802;2022-08-17;87;M;3;2;A;39;42;5
917825;2022-08-17;671;M;2;0;C;26;29;6
917909;2022-08-17;698;F;2;0;B;49;53;5
917953;2022-08-17;426;F;3;0;C;29;30;7
917986;2022-08-17;891;F;3;2;B;69;88;7
918075;2022-08-17;387;M;2;2;B;26;28;5
918125;2022-08-17;865;F;1;0;B;58;68;4
918214;2022-08-17;133;F;2;0;B;18;18;4
918283;2022-08-17;611;M;4;0;B;23;25;6
918357;2022-08-17;281;F;2;0;B;45;51;6
918442;2022-08-17;762;F;2;0;B;45;49;4
918443;2022-08-17;460;F;1;3;B;20;23;6
918482;2022-08-17;168;F;4;3;B;55;59;6
918556;2022-08-17;793;M;1;3;B;11;11;5
918566;2022-08-17;709;F;3;0;B;67;78;6
918662;2022-08-17;841;M;1;0;B;38;40;5
918673;2022-08-17;789;F;5;1;B;2;2;1
918729;2022-08-17;215;M;2;4;B;57;68;5
918760;2022-08-17;818;F;2;0;B;64;71;6
918813;2022-08-17;23;M;3;0;B;54;62;5
918827;2022-08-17;706;F;2;0;A;61;69;7
918871;2022-08-17;210;M;2;2;C;42;46;5
918933;2022-08-17;952;F;3;4;C;31;34;6
918970;2022-08-17;592;F;2;0;C;24;25;4
919017;2022-08-17;969;M;1;3;B;65;75;6
919019;2022-08-17;969;M;1;3;B;63;75;6
919066;2022-08-17;74;M;3;0;C;69;86;6
919161;2022-08-17;838;F;1;0;C;75;87;5
919229;2022-08-17;830;F;5;1;B;46;50;5
919269;2022-08-17;723;M;4;0;B;19;20;5
919279;2022-08-19;955;F;3;2;C;49;55;6
919332;2022-08-19;919;F;2;0;C;72;85;6
919415;2022-08-19;142;F;1;0;B;34;34;6
919480;2022-08-19;402;M;2;0;C;61;74;6
919487;2022-08-19;871;F;1;3;C;40;45;5
919511;2022-08-19;932;M;4;1;B;43;52;5
919578;2022-08-19;567;F;1;0;C;71;85;7
919626;2022-08-19;758;F;3;0;B;74;89;6
919655;2022-08-19;18;M;4;0;C;67;83;5
919682;2022-08-19;332;F;3;4;C;48;57;5
919716;2022-08-19;801;M;1;4;B;65;81;6
919770;2022-08-19;888;F;4;2;B;59;70;7
919822;2022-08-19;155;F;2;0;B;58;67;5
